call_id,call_date,caller_type,agent_name,restaurant_name,phone,outcome,pos_captured,poc_name,poc_role,availability_window,poc_email
C001433,2026-06-11,ai,dialler-02,Nine Bridges Wine Bar,(555) 104-4446,POS Validated,vellum,,,,
C001157,2026-06-24,ai,dialler-01,Ironwood Taqueria,5558404844,Not reached,,,,,
C001810,2026-07-25,ai,dialler-02,FALLOWFIELD KITCHEN,+1 555 874 1796,POS Validated,IRONCLAD,,,,
C000966,2026-06-21,human,Fatima,ROAN TAQUERIA,(555) 512-6514,Data capture incomplete,,,,,
C001097,2026-07-13,human,Sana,Thistle Brasserie,+15553485831,No Answer,,,,,
C000553,2026-06-25,ai,dialler-03,Kettle Table,5553993643,Callback,,,,,
C001437,2026-06-13,human,Zara,Kinship Creamery 1,555-154-3872,Not reached,,,,,
C001548,2026-07-06,ai,dialler-01,Mercado Room,(555) 242-1511,Gatekeeper,,,,,
C001443,2026-06-16,human,Layla,Mercado Bistro,555.494.1684,POS Validated,Cadence,,,,
C001210,2026-06-14,human,Fatima,Tidewater Alehouse,+1 555 115 9442,No Answer,,,,,
C000422,2026-07-23,human,Fatima,Tidewater Steakhouse,+1 555 336 7676,Callback,,,,,
C001033,2026-06-19,ai,dialler-03,Marrow Smoothie 1,+15554018694,Not reached,,,,,
C001344,2026-06-19,ai,dialler-01,Kettle Taqueria,(555) 110-5140,No Answer,,,,,
C000546,2026-06-30,ai,dialler-02,OXBOW BRASSERIE,555.272.5234,POS Validated,Ironclad POS,,,,
C000977,2026-07-20,human,Sana,Plumb Tavern,+1 555 350 5028,Gatekeeper,,,,,
C000187,2026-07-17,human,Sana,Nine Bridges Bakery,+1 555 142 4665,Not reached,,,,,
C001715,2026-07-27,human,Zara,Kinship Bistro,555-989-0084,No Answer,,,,,
C000285,2026-08-01,human,Hiba,Ember Smoothie,+15558692116,Callback,,,,,
C001808,2026-07-15,ai,dialler-02,The Plumb Express,555-435-8141,Callback,,,,,
C000650,2026-07-29,ai,dialler-03,Amber Table Verano Bay,+15557899280,POS Validated,cadence,,,,
C000022,2026-07-09,ai,dialler-01,Wildwood Dining Room,555-831-9889,Callback,,,,,
C000335,2026-07-01,human,Fatima,Nine Bridges Chophouse,(555) 688-3396,Callback,,,,,
C000259,2026-06-10,ai,dialler-02,Sable Bakery Verano Bay,(555) 682-1882,Callback,,,,,
C000376,2026-07-13,human,Zara,The Heron Dining Room,555-409-8444,No Answer,,,,,
C001161,2026-07-21,human,Hiba,Fallowfield Table Verano Bay,+1 555 296 2646,No Answer,,,,,
C000161,2026-07-26,ai,dialler-03,The Tin Roof Alehouse,5554229272,No Answer,,,,,
C000329,2026-07-09,human,Sana,The Bellwether Cantina,555.985.4744,POS Validated,Vellum,Michael Patel,Managing Partner,After 9pm,
C000129,2026-07-27,ai,dialler-02,Saffron Osteria,+1 555 676 5973,Data capture incomplete,,,,,
C000379,2026-06-09,ai,dialler-03,Umber Supper Club,+1 555 572 0830,No Answer,,,,,
C001785,2026-06-12,ai,dialler-01,The Heron House,555-644-4032,Callback,,,,,
C000176,2026-07-05,ai,dialler-02,Northbank Boba,5557530509,Data capture incomplete,,,,,
C000624,2026-07-22,human,Layla,Juniper Kitchen - Sunfield,555.318.7327,Not reached,,,,,
C001551,2026-07-02,ai,dialler-03,Mercado Room,5552421511,Callback,,,,,
C001214,2026-07-25,human,Sana,Zephyr Creamery 1,5552120979,POS Validated,meridian,Marcus Singh,Owner,,marcus.singh@zephyrcreamery1.example
C001595,2026-06-26,human,Zara,Driftwood Bakery,555.425.4748,Data capture incomplete,,,,,
C000576,2026-07-11,ai,dialler-03,Olive & Ash Room,+1 555 173 3531,POS Validated,IRONCLAD,,,,
C001857,2026-07-06,ai,dialler-02,Zephyr Kiosk,555.125.0894,Not reached,,,,,
C001726,2026-06-18,human,Sana,Thistle Taqueria,+1 555 909 4188,POS Validated,Ironclad POS,,,,
C001479,2026-06-20,ai,dialler-02,Larkspur Counter Verano Bay,5553196028,POS Validated,IRONCLAD,,,,
C000202,2026-07-21,ai,dialler-03,THISTLE SUPPER CLUB,+15558464523,Callback,,,,,
C000893,2026-07-22,ai,dialler-03,Amber Kitchen,555.770.7201,Data capture incomplete,,Nicole Chen,,,
C000703,2026-06-26,ai,dialler-01,Tidewater Wine Bar,+1 555 611 9281,Callback,,,,,
C001561,2026-06-29,ai,dialler-03,Marrow Table,5557738524,No Answer,,,,,
C000664,2026-06-20,ai,dialler-03,Oxbow Taqueria,+15554191309,Not reached,,,,,
C000490,2026-07-28,ai,dialler-01,Driftwood To Go,+15557831646,POS Validated,ironclad,Daniel Silva,Operations Manager,,
C000273,2026-06-20,human,Hiba,Cardinal Juice Bar,+1 555 874 8386,No Answer,,,,,
C001258,2026-07-06,ai,dialler-02,OLIVE & ASH CHOPHOUSE,5552478021,Not reached,,,,,
C000003,2026-06-14,human,Fatima,Marigold Osteria,+1 555 429 2603,Data capture incomplete,,,,,
C000197,2026-06-10,ai,dialler-01,Amber Trattoria,555.396.3860,Gatekeeper,,,,,
C000585,2026-07-29,ai,dialler-02,Foxglove Tavern,+15556019822,Callback,,,,,
C001666,2026-06-16,human,Layla,Loam Dining Room,(555) 749-1465,POS Validated,BlueCrest,,,,
C000648,2026-06-13,human,Sana,Plumb Room,5558886139,Gatekeeper,,,,,
C000318,2026-07-19,ai,dialler-02,THISTLE TRATTORIA,555.931.1253,Callback,,,,,
C001022,2026-07-02,ai,dialler-03,Motherland Bistro,(555) 147-3588,No Answer,,,,,
C000862,2026-07-10,ai,dialler-03,Gallow Kitchen,555.220.4942,Callback,,,,,
C000921,2026-07-08,human,Fatima,Understory Grill,+15557544296,POS Validated,VELLUM,Susan Lopez,Owner,Weekends only,
C000719,2026-07-10,ai,dialler-01,Tin Roof Smoothie,555.255.5913,POS Validated,FERNPOST,,,,
C001732,2026-06-15,human,Sana,Bellwether Chophouse,555.728.3254,Data capture incomplete,,,,,
C001464,2026-06-23,ai,dialler-03,Loam Steakhouse - Bayview Flats,+1 555 782 7621,Callback,,,,,
C000017,2026-06-28,ai,dialler-02,Wildwood Osteria,555.147.9463,POS Validated,bluecrest pos,Emily Vasquez,Operations Manager,,
C000699,2026-06-27,ai,dialler-01,Golden Hour Smokehouse,+1 555 285 7292,Gatekeeper,,,,,
C000889,2026-06-25,ai,dialler-03,Amber Kitchen,5557707201,No Answer,,,,,
C001335,2026-06-09,human,Hiba,Cobalt Supper Club,+15552993532,POS Validated,Rivet,Grace Chen,General Manager,Mon-Fri 10am-12pm,
C000854,2026-07-07,human,Fatima,Driftwood Creamery,5559585462,Data capture incomplete,,,,,
C001196,2026-06-18,ai,dialler-01,Ironwood Bakery,+15553374049,No Answer,,,,,
C000238,2026-07-20,ai,dialler-03,Larkspur Deli Verano Bay,+15558622944,Not reached,,,,,
C001071,2026-07-08,ai,dialler-03,Cardinal Juice Bar 1,5555562775,Callback,,,,,
C000130,2026-07-24,ai,dialler-03,Saffron Osteria,5556765973,No Answer,,,,,
C000814,2026-07-11,ai,dialler-02,Oxbow Cafe,+1 555 730 3997,No Answer,,,,,
C000519,2026-06-26,ai,dialler-03,OLIVE & ASH SANDWICH SHOP,+1 555 445 6225,No Answer,,,,,
C001204,2026-06-14,human,Sana,Gallow Kiosk,5558924270,Callback,,,,,
C000015,2026-06-29,human,Fatima,Palisade Bistro,+1 555 372 8108,Gatekeeper,,,,,
C000260,2026-07-23,ai,dialler-01,Bluebird Supper Club,+1 555 630 9806,Not reached,,,,,
C000866,2026-06-16,ai,dialler-03,Zephyr Osteria,+1 555 824 3081,Callback,,,,,
C000823,2026-07-28,human,Fatima,Mercado Trattoria,5559736840,POS Validated,Meridian Server,,,,
C001668,2026-06-22,human,Layla,Loam Dining Room,5557491465,Callback,,,,,
C000514,2026-07-25,human,Layla,Nine Bridges Osteria,+15552019667,Gatekeeper,,,,,
C001220,2026-07-07,human,Hiba,Thistle Cantina,(555) 246-9789,POS Validated,Meridian,Raj Okafor,Owner,,
C001423,2026-06-26,ai,dialler-03,NINE BRIDGES KITCHEN,555.397.8723,No Answer,,,,,
C001541,2026-06-12,ai,dialler-02,Foxglove Brasserie,5554861457,Callback,,,,,
C000904,2026-06-23,ai,dialler-02,The Quill Wine Bar,5557002920,Data capture incomplete,,,,,
C001840,2026-06-20,human,Layla,Little Bear Room,+1 555 620 2962,No Answer,,,,,
C001076,2026-06-15,human,Layla,Redbird Deli,(555) 536-8094,Not reached,,,,,
C001771,2026-06-23,human,Hiba,Blue Heron Taqueria - Calder Park,5555229877,Not reached,,,,,
C000986,2026-07-31,human,Sana,The Hearth Dining Room,5557537305,No Answer,,,,,
C001375,2026-06-27,ai,dialler-01,The Inkwell Steakhouse,+15558228998,POS Validated,IRONCLAD,,,,
C000446,2026-06-15,human,Fatima,Sable Room,555.199.7142,Not reached,,,,,
C000626,2026-08-02,human,Hiba,The Motherland Creamery,+1 555 827 6490,No Answer,,,,,
C001725,2026-06-10,ai,dialler-02,Golden Hour Juice Bar - Kingsway,555-481-0446,Callback,,,,,
C001456,2026-07-27,ai,dialler-02,Larkspur Smokehouse,555.602.1457,No Answer,,,,,
C001838,2026-07-24,ai,dialler-02,The Little Bear Room,5556202962,No Answer,,,,,
C001601,2026-06-09,ai,dialler-02,Golden Hour Trattoria - Bayview Flats,5559256216,Callback,,,,,
C000192,2026-06-22,ai,dialler-01,Fernwood Trattoria,555-622-5885,Gatekeeper,,,,,
C001831,2026-07-13,ai,dialler-02,Kinship Juice Bar 1,(555) 363-6208,No Answer,,,,,
C000774,2026-06-28,ai,dialler-03,Copper Room,+1 555 850 5021,Not reached,,,,,
C000557,2026-07-11,ai,dialler-02,Amber Coffee,555-739-4907,Data capture incomplete,,,,,
C001694,2026-07-24,human,Hiba,Nightjar Kitchen - Ferrymead,555-357-4301,POS Validated,Rivet Pay,Daniel Johnson,Owner,,daniel.johnson@nightjarkitchen.example
C001556,2026-07-27,human,Layla,Blue Heron Steakhouse,555-863-6260,POS Validated,Meridian (legacy),Nicole Rossi,Co-Owner,,
C000777,2026-07-24,human,Zara,The Nightjar Brasserie,+15554571425,Callback,,,,,
C001127,2026-07-16,ai,dialler-02,Ironwood Sandwich Shop Restaurant,555.368.1296,No Answer,,,,,
C001247,2026-06-09,ai,dialler-02,The Gallow Brasserie,(555) 333-3266,No Answer,,,,,
C001351,2026-07-12,human,Layla,Understory Room,(555) 283-3537,No Answer,,,,,
C001331,2026-07-29,ai,dialler-02,The Roan Smoothie,555-280-4322,Data capture incomplete,,Sean Singh,,,
C000946,2026-07-13,human,Fatima,Loam Sandwich Shop Verano Bay,5558706534,No Answer,,,,,
C001782,2026-07-02,human,Zara,Cardinal Cantina,555-486-5259,No Answer,,,,,
C001612,2026-07-18,ai,dialler-01,Dovetail House,555.836.2332,Not reached,,,,,
C001233,2026-08-01,human,Hiba,Prairie Deli,5557915596,No Answer,,,,,
C001489,2026-06-21,human,Fatima,Sixpence Trattoria,555.551.7565,No Answer,,,,,
C001036,2026-06-13,human,Layla,Juniper Osteria,555.543.1894,Callback,,,,,
C001275,2026-07-12,ai,dialler-03,The Nightjar Taqueria,+15552351065,No Answer,,,,,
C000251,2026-07-15,human,Hiba,The Sparrow Supper Club,(555) 433-9255,POS Validated,meridian,,,,
C001568,2026-07-07,ai,dialler-01,Silverfin Supper Club Restaurant,+1 555 982 6948,POS Validated,meridian,,,,
C001704,2026-08-01,ai,dialler-01,Foxtail Cantina,+15559297546,No Answer,,,,,
C000616,2026-06-20,ai,dialler-03,The Bluebird Brasserie,555.616.7261,Callback,,,,,
C001553,2026-07-07,ai,dialler-03,Sparrow Table,5559252887,Callback,,,,,
C001126,2026-06-23,ai,dialler-03,Ironwood Sandwich Shop,+15553681296,Callback,,,,,
C001206,2026-08-01,human,Fatima,Gallow Kiosk Restaurant,5558924270,No Answer,,,,,
C001174,2026-07-14,human,Layla,AMBER STEAKHOUSE,+15556363079,POS Validated,Ironclad,Nadia Le,GM,,
C000693,2026-07-16,human,Layla,Jackdaw Alehouse,+1 555 940 7431,No Answer,,,,,
C001008,2026-06-29,ai,dialler-02,Plumb Wine Bar,555.632.4586,Not reached,,,,,
C000857,2026-06-14,ai,dialler-01,Wren Donuts,+1 555 831 2912,Not reached,,,,,
C000621,2026-07-24,human,Fatima,Cobalt Kitchen,5554784952,POS Validated,Cadence Mini,Grace Hernandez,Managing Partner,,
C000865,2026-06-25,ai,dialler-01,ZEPHYR OSTERIA,555.824.3081,POS Validated,Ironclad,,,,
C001234,2026-07-11,human,Sana,Prairie Deli - Sablewood,(555) 791-5596,POS Validated,vellum pos,Ana Garcia,General Manager,Before 11am,ana.garcia@prairiedeli.example
C001095,2026-06-25,human,Sana,Thistle Brasserie - Sunfield,555.348.5831,No Answer,,,,,
C000940,2026-07-14,ai,dialler-02,Tallgrass Dining Room,5558569032,Data capture incomplete,,David Chen,,,
C001750,2026-08-01,ai,dialler-03,Vesper Supper Club,555.268.5490,No Answer,,,,,
C000762,2026-06-19,human,Fatima,Stonecutter Oyster Bar,+15559365786,POS Validated,VELLUM,,,,
C000858,2026-06-30,ai,dialler-01,Bramble Cantina,+1 555 201 0991,Data capture incomplete,,,,,
C001403,2026-06-15,ai,dialler-01,Zephyr Bakery,555-334-9559,Callback,,,,,
C001820,2026-06-25,human,Hiba,The Harrow Tavern,5559386109,Not reached,,,,,
C001263,2026-07-30,human,Layla,Gallow Taqueria - Marisol,+1 555 561 2338,Data capture incomplete,,,,,
C000126,2026-06-25,human,Fatima,Kinship Taqueria Verano Bay,(555) 145-6827,No Answer,,,,,
C000419,2026-07-28,human,Fatima,Kettle Grill,+1 555 331 4451,Callback,,,,,
C000742,2026-07-12,ai,dialler-02,Olive & Ash Trattoria,(555) 457-1339,Data capture incomplete,,,,,
C001193,2026-07-02,ai,dialler-03,Tallgrass Brasserie Restaurant,+15559577509,Not reached,,,,,
C000998,2026-07-31,ai,dialler-01,Gallow Deli - Bayview Flats,+1 555 723 6254,Gatekeeper,,,,,
C001320,2026-08-02,ai,dialler-01,Juniper Chophouse,5555032669,No Answer,,,,,
C001048,2026-07-17,human,Layla,Olive & Ash Smoothie,555.216.2459,No Answer,,,,,
C001640,2026-06-24,human,Sana,Magpie Wine Bar,(555) 363-7092,No Answer,,,,,
C000667,2026-07-09,human,Zara,Bellwether Smoothie 1 Restaurant,5557810274,POS Validated,Meridian,Paul Rossi,Owner,,paul.rossi@bellwethersmoothie.example
C001538,2026-06-16,ai,dialler-03,LARKSPUR TRATTORIA,+1 555 738 2144,Gatekeeper,,,,,
C000550,2026-07-13,ai,dialler-03,Magpie Kiosk,(555) 377-2256,No Answer,,,,,
C000337,2026-06-29,human,Sana,Harrow Grill,555.950.0363,Not reached,,,,,
C001185,2026-06-10,human,Fatima,LOAM BAKERY,(555) 140-8104,Callback,,,,,
C000139,2026-07-31,human,Fatima,Heron Cafe,+15559567375,Callback,,,,,
C000908,2026-07-26,human,Zara,Blue Heron Supper Club,5553493646,No Answer,,,,,
C000863,2026-07-20,human,Sana,Copper Kitchen,555-848-4215,Data capture incomplete,,,,,
C001687,2026-08-02,ai,dialler-01,Little Bear Sandwich Shop,555.983.6685,Callback,,,,,
C001676,2026-06-10,human,Sana,Bellwether Coffee,+1 555 963 2517,No Answer,,,,,
C000065,2026-06-12,human,Layla,Sorrel Trattoria,5555746286,No Answer,,,,,
C000678,2026-06-28,human,Hiba,Kinship Dining Room Restaurant,+15555390639,Not reached,,,,,
C000256,2026-07-19,human,Fatima,Sable Bakery,555.682.1882,No Answer,,,,,
C001329,2026-07-01,human,Hiba,Hearth Bakery Verano Bay,+15555499791,POS Validated,Ironclad POS,Carlos Johnson,Owner,Tue/Thu mornings,carlos.johnson@hearthbakery.example
C000923,2026-06-23,human,Zara,The Nettle Deli 1,5555329902,POS Validated,Fern Post,Emily Chen,Owner,,
C000716,2026-07-15,ai,dialler-02,Rookery Osteria,+15555385752,Not reached,,,,,
C000925,2026-06-22,ai,dialler-02,Foxglove Alehouse,555-435-3105,POS Validated,Rivet Pay,,,,
C000039,2026-06-09,human,Hiba,Ember Dining Room,555-383-0788,POS Validated,meridian,Christina Kim,Owner,Weekdays after 3pm,christina.kim@emberdiningroom.example
C001300,2026-07-17,human,Fatima,Basil & Bone Cafe,+15553709634,Data capture incomplete,,,,,
C001484,2026-07-18,human,Layla,Blue Heron Smokehouse,555.607.2815,Data capture incomplete,,Monica Murphy,,,
C000203,2026-06-24,ai,dialler-01,Kinship Boba,+1 555 543 9711,Not reached,,,,,
C000305,2026-07-27,ai,dialler-03,Yarrow Cafe,+15552789922,No Answer,,,,,
C000340,2026-07-13,human,Zara,Wildwood Bistro,555.564.1735,Gatekeeper,,,,,
C000148,2026-07-19,human,Layla,Quarry Room,5558430541,Callback,,,,,
C000901,2026-06-11,ai,dialler-01,Vesper Alehouse,555.780.8383,Gatekeeper,,,,,
C000450,2026-06-28,human,Sana,Thicket Kiosk Verano Bay,555.510.2785,No Answer,,,,,
C001379,2026-07-07,human,Zara,Bramble Chophouse - Corvo Heights,555-487-6390,POS Validated,Tessera Express,Paul Kim,Operations Manager,,
C001304,2026-06-28,ai,dialler-01,Jackdaw Bistro,555-995-9984,No Answer,,,,,
C000697,2026-07-28,ai,dialler-01,Bellwether Kitchen,+15559967188,Not reached,,,,,
C000200,2026-06-18,ai,dialler-02,Thistle Supper Club,5558464523,POS Validated,Orbit,,,,
C000403,2026-06-16,human,Sana,Violet Chophouse,+1 555 790 1402,Callback,,,,,
C001083,2026-06-16,ai,dialler-01,Yarrow Food Truck,555.291.8643,POS Validated,Cadence Mini,,,,
C001012,2026-06-28,human,Sana,Driftwood Steakhouse,5556158123,No Answer,,,,,
C000504,2026-07-04,ai,dialler-03,PIKE JUICE BAR,555.300.9825,No Answer,,,,,
C000046,2026-06-14,ai,dialler-01,Persimmon Bistro,555-657-2844,POS Validated,Meridian,,,,
C000634,2026-07-02,ai,dialler-03,Verde Bakery,5559239455,Data capture incomplete,,David Brown,,,
C001207,2026-06-10,human,Layla,Oxbow Bakery - Corvo Heights,5559952330,Callback,,,,,
C001865,2026-07-01,ai,dialler-02,GALLOW HOUSE,555-900-8040,Callback,,,,,
C001534,2026-06-11,ai,dialler-03,Warbler Cantina,5559299863,POS Validated,Northstar Restaurant,Hassan Hernandez,Owner,Mon-Fri 10am-12pm,
C001293,2026-06-27,human,Sana,Salt & Vine Bistro,+1 555 423 0259,Not reached,,,,,
C001449,2026-07-20,human,Sana,Roan Boba,555-725-9463,Not reached,,,,,
C000627,2026-07-27,human,Fatima,Tidewater Deli,555-737-4233,No Answer,,,,,
C000953,2026-07-11,human,Fatima,Little Bear Creamery,+15552039178,Callback,,,,,
C000568,2026-06-18,ai,dialler-02,Cobalt Alehouse,555.518.8227,Data capture incomplete,,Rachel Miller,,,
C000689,2026-08-02,human,Hiba,Alder Wine Bar - Harbor Point,5558863833,POS Validated,meridian cloud,Victor Kim,Managing Partner,,
C001874,2026-07-10,ai,dialler-03,Verde Osteria,+15556271295,Not reached,,,,,
C001176,2026-06-28,ai,dialler-03,Tallgrass Room,+15556406643,No Answer,,,,,
C001579,2026-07-29,ai,dialler-02,Stonecutter Brasserie,(555) 829-5726,Gatekeeper,,,,,
C000638,2026-07-09,ai,dialler-01,Rambler Boba - Harbor Point,(555) 441-2099,Not reached,,,,,
C000458,2026-06-22,ai,dialler-01,Golden Hour Room,5555758332,Callback,,,,,
C001110,2026-07-29,human,Zara,Blue Heron Kitchen,(555) 991-9223,Gatekeeper,,,,,
C001679,2026-06-26,ai,dialler-02,Foxtail Table,+1 555 851 0642,POS Validated,cadence,,,,
C000087,2026-07-06,ai,dialler-03,Zephyr Chophouse Restaurant,555-751-5481,No Answer,,,,,
C001163,2026-06-11,ai,dialler-01,Fallowfield Table Verano Bay,+15552962646,No Answer,,,,,
C000205,2026-06-16,human,Hiba,Quarry House,555.251.6300,Data capture incomplete,,Frank Torres,,,
C000482,2026-07-17,ai,dialler-02,TALLGRASS TRATTORIA,+15555261226,No Answer,,,,,
C001303,2026-07-12,ai,dialler-03,Jackdaw Bistro,+1 555 995 9984,Not reached,,,,,
C001322,2026-07-18,human,Zara,Gallow Osteria,+15551838658,Callback,,,,,
C001307,2026-08-01,human,Hiba,Little Bear Tavern,5557587722,Callback,,,,,
C001365,2026-06-17,human,Fatima,Sparrow Oyster Bar,555.903.3943,No Answer,,,,,
C001707,2026-07-12,ai,dialler-03,Bramble Taqueria,5559603193,Data capture incomplete,,Monica Rossi,,,
C001386,2026-06-19,ai,dialler-02,The Larkspur Supper Club,555.632.1450,POS Validated,Ironclad POS,,,,
C001302,2026-06-30,ai,dialler-03,Jackdaw Bistro,5559959984,Callback,,,,,
C000749,2026-06-29,ai,dialler-01,The Rambler Cantina,(555) 223-4047,Gatekeeper,,,,,
C000457,2026-06-15,ai,dialler-02,Golden Hour Room,555.575.8332,Callback,,,,,
C000477,2026-07-03,ai,dialler-01,NORTHBANK TAVERN,+1 555 280 7711,Data capture incomplete,,Luis Chen,,,
C000809,2026-06-12,ai,dialler-02,Copper Steakhouse,555.403.9796,Callback,,,,,
C001478,2026-07-06,ai,dialler-03,Larkspur Counter,+15553196028,Callback,,,,,
C001039,2026-06-24,ai,dialler-02,Orchard Kitchen,5558414766,Data capture incomplete,,,,,
C000378,2026-06-10,human,Layla,Umber Supper Club - Fox Hollow,555-572-0830,POS Validated,ironcladpos,Ahmed Garcia,GM,,ahmed.garcia@umbersupperclub.example
C000943,2026-06-23,ai,dialler-03,Tallgrass Dining Room,555.856.9032,POS Validated,Vellum,Paul Kowalski,GM,Weekends only,paul.kowalski@tallgrassdiningroo.example
C000597,2026-06-24,ai,dialler-02,Bramble Kitchen Restaurant,5555961384,Gatekeeper,,,,,
C000252,2026-06-20,human,Layla,BASIL & BONE TO GO,555.206.6682,No Answer,,,,,
C001733,2026-06-23,human,Zara,Bellwether Chophouse,+1 555 728 3254,No Answer,,,,,
C001362,2026-06-14,ai,dialler-02,Redbird Taqueria - Corvo Heights,(555) 205-1354,Callback,,,,,
C000633,2026-07-22,human,Fatima,Driftwood Chophouse Restaurant,+1 555 548 4384,Not reached,,,,,
C000374,2026-07-04,human,Layla,Magpie Kitchen,5556333160,No Answer,,,,,
C001092,2026-07-27,human,Zara,Kingfisher Wine Bar,+1 555 909 3388,Data capture incomplete,,,,,
C000386,2026-06-14,human,Hiba,The Quill Cantina,+1 555 480 1308,Gatekeeper,,,,,
C000400,2026-06-25,human,Fatima,Violet Chophouse,(555) 790-1402,Data capture incomplete,,,,,
C000476,2026-07-22,ai,dialler-01,The Yarrow Donuts,+15558394390,Callback,,,,,
C000014,2026-06-20,human,Zara,Orchard Steakhouse,(555) 864-0367,POS Validated,Tessera,Tony Novak,Owner,Tue/Thu mornings,
C000554,2026-07-28,ai,dialler-03,Vesper Osteria,+1 555 181 2316,Data capture incomplete,,Robert Rossi,,,
C001240,2026-06-21,ai,dialler-02,Alder Trattoria,555-289-8870,Not reached,,,,,
C001114,2026-06-29,human,Zara,Pike Grill,+15557289782,POS Validated,Meridian Cloud POS,James Johnson,Owner,,
C000464,2026-07-04,human,Sana,Roan Alehouse - Ferrymead,555.918.3459,Not reached,,,,,
C000137,2026-06-17,ai,dialler-03,Redbird Supper Club,555-763-3990,Not reached,,,,,
C001371,2026-07-16,ai,dialler-02,Rookery Kitchen,555.647.2873,Callback,,,,,
C001626,2026-06-27,ai,dialler-03,Kinship Smoothie,5554209875,Data capture incomplete,,,,,
C001872,2026-07-31,ai,dialler-02,Halcyon Cantina - Ferrymead,+15558540356,No Answer,,,,,
C001352,2026-06-22,ai,dialler-02,Harrow Trattoria,+1 555 396 7061,Callback,,,,,
C000772,2026-07-13,human,Fatima,Violet House,555.774.0057,Not reached,,,,,
C001432,2026-06-23,ai,dialler-01,Nine Bridges Wine Bar,555-104-4446,Not reached,,,,,
C000152,2026-07-12,ai,dialler-01,Pike Room,555-535-7262,Callback,,,,,
C001623,2026-06-21,ai,dialler-03,Pike Bakery,555-551-3176,POS Validated,CADENCE,Sofia Johnson,Owner,,
C000357,2026-06-30,ai,dialler-02,Sparrow Juice Bar,+1 555 732 4126,Not reached,,,,,
C000640,2026-06-13,human,Fatima,Heron Kitchen,+1 555 111 3944,Not reached,,,,,
C000109,2026-07-12,ai,dialler-01,Oxbow Table - Stillwater,555-925-5921,POS Validated,Vellum POS,,,,
C001045,2026-06-22,ai,dialler-03,Olive and Ash Smoothie,(555) 216-2459,POS Validated,Cadence POS,,,,
C001789,2026-07-01,ai,dialler-01,Kinship Juice Bar - Sablewood,555-714-1833,No Answer,,,,,
C000581,2026-07-06,human,Zara,Anchor Alehouse Restaurant,555-442-0347,POS Validated,Vellum,,,,
C000806,2026-07-29,ai,dialler-01,Ironwood Tavern,5552246752,Callback,,,,,
C001656,2026-07-02,human,Fatima,Foxtail Room,555-505-7261,POS Validated,Northstar,Michael Novak,Owner,,
C000743,2026-06-21,human,Fatima,Cardinal Smoothie,555-456-3086,Callback,,,,,
C001509,2026-07-18,human,Zara,Cardinal Food Truck,+1 555 305 7742,No Answer,,,,,
C001370,2026-06-16,ai,dialler-03,Rookery Kitchen,5556472873,POS Validated,Vellum,,,,
C001535,2026-08-01,ai,dialler-01,Marrow Supper Club,555-459-0284,Callback,,,,,
C000843,2026-07-29,ai,dialler-01,Basil & Bone Chophouse,(555) 744-8043,No Answer,,,,,
C000903,2026-07-27,human,Zara,Vesper Alehouse Restaurant,(555) 780-8383,No Answer,,,,,
C001046,2026-06-16,ai,dialler-02,Olive & Ash Smoothie,5552162459,No Answer,,,,,
C000025,2026-07-21,human,Hiba,Wildwood Dining Room,555-831-9889,No Answer,,,,,
C000970,2026-07-17,ai,dialler-03,The Tin Roof Wine Bar,555-952-8676,No Answer,,,,,
C001529,2026-06-12,ai,dialler-01,Oxbow Cantina,5552335723,POS Validated,Cadence Mini,Raj Hernandez,General Manager,,
C000707,2026-07-14,human,Hiba,Prairie Grill,+1 555 772 7876,Not reached,,,,,
C001226,2026-07-12,human,Layla,Ember Creamery 1,5553927654,Callback,,,,,
C000171,2026-07-20,ai,dialler-03,Redbird Wine Bar,(555) 844-4150,Data capture incomplete,,,,,
C001675,2026-07-02,ai,dialler-01,Bellwether Coffee,+15559632517,Not reached,,,,,
C001073,2026-07-25,human,Zara,Basil & Bone Osteria,555-916-5753,No Answer,,,,,
C001870,2026-07-03,ai,dialler-03,Jackdaw Oyster Bar - Greenhithe,(555) 462-6327,POS Validated,Meridian Server,,,,
C001164,2026-06-16,human,Zara,The Wren Tavern,555.127.2020,Callback,,,,,
C001069,2026-07-13,ai,dialler-02,Rambler Tavern,+1 555 494 2134,Callback,,,,,
C000417,2026-06-10,ai,dialler-01,Kettle Grill,+1 555 331 4451,Callback,,,,,
C001490,2026-07-18,human,Layla,Sixpence Trattoria,(555) 551-7565,Not reached,,,,,
C001833,2026-07-28,human,Zara,Kinship Juice Bar 1,555-363-6208,Gatekeeper,,,,,
C000178,2026-06-23,ai,dialler-01,The Cinder Trattoria,+15551839308,Data capture incomplete,,,,,
C000385,2026-06-27,human,Layla,Quill Cantina,+15554801308,Gatekeeper,,,,,
C000349,2026-06-24,human,Hiba,Umber Osteria,555-354-4548,POS Validated,Meridian (legacy),Peter Petrou,GM,,
C000045,2026-07-22,human,Hiba,Copper Wine Bar,5557533410,Callback,,,,,
C000936,2026-07-01,human,Layla,Nightjar Smoothie 1,5554764333,No Answer,,,,,
C001590,2026-07-01,ai,dialler-03,Golden Hour Steakhouse,555-298-7200,POS Validated,Cadence Mini,Frank Rodriguez,General Manager,Before 11am,
C001360,2026-07-20,human,Fatima,Bramble Brasserie Restaurant,555-150-6162,Not reached,,,,,
C001678,2026-07-09,ai,dialler-03,Foxtail Table,555.851.0642,No Answer,,,,,
C000116,2026-06-19,human,Sana,Pike Chophouse,5553892581,Callback,,,,,
C001301,2026-07-14,ai,dialler-03,The Jackdaw Bistro,5559959984,No Answer,,,,,
C000185,2026-07-01,human,Fatima,Larkspur Bistro Verano Bay,(555) 201-6940,Data capture incomplete,,,,,
C000370,2026-07-08,human,Hiba,Fernwood Room,+1 555 404 3277,No Answer,,,,,
C000915,2026-06-25,ai,dialler-01,Driftwood Room,555-510-9089,No Answer,,,,,
C001387,2026-07-24,ai,dialler-01,Cardinal Smokehouse,+15553764216,No Answer,,,,,
C001681,2026-06-18,ai,dialler-01,Anchor Coffee 1 - Ashgrove,5553893556,Callback,,,,,
C001136,2026-07-21,human,Sana,Sorrel To Go,555.501.3751,No Answer,,,,,
C000230,2026-06-12,ai,dialler-01,Nine Bridges Dining Room - Rivera District,555.772.5087,No Answer,,,,,
C001649,2026-07-26,ai,dialler-01,Golden Hour Chophouse,(555) 837-6695,POS Validated,ironclad,Priya Torres,Operations Manager,,priya.torres@goldenhourchophous.example
C000186,2026-06-30,human,Fatima,Nine Bridges Bakery,5551424665,Callback,,,,,
C001144,2026-07-04,human,Fatima,Heron Steakhouse,(555) 842-9338,No Answer,,,,,
C001310,2026-07-30,human,Hiba,Sorrel Kiosk,555-526-4040,Data capture incomplete,,,,,
C000106,2026-07-17,ai,dialler-01,Oxbow Table,+15559255921,Gatekeeper,,,,,
C000054,2026-07-28,human,Layla,Lantern Steakhouse - Fox Hollow,(555) 379-9112,POS Validated,NorthStar,Angela Torres,Owner,Before 11am,angela.torres@lanternsteakhouse.example
C001462,2026-07-06,human,Fatima,Rambler Express,(555) 905-4856,Gatekeeper,,,,,
C001859,2026-06-26,human,Hiba,Zephyr Kiosk,(555) 125-0894,Data capture incomplete,,,,,
C000063,2026-06-25,ai,dialler-03,Hearth Food Truck,+15552090782,Callback,,,,,
C001291,2026-07-11,human,Sana,Heron Wine Bar - Palisade Park,+15558142169,No Answer,,,,,
C001775,2026-06-15,ai,dialler-01,STONECUTTER CANTINA,+1 555 350 6971,No Answer,,,,,
C000182,2026-07-15,ai,dialler-02,SABLE TAQUERIA,+15551052939,Callback,,,,,
C001635,2026-07-20,human,Layla,Umber Trattoria - Alder Heights,555.769.9100,POS Validated,Fernpost,,,,
C000911,2026-06-17,ai,dialler-01,Bluebird Wine Bar,+15559018245,POS Validated,vellum pos,,,,
C001159,2026-07-11,ai,dialler-02,Fallowfield Table,(555) 296-2646,POS Validated,Ironclad,,,,
C001420,2026-06-28,ai,dialler-03,Rambler Chophouse,+15551020241,Callback,,,,,
C001062,2026-07-28,ai,dialler-02,The Cobalt Bakery,+1 555 515 1007,Not reached,,,,,
C001000,2026-06-19,human,Hiba,Gallow Deli,(555) 723-6254,No Answer,,,,,
C000493,2026-06-29,ai,dialler-03,IRONWOOD TABLE,555-362-4886,No Answer,,,,,
C000709,2026-07-22,ai,dialler-02,Pike Bakery 1,555.597.8410,POS Validated,Orbit Systems,James Vasquez,GM,,james.vasquez@pikebakery1.example
C000172,2026-06-23,ai,dialler-01,Plumb House,+15552243344,No Answer,,,,,
C000725,2026-06-19,human,Hiba,Basil & Bone Steakhouse Verano Bay,555.411.2176,Data capture incomplete,,Hassan Kim,,,
C001313,2026-06-13,ai,dialler-02,Vesper Donuts,5556756077,Callback,,,,,
C001052,2026-06-20,ai,dialler-03,Bluebird House,555.150.9784,Data capture incomplete,,,,,
C001815,2026-07-15,human,Hiba,Fallowfield Steakhouse,5553346929,No Answer,,,,,
C000528,2026-06-18,ai,dialler-02,Juniper Smoothie,555-178-7069,No Answer,,,,,
C000338,2026-07-26,human,Zara,Harrow Grill,555-950-0363,Callback,,,,,
C001806,2026-06-15,human,Layla,Magpie Supper Club,5554297633,No Answer,,,,,
C001869,2026-07-11,ai,dialler-02,Jackdaw Oyster Bar,5554626327,No Answer,,,,,
C000665,2026-07-07,human,Sana,Oxbow Taqueria - Marisol,+1 555 419 1309,POS Validated,Vellum,,,,
C000916,2026-06-21,ai,dialler-03,Kettle Brasserie,5559858445,Data capture incomplete,,,,,
C000655,2026-06-29,ai,dialler-03,Kingfisher Cantina,555-546-7651,Callback,,,,,
C001373,2026-06-15,human,Fatima,Zephyr Dining Room - Palisade Park,(555) 367-8226,POS Validated,Ironclad POS,Rachel Vasquez,Owner,,
C000033,2026-06-15,ai,dialler-01,Rambler Taqueria,555-895-9826,Not reached,,,,,
C001015,2026-07-03,ai,dialler-03,Warbler House,+15552159729,No Answer,,,,,
C001629,2026-07-21,human,Hiba,Lantern Kiosk,555.704.7064,Not reached,,,,,
C000912,2026-07-09,human,Sana,Northbank House,555.821.4370,No Answer,,,,,
C001655,2026-07-26,ai,dialler-03,Palisade Cafe,555-483-8171,Callback,,,,,
C000639,2026-06-22,ai,dialler-01,The Rambler Boba,+1 555 441 2099,POS Validated,Cadence POS,,,,
C000586,2026-08-02,human,Hiba,Foxglove Tavern,+1 555 601 9822,No Answer,,,,,
C000356,2026-06-29,ai,dialler-02,Sparrow Juice Bar,(555) 732-4126,Callback,,,,,
C000552,2026-06-11,ai,dialler-02,Kettle Table,555.399.3643,Not reached,,,,,
C000275,2026-06-28,ai,dialler-02,Quarry Juice Bar,+15552100527,Data capture incomplete,,,,,
C000878,2026-06-16,human,Sana,Zephyr Brasserie,555.748.2588,Not reached,,,,,
C001148,2026-07-05,human,Sana,Bramble Tavern,(555) 591-5013,Data capture incomplete,,,,,
C000082,2026-08-01,ai,dialler-03,Fernwood Smokehouse - Old Mill,5557987288,Gatekeeper,,,,,
C000352,2026-06-17,ai,dialler-01,Oxbow Alehouse,+15555787066,Data capture incomplete,,Ana Garcia,,,
C001467,2026-06-15,human,Fatima,Inkwell Cafe - Sablewood,555.428.6015,Not reached,,,,,
C000898,2026-07-25,human,Layla,YARROW COUNTER 1,555.834.7432,POS Validated,ironcladpos,Carlos Kim,Co-Owner,Tue/Thu mornings,
C000112,2026-06-26,ai,dialler-02,Northbank Table,555-339-0537,Data capture incomplete,,,,,
C001323,2026-07-20,human,Fatima,The Tallgrass Oyster Bar,555.331.0203,Gatekeeper,,,,,
C001517,2026-07-15,ai,dialler-03,Foxglove Grill,555-526-2331,Callback,,,,,
C000105,2026-06-21,human,Zara,Cobalt Tavern,+15558979124,POS Validated,VELLUM,Sofia Singh,Owner,,
C001746,2026-07-14,ai,dialler-01,Lantern Wine Bar,555.773.6190,POS Validated,ironclad,Linda Silva,Owner,After 9pm,
C000710,2026-06-17,ai,dialler-02,Gallow Tavern,+15556795590,POS Validated,vellum pos,,,,
C001748,2026-07-13,ai,dialler-01,The Rosewater Wine Bar,(555) 105-0328,No Answer,,,,,
C000558,2026-07-07,human,Zara,Dovetail Tavern,5555003511,Not reached,,,,,
C001128,2026-08-02,ai,dialler-02,Ironwood Sandwich Shop,+1 555 368 1296,Callback,,,,,
C001821,2026-08-02,ai,dialler-01,Harrow Tavern Verano Bay,555.938.6109,No Answer,,,,,
C000411,2026-06-18,ai,dialler-01,Jackdaw Room - Quarry End,(555) 321-1747,POS Validated,Ironclad POS,,,,
C000932,2026-07-16,ai,dialler-01,Salt & Vine Wine Bar,5557317493,No Answer,,,,,
C001576,2026-07-01,ai,dialler-02,Motherland Oyster Bar,555.285.0661,Callback,,,,,
C001359,2026-06-27,ai,dialler-03,Copper Chophouse,555.724.4994,Data capture incomplete,,Robert Silva,,,
C000629,2026-07-22,ai,dialler-02,Tidewater Deli,555-737-4233,No Answer,,,,,
C000855,2026-07-31,ai,dialler-03,Cardinal Coffee - Harbor Point,555.378.0764,No Answer,,,,,
C001439,2026-07-15,ai,dialler-03,Kinship Creamery 1,+1 555 154 3872,Not reached,,,,,
C000660,2026-06-27,ai,dialler-01,Quarry Grill,+15555663377,POS Validated,NorthStar,Victor Schmidt,Owner,After 9pm,victor.schmidt@quarrygrill.example
C000428,2026-06-09,ai,dialler-01,Nightjar Grill,+15558540243,Data capture incomplete,,,,,
C000099,2026-06-12,ai,dialler-01,Bluebird Alehouse,+1 555 729 4285,Gatekeeper,,,,,
C000223,2026-07-02,ai,dialler-02,BLUEBIRD KIOSK,555-599-4317,POS Validated,Ironclad POS,,,,
C000985,2026-07-02,human,Sana,Dovetail Room,5558964603,Callback,,,,,
C001020,2026-06-21,ai,dialler-02,Motherland Bistro,+1 555 147 3588,No Answer,,,,,
C000104,2026-06-20,ai,dialler-03,Cobalt Tavern,+15558979124,No Answer,,,,,
C000080,2026-06-25,ai,dialler-03,Basil & Bone House,5559183068,POS Validated,IRONCLAD,,,,
C000871,2026-06-13,ai,dialler-01,Thistle Chophouse,5551781499,Data capture incomplete,,Sean Le,,,
C000992,2026-07-10,human,Sana,Sorrel Grill,(555) 968-9127,POS Validated,ironclad,Peter Williams,GM,Weekends only,
C001583,2026-07-26,human,Zara,Stonecutter Dining Room,555-320-4738,No Answer,,,,,
C000603,2026-06-13,ai,dialler-02,Persimmon Table,5557276182,POS Validated,ironcladpos,,,,
C000832,2026-06-15,ai,dialler-01,Pike Steakhouse,+15554111874,Gatekeeper,,,,,
C001717,2026-06-26,human,Hiba,Stonecutter Table,5552798053,POS Validated,ironcladpos,Kevin Miller,General Manager,Before 11am,
C000805,2026-07-17,human,Zara,Ironwood Tavern,555-224-6752,Callback,,,,,
C000253,2026-07-10,ai,dialler-02,BASIL & BONE TO GO,555.206.6682,POS Validated,Cadence,,,,
C000459,2026-07-17,human,Zara,Juniper Smokehouse,555.466.9682,POS Validated,meridian cloud,,,,
C001417,2026-06-25,human,Fatima,Pike Tavern,+15558373594,POS Validated,vellum pos,George Brown,Operations Manager,,
C000123,2026-07-19,ai,dialler-01,Yarrow Grill,5554139572,No Answer,,,,,
C001630,2026-07-05,human,Zara,Lantern Kiosk,+1 555 704 7064,Data capture incomplete,,Maria Brown,,,
C001591,2026-07-03,human,Hiba,Golden Hour Steakhouse - Alder Heights,(555) 298-7200,Callback,,,,,
C000184,2026-07-21,ai,dialler-03,Larkspur Bistro,(555) 201-6940,Data capture incomplete,,Angela Kim,,,
C000876,2026-07-01,human,Hiba,Kingfisher Tavern - Marisol,555-115-2219,Callback,,,,,
C000061,2026-07-21,human,Layla,Plumb Oyster Bar,555.663.7630,Callback,,,,,
C001558,2026-06-15,human,Zara,Little Bear Smokehouse,(555) 520-6758,No Answer,,,,,
C000748,2026-06-22,human,Layla,The Halcyon Osteria,+1 555 128 0232,Not reached,,,,,
C000011,2026-07-11,human,Hiba,Saffron Express,(555) 412-1542,Gatekeeper,,,,,
C001453,2026-07-24,human,Layla,The Kingfisher Trattoria,(555) 203-1076,No Answer,,,,,
C000784,2026-07-02,ai,dialler-03,Nine Bridges Tavern,(555) 492-4989,Not reached,,,,,
C000917,2026-07-18,ai,dialler-01,Kingfisher Dining Room,5553325989,POS Validated,Meridian Cloud,Tony Garcia,Operations Manager,,
C000486,2026-06-21,ai,dialler-01,Vesper Dining Room,+15554385425,POS Validated,Ironclad POS,,,,
C001637,2026-06-24,ai,dialler-03,Foxglove Smokehouse,(555) 282-3650,No Answer,,,,,
C000723,2026-06-18,human,Sana,Inkwell Trattoria,+1 555 339 6156,Callback,,,,,
C001691,2026-06-30,ai,dialler-02,Rookery Oyster Bar,+15557826119,No Answer,,,,,
C001718,2026-07-20,ai,dialler-02,Rookery Steakhouse,5556703844,POS Validated,Orbit,,,,
C001023,2026-07-15,human,Fatima,Thicket Steakhouse,5555541251,Callback,,,,,
C000910,2026-06-21,ai,dialler-03,Kingfisher Smokehouse,5553657813,Data capture incomplete,,,,,
C000996,2026-07-02,human,Zara,Motherland Dining Room,5552946802,No Answer,,,,,
C001447,2026-07-09,ai,dialler-03,Roan Boba,(555) 725-9463,Not reached,,,,,
C000873,2026-07-24,ai,dialler-03,Thistle Chophouse,5551781499,POS Validated,Cadence Mini,,,,
C001125,2026-06-28,ai,dialler-03,Mercado Table,5553572531,Not reached,,,,,
C000032,2026-08-02,ai,dialler-01,Plumb Steakhouse,555.952.2596,Callback,,,,,
C000426,2026-06-18,human,Sana,Kettle Cafe,+15551174161,No Answer,,,,,
C001347,2026-07-19,human,Fatima,Kinship Kiosk,555.772.8210,No Answer,,,,,
C001851,2026-07-26,ai,dialler-02,Yarrow Table - Calder Park,555.180.4773,POS Validated,IRONCLAD,,,,
C000698,2026-07-08,human,Layla,Golden Hour Smokehouse,5552857292,Not reached,,,,,
C000198,2026-07-24,human,Zara,Amber Trattoria,555-396-3860,POS Validated,Cadence POS,Michael Schmidt,Operations Manager,,
C001134,2026-06-29,ai,dialler-01,Persimmon House,+1 555 411 4412,Data capture incomplete,,,,,
C001728,2026-06-15,human,Sana,The Motherland Alehouse,+1 555 712 2835,Not reached,,,,,
C001082,2026-06-11,human,Layla,Yarrow Food Truck,5552918643,Not reached,,,,,
C001845,2026-07-31,ai,dialler-02,The Olive & Ash House,+1 555 267 3680,Callback,,,,,
C000542,2026-07-22,ai,dialler-02,ZEPHYR KITCHEN,+15556929482,Callback,,,,,
C000983,2026-07-11,human,Hiba,Dovetail Room,(555) 896-4603,Callback,,,,,
C000828,2026-06-19,ai,dialler-01,Redbird Tavern - Templeton,555-104-0852,POS Validated,Saltbox,,,,
C000451,2026-07-16,human,Hiba,Marigold Alehouse,+1 555 841 5898,No Answer,,,,,
C000040,2026-06-26,human,Zara,Ember Dining Room,(555) 383-0788,No Answer,,,,,
C001523,2026-06-16,human,Sana,Loam Oyster Bar,+15559752218,Callback,,,,,
C001660,2026-07-08,human,Sana,Dovetail Oyster Bar,+15551287262,Not reached,,,,,
C000304,2026-08-02,human,Sana,The Yarrow Cafe,+1 555 278 9922,No Answer,,,,,
C000227,2026-06-22,ai,dialler-03,Quarry Creamery 1,+1 555 618 4435,No Answer,,,,,
C001740,2026-07-03,ai,dialler-02,Understory Osteria,+15557624487,POS Validated,Tessera Express,,,,
C000523,2026-07-09,human,Zara,Prairie Bistro Verano Bay,555.389.2910,Callback,,,,,
C001743,2026-07-24,ai,dialler-02,Lantern Wine Bar,(555) 773-6190,No Answer,,,,,
C001665,2026-07-01,ai,dialler-03,Salt & Vine Taqueria,5556448081,Gatekeeper,,,,,
C000997,2026-06-22,human,Fatima,Cardinal Coffee 1 Restaurant,5551602739,POS Validated,IRONCLAD,Angela Miller,Owner,,
C001638,2026-07-09,ai,dialler-01,Magpie Express Restaurant,+1 555 857 0402,Gatekeeper,,,,,
C001761,2026-06-26,human,Layla,Plumb Smokehouse,(555) 679-4118,Callback,,,,,
C001151,2026-07-30,human,Fatima,Cardinal Kitchen,5554803326,Not reached,,,,,
C000095,2026-06-22,ai,dialler-01,Stonecutter To Go,+1 555 355 4732,No Answer,,,,,
C001488,2026-06-19,ai,dialler-01,Blue Heron Smokehouse,555.607.2815,POS Validated,ironcladpos,,,,
C001001,2026-06-12,human,Sana,Violet Alehouse,555.486.6815,Data capture incomplete,,,,,
C000420,2026-07-26,ai,dialler-02,Kettle Grill - Alder Heights,(555) 331-4451,No Answer,,,,,
C000290,2026-06-14,human,Zara,Nettle Bakery,+15558759344,No Answer,,,,,
C000623,2026-07-17,ai,dialler-03,Juniper Kitchen,+15553187327,Data capture incomplete,,,,,
C001208,2026-07-01,ai,dialler-01,Oxbow Bakery,555.995.2330,Gatekeeper,,,,,
C000241,2026-07-04,human,Zara,Sixpence Alehouse,5556116531,Callback,,,,,
C000775,2026-07-18,human,Zara,COPPER ROOM,+1 555 850 5021,No Answer,,,,,
C000331,2026-06-11,human,Zara,Kinship Cantina,5556716132,Callback,,,,,
C000695,2026-07-29,ai,dialler-03,Jackdaw Alehouse Restaurant,555-940-7431,No Answer,,,,,
C001364,2026-07-25,ai,dialler-02,JACKDAW TAVERN,(555) 281-5028,No Answer,,,,,
C000588,2026-07-24,human,Layla,Ember Tavern,555.336.0578,No Answer,,,,,
C000004,2026-07-18,ai,dialler-01,Rambler House,5556346422,Data capture incomplete,,,,,
C001814,2026-06-25,ai,dialler-01,Prairie Trattoria,+1 555 448 7331,Not reached,,,,,
C001004,2026-06-14,human,Fatima,Prairie To Go - Calder Park,(555) 714-3959,Not reached,,,,,
C000755,2026-07-01,human,Sana,Wren Boba,+15556280282,Callback,,,,,
C000034,2026-07-16,human,Fatima,Rambler Taqueria Verano Bay,+15558959826,Callback,,,,,
C001431,2026-07-04,ai,dialler-01,Nine Bridges Wine Bar,555.104.4446,Not reached,,,,,
C000531,2026-06-25,human,Hiba,Cardinal Room,5552787034,Not reached,,,,,
C001677,2026-06-13,ai,dialler-02,Bellwether Coffee,+1 555 963 2517,No Answer,,,,,
C001647,2026-06-12,ai,dialler-03,Golden Hour Chophouse Restaurant,555-837-6695,Gatekeeper,,,,,
C000540,2026-07-29,human,Fatima,Zephyr Kitchen Verano Bay,+1 555 692 9482,Callback,,,,,
C000974,2026-06-23,human,Sana,Violet Bistro,555-412-0168,Callback,,,,,
C001855,2026-07-14,ai,dialler-02,Magpie Bistro,555.633.6528,Gatekeeper,,,,,
C001146,2026-07-11,ai,dialler-03,Bramble Tavern,+15555915013,Data capture incomplete,,Frank Williams,,,
C001168,2026-06-19,ai,dialler-03,Sixpence Cantina,+1 555 988 2462,Gatekeeper,,,,,
C001724,2026-07-31,ai,dialler-01,Golden Hour Juice Bar - Quarry End,555-481-0446,Data capture incomplete,,,,,
C001690,2026-08-01,human,Sana,ROOKERY OYSTER BAR,555-782-6119,Callback,,,,,
C001619,2026-07-24,ai,dialler-03,Kingfisher Counter,5556685898,POS Validated,cadence,Hassan Patel,Owner,Before 11am,hassan.patel@kingfishercounter.example
C000382,2026-06-25,ai,dialler-01,Umber Supper Club,(555) 572-0830,No Answer,,,,,
C000012,2026-07-04,human,Zara,SAFFRON EXPRESS,555.412.1542,Not reached,,,,,
C001496,2026-06-30,ai,dialler-01,Verde Alehouse - Corvo Heights,555.467.0016,Data capture incomplete,,,,,
C001041,2026-07-18,human,Hiba,Orchard Kitchen,555.841.4766,No Answer,,,,,
C000174,2026-06-10,human,Zara,Saffron Cantina,(555) 654-4187,Not reached,,,,,
C000555,2026-07-28,human,Fatima,Vesper Osteria,+1 555 181 2316,No Answer,,,,,
C001201,2026-07-08,human,Sana,Umber Taqueria,555-673-5625,POS Validated,vellum,,,,
C000399,2026-07-04,human,Layla,Violet Chophouse,(555) 790-1402,No Answer,,,,,
C001445,2026-06-26,ai,dialler-01,Foxglove Trattoria,+1 555 817 9631,No Answer,,,,,
C001369,2026-06-15,ai,dialler-01,Nettle Steakhouse,+1 555 916 7459,Data capture incomplete,,Maria Kowalski,,,
C001628,2026-07-11,ai,dialler-02,The Kinship Smoothie,(555) 420-9875,Not reached,,,,,
C000816,2026-07-12,human,Hiba,Larkspur Donuts,+1 555 147 3921,Gatekeeper,,,,,
C000030,2026-06-27,ai,dialler-03,Inkwell Sandwich Shop,555.168.6049,Not reached,,,,,
C000524,2026-06-18,ai,dialler-02,Prairie Bistro,+15553892910,POS Validated,Vellum POS,David Schmidt,Owner,,
C001790,2026-07-24,ai,dialler-03,Tallgrass Kitchen,(555) 461-1580,Gatekeeper,,,,,
C000724,2026-07-18,ai,dialler-02,Basil & Bone Steakhouse,+15554112176,No Answer,,,,,
C001243,2026-07-01,human,Layla,Golden Hour Osteria,+15554352649,POS Validated,Northstar,,,,
C001741,2026-07-09,ai,dialler-01,Understory Osteria - Old Mill,555-762-4487,No Answer,,,,,
C000144,2026-07-06,human,Hiba,Marrow Cantina,(555) 550-7258,No Answer,,,,,
C001709,2026-07-27,ai,dialler-02,Amber Cafe Restaurant,555.653.7967,No Answer,,,,,
C000532,2026-06-26,human,Sana,Oxbow Smoothie,5556836554,No Answer,,,,,
C000583,2026-07-29,human,Layla,Rambler Smokehouse,+1 555 562 6325,POS Validated,cadence,Tony Haddad,Co-Owner,,
C001415,2026-06-16,ai,dialler-02,Kettle Boba 1 - Marisol,555.941.8124,No Answer,,,,,
C000107,2026-06-27,ai,dialler-02,The Oxbow Table,555.925.5921,No Answer,,,,,
C001735,2026-06-28,ai,dialler-01,Palisade Trattoria - Bramble Row,555.713.2210,Callback,,,,,
C001712,2026-07-20,ai,dialler-03,AMBER CAFE,5556537967,Callback,,,,,
C000013,2026-06-09,ai,dialler-03,The Olive & Ash Osteria,+1 555 255 1171,POS Validated,ironclad,,,,
C000131,2026-06-17,ai,dialler-02,Marigold To Go Verano Bay,(555) 375-9845,POS Validated,Cadence Mini,,,,
C001394,2026-07-12,human,Layla,Bellwether Smokehouse - Palisade Park,+1 555 753 8435,Not reached,,,,,
C001005,2026-06-27,ai,dialler-02,Plumb Donuts,+1 555 874 7333,Data capture incomplete,,,,,
C001812,2026-06-10,ai,dialler-02,Fallowfield Kitchen,+1 555 874 1796,No Answer,,,,,
C001508,2026-06-16,human,Sana,Bluebird Trattoria,555.115.7167,POS Validated,Cadence POS,Frank Brown,Operations Manager,Weekdays after 3pm,
C000560,2026-07-08,ai,dialler-01,Foxglove Steakhouse,555-347-1083,Gatekeeper,,,,,
C001078,2026-06-09,ai,dialler-01,The Redbird Deli,555.536.8094,Data capture incomplete,,,,,
C001875,2026-06-23,human,Layla,Verde Osteria,555.627.1295,POS Validated,Northstar POS,Priya Murphy,Co-Owner,,priya.murphy@verdeosteria.example
C001863,2026-06-12,ai,dialler-03,Thistle Donuts,5556708701,No Answer,,,,,
C001483,2026-07-28,human,Zara,Vesper Cantina,(555) 936-5456,Callback,,,,,
C000683,2026-06-13,human,Sana,Basil & Bone Taqueria,+15557138013,Data capture incomplete,,,,,
C000194,2026-07-25,ai,dialler-02,Fernwood Trattoria,+15556225885,No Answer,,,,,
C000236,2026-06-14,ai,dialler-03,Larkspur Deli Restaurant,+1 555 862 2944,Not reached,,,,,
C001734,2026-06-17,human,Sana,Bellwether Chophouse,+1 555 728 3254,Callback,,,,,
C000779,2026-06-16,human,Hiba,Olive and Ash Deli,555-835-1691,No Answer,,,,,
C001847,2026-07-02,ai,dialler-02,Vesper Room Verano Bay,+1 555 258 5146,Data capture incomplete,,,,,
C001108,2026-06-20,ai,dialler-03,Magpie Chophouse,555-173-3454,Callback,,,,,
C000545,2026-06-25,ai,dialler-02,Kingfisher Chophouse,555-616-8334,Data capture incomplete,,,,,
C000818,2026-06-30,ai,dialler-02,Hearth Table,+15554597720,Data capture incomplete,,Paul Haddad,,,
C001648,2026-07-27,human,Zara,Golden Hour Chophouse,5558376695,Not reached,,,,,
C001835,2026-07-24,ai,dialler-01,Understory Taqueria,+1 555 913 2558,No Answer,,,,,
C000497,2026-06-15,human,Hiba,Wildwood Oyster Bar - Calder Park,(555) 614-6703,POS Validated,Cadence Mini,,,,
C000894,2026-06-29,human,Layla,Driftwood Supper Club,+1 555 973 9616,Not reached,,,,,
C001564,2026-06-22,ai,dialler-03,The Thicket Kiosk 1,+15555906658,POS Validated,quillpay pos,,,,
C001381,2026-07-21,ai,dialler-03,Northbank Grill - Sunfield,(555) 744-5746,No Answer,,,,,
C001727,2026-06-13,ai,dialler-01,MOTHERLAND ALEHOUSE,(555) 712-2835,Callback,,,,,
C000938,2026-06-09,human,Zara,Nightjar Smoothie 1,(555) 476-4333,Callback,,,,,
C000220,2026-07-30,ai,dialler-02,Umber Kitchen,555.449.8678,Data capture incomplete,,,,,
C001802,2026-07-20,human,Sana,Thistle Kiosk,555-314-9176,Gatekeeper,,,,,
C000297,2026-06-23,human,Layla,Vesper Juice Bar,555-491-3725,POS Validated,Vellum,Katherine Silva,General Manager,,
C001324,2026-07-01,human,Sana,Tallgrass Oyster Bar,5553310203,POS Validated,vellum,Deborah Miller,Operations Manager,Before 11am,
C001540,2026-08-01,human,Zara,Juniper Room,(555) 901-4274,POS Validated,northstar,Nadia Patel,Owner,,
C000508,2026-07-25,human,Fatima,Wren Cantina,5555136215,POS Validated,Northstar Restaurant,Paul Singh,Owner,,
C000781,2026-07-13,ai,dialler-03,Cobalt House,+15553360489,Data capture incomplete,,,,,
C000945,2026-06-21,human,Layla,Saffron Boba Verano Bay,+1 555 647 5428,POS Validated,Northstar Restaurant,Monica Vasquez,Operations Manager,,
C001113,2026-06-17,ai,dialler-02,Warbler Osteria Verano Bay,555.523.7636,Callback,,,,,
C000043,2026-06-14,human,Zara,Motherland Sandwich Shop,+1 555 109 3971,POS Validated,IRONCLAD,Carlos Martinez,Owner,After 9pm,
C000505,2026-07-06,ai,dialler-02,Pike Juice Bar,5553009825,No Answer,,,,,
C000484,2026-06-22,human,Sana,Halcyon Table,555-531-3455,No Answer,,,,,
C000193,2026-07-13,human,Layla,Fernwood Trattoria,555.622.5885,Callback,,,,,
C000674,2026-06-11,human,Fatima,Magpie Steakhouse - Sunfield,5551359326,Data capture incomplete,,,,,
C000533,2026-06-22,ai,dialler-03,Oxbow Smoothie - Windrow,+15556836554,Callback,,,,,
C001316,2026-08-01,ai,dialler-02,Vesper Donuts Verano Bay,5556756077,Callback,,,,,
C001600,2026-06-30,ai,dialler-03,Golden Hour Trattoria - Sablewood,5559256216,Callback,,,,,
C001452,2026-07-31,ai,dialler-02,Stonecutter Grill Verano Bay,555.864.3380,No Answer,,,,,
C001521,2026-06-18,human,Fatima,Loam Oyster Bar,(555) 975-2218,Callback,,,,,
C000782,2026-07-01,human,Zara,Cobalt House,+15553360489,POS Validated,Northstar,James Brown,General Manager,After 9pm,
C000313,2026-08-01,ai,dialler-01,Marrow Steakhouse,+1 555 264 6034,POS Validated,NorthStar,,,,
C000019,2026-07-03,ai,dialler-03,Palisade Oyster Bar,(555) 536-4927,Not reached,,,,,
C000929,2026-07-26,human,Sana,Saffron Kitchen - Fox Hollow,555-998-2953,POS Validated,ORBIT,Grace Reyes,Operations Manager,Tue/Thu mornings,
C001363,2026-06-22,ai,dialler-01,Jackdaw Tavern - Corvo Heights,+1 555 281 5028,Not reached,,,,,
C001465,2026-06-23,ai,dialler-02,The Loam Steakhouse,555-782-7621,Callback,,,,,
C001308,2026-07-04,human,Layla,SORREL KIOSK,555-526-4040,No Answer,,,,,
C000766,2026-07-16,human,Layla,Wren Oyster Bar,555-495-4355,POS Validated,Ironclad,,,,
C001191,2026-06-24,human,Layla,Persimmon Oyster Bar,+1 555 317 0439,Callback,,,,,
C001410,2026-07-23,human,Sana,Warbler Wine Bar,5556146957,Data capture incomplete,,,,,
C001834,2026-07-11,ai,dialler-03,Understory Taqueria,5559132558,POS Validated,ironclad,Deborah Silva,Managing Partner,Weekdays after 3pm,
C000480,2026-07-03,human,Sana,Mercado Wine Bar,(555) 533-2046,Callback,,,,,
C001422,2026-07-19,human,Hiba,Marrow Alehouse,(555) 467-5047,POS Validated,Rivet Pay,Victor Williams,Operations Manager,,
C001407,2026-06-24,ai,dialler-03,Warbler Wine Bar,555.614.6957,Gatekeeper,,,,,
C000630,2026-06-18,human,Sana,Tidewater Deli,+1 555 737 4233,Callback,,,,,
C001299,2026-06-10,ai,dialler-02,Quill To Go,(555) 992-9262,Data capture incomplete,,,,,
C001526,2026-08-01,human,Sana,Marrow Sandwich Shop,555-290-7276,No Answer,,,,,
C001024,2026-06-30,ai,dialler-01,Thicket Steakhouse - Corvo Heights,5555541251,No Answer,,,,,
C000686,2026-06-11,human,Fatima,Thicket Sandwich Shop,+1 555 900 7607,No Answer,,,,,
C000849,2026-07-18,human,Fatima,Warbler Trattoria - Marisol,+1 555 203 6871,Not reached,,,,,
C001112,2026-07-14,ai,dialler-02,Warbler Osteria,555-523-7636,Data capture incomplete,,,,,
C000323,2026-07-01,ai,dialler-02,Prairie Oyster Bar,555-252-8693,Not reached,,,,,
C001261,2026-07-23,ai,dialler-03,Zephyr Cantina,555-562-9604,No Answer,,,,,
C001260,2026-06-09,ai,dialler-01,Zephyr Cantina,555-562-9604,No Answer,,,,,
C001187,2026-07-13,ai,dialler-02,Larkspur Alehouse,5559895944,Not reached,,,,,
C001184,2026-06-22,ai,dialler-01,Loam Bakery,555-140-8104,POS Validated,Meridian Server,,,,
C001101,2026-07-31,human,Hiba,Cobalt Steakhouse Restaurant,(555) 563-3839,Not reached,,,,,
C001459,2026-06-27,ai,dialler-02,Verde Room - Palisade Park,(555) 643-3319,No Answer,,,,,
C000221,2026-07-22,human,Hiba,Ember To Go,(555) 982-6300,POS Validated,vellum,Angela Novak,GM,,
C000891,2026-06-10,human,Zara,Amber Kitchen,555.770.7201,Data capture incomplete,,,,,
C000151,2026-06-26,ai,dialler-03,Rookery Cantina,+1 555 128 0494,No Answer,,,,,
C000827,2026-07-31,ai,dialler-02,Palisade Grill,(555) 819-0423,Callback,,,,,
C000383,2026-07-23,human,Hiba,Quill Cantina,+1 555 480 1308,Data capture incomplete,,,,,
C000158,2026-07-12,ai,dialler-03,Northbank Cantina - Ferrymead,555.480.4006,Not reached,,,,,
C001266,2026-07-08,ai,dialler-01,Gallow Taqueria,555.561.2338,Not reached,,,,,
C000409,2026-07-27,human,Sana,Jackdaw Room,+1 555 321 1747,No Answer,,,,,
C001358,2026-08-02,human,Hiba,Copper Chophouse,+15557244994,Callback,,,,,
C001326,2026-06-15,ai,dialler-01,Sorrel Dining Room,555-940-8921,POS Validated,Ironclad POS,George Okafor,Managing Partner,,
C001054,2026-06-15,ai,dialler-03,Quarry Cantina,555.543.1877,Not reached,,,,,
C000789,2026-07-01,ai,dialler-01,The Plumb Chophouse,555-674-9429,No Answer,,,,,
C000133,2026-06-30,human,Layla,Marigold To Go,555-375-9845,Callback,,,,,
C000887,2026-07-23,ai,dialler-02,Cardinal Tavern - Calder Park,(555) 130-2662,Data capture incomplete,,,,,
C001760,2026-07-05,human,Layla,Plumb Smokehouse,(555) 679-4118,POS Validated,ironclad,Luis Reyes,Owner,,
C000283,2026-07-29,human,Layla,Understory Counter,+1 555 380 3345,POS Validated,vellum pos,James Patel,Owner,After 9pm,james.patel@understorycounter.example
C001598,2026-07-21,ai,dialler-01,SILVERFIN CANTINA,555.775.3236,Data capture incomplete,,,,,
C000649,2026-07-12,ai,dialler-02,Plumb Room,5558886139,Data capture incomplete,,Victor Vasquez,,,
C000566,2026-07-18,ai,dialler-03,Cardinal Grill,5559937383,No Answer,,,,,
C001178,2026-07-26,human,Sana,Kinship Coffee,+1 555 771 6835,No Answer,,,,,
C001567,2026-07-31,ai,dialler-03,Quarry Smokehouse,555.264.3164,No Answer,,,,,
C001412,2026-08-01,ai,dialler-01,Tidewater Taqueria,555.976.8780,POS Validated,IRONCLAD,Nicole Reyes,Owner,Weekdays after 3pm,
C000690,2026-07-31,human,Fatima,Alder Wine Bar,5558863833,Callback,,,,,
C000573,2026-06-25,ai,dialler-02,Olive & Ash Room,5551733531,No Answer,,,,,
C001582,2026-06-09,human,Hiba,The Cobalt Bistro,+15555781650,POS Validated,Northstar POS,Marcus Reyes,Co-Owner,Mon-Fri 10am-12pm,
C001294,2026-07-10,ai,dialler-02,Salt & Vine Bistro Verano Bay,5554230259,No Answer,,,,,
C001539,2026-08-02,human,Fatima,Sable Wine Bar Verano Bay,555-279-4652,Not reached,,,,,
C000666,2026-07-31,ai,dialler-02,Oxbow Taqueria,(555) 419-1309,No Answer,,,,,
C000162,2026-06-23,ai,dialler-02,Roan Chophouse,+1 555 702 1453,No Answer,,,,,
C001129,2026-07-05,ai,dialler-02,Ironwood Sandwich Shop,555-368-1296,No Answer,,,,,
C000870,2026-07-09,human,Layla,Salt & Vine House - Sablewood,+1 555 914 5068,POS Validated,Cadence Mini,Ahmed Petrou,General Manager,,ahmed.petrou@saltvinehouse.example
C001501,2026-06-10,human,Sana,Olive & Ash Counter - Greenhithe,+1 555 949 2965,POS Validated,cadence flex,Sean Bianchi,Co-Owner,Before 11am,sean.bianchi@oliveashcounter.example
C000959,2026-06-26,ai,dialler-02,Tin Roof Brasserie,+1 555 660 0310,Data capture incomplete,,,,,
C001334,2026-07-07,ai,dialler-01,Bramble Donuts,555.458.6516,POS Validated,cadence flex,Hassan Andino,Owner,,
C000423,2026-07-23,human,Hiba,Salt & Vine Trattoria - Bayview Flats,+15554543132,POS Validated,NorthStar,,,,
C001711,2026-06-26,ai,dialler-02,Amber Cafe,5556537967,POS Validated,Quillpay,Jennifer Hernandez,Owner,,
C000430,2026-07-27,ai,dialler-03,Little Bear Osteria,+15558492176,No Answer,,,,,
C001147,2026-07-15,human,Fatima,Bramble Tavern,555-591-5013,No Answer,,,,,
C001849,2026-07-13,ai,dialler-03,Yarrow Table,+15551804773,Not reached,,,,,
C001325,2026-07-02,ai,dialler-02,Tallgrass Oyster Bar,+1 555 331 0203,No Answer,,,,,
C000066,2026-06-25,human,Hiba,Juniper Trattoria,555-315-1946,Not reached,,,,,
C000958,2026-07-03,ai,dialler-02,Tin Roof Brasserie,(555) 660-0310,Not reached,,,,,
C001182,2026-07-08,human,Layla,Thistle Table,(555) 111-0904,No Answer,,,,,
C000270,2026-06-18,ai,dialler-01,Heron Brasserie,555-658-0408,POS Validated,Cadence Mini,,,,
C000856,2026-07-01,ai,dialler-02,Cardinal Coffee,555.378.0764,No Answer,,,,,
C000086,2026-06-24,human,Sana,UNDERSTORY OYSTER BAR,5555321346,No Answer,,,,,
C001219,2026-07-10,ai,dialler-02,Thistle Cantina - Lantern Hill,555-246-9789,Callback,,,,,
C000072,2026-06-09,human,Layla,Cobalt Oyster Bar,555-969-8742,POS Validated,Northstar,Grace Rossi,General Manager,Weekends only,grace.rossi@cobaltoysterbar.example
C000138,2026-07-04,human,Zara,Sorrel Bistro,(555) 493-4022,Not reached,,,,,
C001639,2026-07-31,human,Layla,Magpie Wine Bar,+15553637092,POS Validated,Ironclad POS,Marcus Lopez,GM,,
C001597,2026-08-02,human,Fatima,Cinder Smokehouse Verano Bay,(555) 707-9022,POS Validated,Rivet,,,,
C001205,2026-07-02,ai,dialler-01,Gallow Kiosk - Palisade Park,+1 555 892 4270,POS Validated,Cadence POS,Michael Petrou,General Manager,,
C001010,2026-07-03,ai,dialler-01,Sorrel Taqueria Verano Bay,5551688204,Callback,,,,,
C001780,2026-07-29,human,Zara,Vesper Grill,555-733-5091,No Answer,,,,,
C000282,2026-06-12,human,Zara,Understory Counter,+1 555 380 3345,Not reached,,,,,
C000808,2026-06-15,ai,dialler-03,Salt and Vine Steakhouse,555-175-5379,Not reached,,,,,
C000228,2026-07-07,ai,dialler-03,Quarry Creamery 1,555.618.4435,No Answer,,,,,
C001572,2026-07-16,human,Zara,Tallgrass Juice Bar Verano Bay,(555) 885-5869,Gatekeeper,,,,,
C001644,2026-07-06,ai,dialler-02,Rookery Chophouse,555-867-8270,POS Validated,orbit systems,,,,
C000721,2026-07-12,ai,dialler-01,Inkwell Trattoria - Kingsway,555.339.6156,Not reached,,,,,
C001188,2026-07-11,human,Layla,Larkspur Alehouse,555-989-5944,Not reached,,,,,
C001756,2026-07-13,human,Layla,Bluebird Boba,+15552913459,Not reached,,,,,
C001744,2026-06-15,human,Layla,Lantern Wine Bar,5557736190,Data capture incomplete,,Christina Andino,,,
C001038,2026-07-22,ai,dialler-03,Cardinal Taqueria Restaurant,5553077951,No Answer,,,,,
C000006,2026-07-11,human,Zara,Rambler House,555-634-6422,No Answer,,,,,
C001621,2026-07-13,ai,dialler-03,Pike Bakery,+15555513176,Not reached,,,,,
C000233,2026-07-16,human,Hiba,Dovetail Smokehouse - Cedar Cross,(555) 623-8933,Data capture incomplete,,Nadia Torres,,,
C001239,2026-06-27,human,Layla,ALDER TRATTORIA,+1 555 289 8870,Data capture incomplete,,,,,
C000243,2026-07-17,ai,dialler-01,Cardinal Chophouse,5559549908,Not reached,,,,,
C000269,2026-07-20,ai,dialler-03,Harrow Creamery,555.521.3346,Data capture incomplete,,,,,
C000081,2026-06-29,ai,dialler-02,The Basil & Bone House,5559183068,Callback,,,,,
C001070,2026-08-01,ai,dialler-01,The Cardinal Juice Bar 1,(555) 556-2775,POS Validated,Cadence POS,,,,
C001091,2026-07-23,ai,dialler-03,Kinship Deli,555.447.9502,No Answer,,,,,
C001442,2026-06-10,human,Layla,Mercado Bistro,(555) 494-1684,Callback,,,,,
C000580,2026-08-02,ai,dialler-02,Anchor Alehouse,5554420347,Not reached,,,,,
C000461,2026-07-17,ai,dialler-02,Magpie Trattoria,555.446.9376,Not reached,,,,,
C000965,2026-07-25,ai,dialler-02,Roan Taqueria - Bramble Row,555.512.6514,Not reached,,,,,
C001081,2026-06-28,ai,dialler-03,Yarrow Food Truck,5552918643,Not reached,,,,,
C000344,2026-07-19,human,Fatima,Olive & Ash Juice Bar 1 2,+1 555 938 6758,Not reached,,,,,
C000091,2026-07-26,human,Layla,Blue Heron Alehouse,(555) 872-6344,POS Validated,IRONCLAD,Emily Johnson,Co-Owner,,
C000717,2026-07-21,ai,dialler-03,Rookery Osteria,555-538-5752,Data capture incomplete,,,,,
C001104,2026-07-07,human,Zara,Cinder Smoothie 1,5552148121,Callback,,,,,
C000350,2026-07-02,human,Zara,Umber Osteria,+1 555 354 4548,No Answer,,,,,
C001614,2026-07-19,human,Fatima,Yarrow Tavern,+1 555 307 2154,Gatekeeper,,,,,
C001391,2026-06-27,ai,dialler-02,Cobalt Chophouse Restaurant,555.157.1789,POS Validated,IRONCLAD,,,,
C000102,2026-06-16,ai,dialler-02,Bluebird Alehouse,+15557294285,No Answer,,,,,
C000791,2026-06-30,ai,dialler-02,Sable Grill,5556105450,Not reached,,,,,
C000418,2026-06-26,ai,dialler-03,Kettle Grill,555.331.4451,No Answer,,,,,
C000962,2026-07-25,ai,dialler-02,Alder Taqueria - Sablewood,(555) 858-5963,Data capture incomplete,,Priya Vasquez,,,
C001710,2026-06-28,human,Layla,Amber Cafe,+1 555 653 7967,Callback,,,,,
C001506,2026-06-12,human,Sana,Plumb Bistro,+1 555 470 6197,POS Validated,Cadence Station,Frank Silva,Operations Manager,Weekends only,
C000670,2026-06-09,ai,dialler-03,ALDER BRASSERIE,+15552664575,POS Validated,Ironclad,,,,
C000316,2026-06-22,ai,dialler-01,Thistle Wine Bar,+1 555 721 0580,Not reached,,,,,
C000454,2026-07-30,human,Fatima,Marigold Alehouse Restaurant,(555) 841-5898,No Answer,,,,,
C000008,2026-06-14,ai,dialler-02,Rambler House,(555) 634-6422,Not reached,,,,,
C000388,2026-07-30,ai,dialler-01,Gallow Express,(555) 988-6459,Not reached,,,,,
C000489,2026-06-19,human,Hiba,Driftwood Counter,+15555027699,Not reached,,,,,
C000009,2026-07-16,ai,dialler-01,Thistle Tavern,+1 555 215 1816,Callback,,,,,
C000413,2026-06-11,ai,dialler-02,Tallgrass Grill,555-961-8056,Gatekeeper,,,,,
C000492,2026-07-16,human,Layla,Driftwood To Go,+15557831646,Callback,,,,,
C000150,2026-06-14,ai,dialler-02,Quarry Room Restaurant,+15558430541,No Answer,,,,,
C000125,2026-07-18,ai,dialler-01,Salt & Vine Boba,555.522.5845,No Answer,,,,,
C000899,2026-07-16,human,Zara,Yarrow Counter 1,+1 555 834 7432,No Answer,,,,,
C000750,2026-07-07,ai,dialler-03,Rambler Cantina,555.223.4047,Gatekeeper,,,,,
C000737,2026-07-23,human,Fatima,Warbler Brasserie,5554730670,POS Validated,meridian,,,,
C000947,2026-06-29,human,Layla,The Loam Sandwich Shop,5558706534,No Answer,,,,,
C000641,2026-06-30,human,Layla,Heron Kitchen,5551113944,Data capture incomplete,,,,,
C001284,2026-07-05,ai,dialler-03,JUNIPER OYSTER BAR,(555) 595-4402,No Answer,,,,,
C000578,2026-07-12,human,Zara,Violet Steakhouse,(555) 841-8408,Data capture incomplete,,Omar Torres,,,
C001491,2026-07-02,human,Fatima,Sparrow Bakery,555-825-8849,Gatekeeper,,,,,
C000625,2026-07-16,human,Fatima,Rosewater Supper Club Restaurant,+15555178357,Not reached,,,,,
C000037,2026-06-26,human,Hiba,Tidewater Supper Club,555.894.6054,POS Validated,NorthStar,Frank Chen,Co-Owner,,
C001160,2026-07-18,human,Zara,Fallowfield Table,555-296-2646,No Answer,,,,,
C001525,2026-07-03,ai,dialler-01,Marrow Sandwich Shop,555-290-7276,POS Validated,vellum,,,,
C001641,2026-07-30,human,Hiba,Northbank Chophouse,5558781411,POS Validated,IRONCLAD,Michael Williams,Co-Owner,Tue/Thu mornings,
C001791,2026-07-21,ai,dialler-02,Tallgrass Kitchen Restaurant,+1 555 461 1580,Callback,,,,,
C001877,2026-06-18,human,Hiba,Sixpence Brasserie,(555) 502-7701,No Answer,,,,,
C000764,2026-06-22,ai,dialler-01,Wren Oyster Bar,(555) 495-4355,No Answer,,,,,
C000254,2026-06-22,human,Fatima,Copper Taqueria,5559566985,Callback,,,,,
C000324,2026-06-25,ai,dialler-02,Jackdaw Steakhouse,555-591-4619,POS Validated,ironcladpos,,,,
C000657,2026-07-20,human,Hiba,The Saffron To Go,+1 555 189 2128,Not reached,,,,,
C001762,2026-07-01,human,Zara,Plumb Smokehouse Restaurant,555-679-4118,No Answer,,,,,
C000835,2026-07-24,human,Hiba,Tallgrass Tavern,555-231-6037,Gatekeeper,,,,,
C001287,2026-07-15,human,Hiba,Warbler Juice Bar,555-829-9059,Gatekeeper,,,,,
C001801,2026-07-19,ai,dialler-01,Thistle Kiosk,+15553149176,Gatekeeper,,,,,
C001853,2026-06-18,ai,dialler-03,Persimmon Cantina,555-471-3993,No Answer,,,,,
C001401,2026-07-08,human,Zara,Zephyr Bakery,+15553349559,POS Validated,Vellum Restaurant,,,,
C001028,2026-06-21,human,Layla,YARROW CANTINA,(555) 893-5560,No Answer,,,,,
C001825,2026-07-12,ai,dialler-03,The Redbird Boba 1,+1 555 101 7251,Data capture incomplete,,Elena Brown,,,
C000188,2026-06-22,ai,dialler-03,Nine Bridges Bakery,5551424665,No Answer,,,,,
C001804,2026-07-03,ai,dialler-01,Sparrow Steakhouse,555-879-5176,Data capture incomplete,,,,,
C000722,2026-06-13,ai,dialler-02,Inkwell Trattoria,555-339-6156,POS Validated,Cadence Mini,,,,
C001115,2026-07-17,ai,dialler-02,The Pike Grill,555-728-9782,No Answer,,,,,
C001636,2026-06-17,human,Zara,Foxglove Smokehouse,(555) 282-3650,Not reached,,,,,
C001754,2026-07-12,ai,dialler-02,Redbird Trattoria,(555) 477-6683,Gatekeeper,,,,,
C000470,2026-07-22,human,Hiba,Magpie Tavern,5558699421,Gatekeeper,,,,,
C001736,2026-07-24,ai,dialler-01,Palisade Trattoria,(555) 713-2210,No Answer,,,,,
C000165,2026-07-30,human,Hiba,Dovetail Alehouse,+15553615085,Data capture incomplete,,Tony Rossi,,,
C001702,2026-06-19,ai,dialler-02,Foxtail Cantina,(555) 929-7546,No Answer,,,,,
C001271,2026-06-22,ai,dialler-01,Redbird Steakhouse,555-435-9184,Callback,,,,,
C001773,2026-06-27,ai,dialler-01,Rosewater Steakhouse Restaurant,555.341.8261,Data capture incomplete,,Frank Novak,,,
C001631,2026-07-03,human,Layla,Thicket Counter,+1 555 325 2383,Data capture incomplete,,,,,
C000407,2026-07-11,human,Sana,Verde Cantina - Ferrymead,5559180430,POS Validated,rivet,Frank Novak,Owner,Tue/Thu mornings,
C001171,2026-06-24,human,Hiba,Kingfisher Kiosk,555-166-3991,POS Validated,Fern Post,Paul Le,General Manager,,paul.le@kingfisherkiosk.example
C000942,2026-07-17,ai,dialler-02,TALLGRASS DINING ROOM,+15558569032,Callback,,,,,
C000169,2026-06-10,ai,dialler-02,Loam Bistro,5551485078,Gatekeeper,,,,,
C000837,2026-07-03,human,Layla,Hearth Alehouse Restaurant,(555) 258-7936,POS Validated,Meridian (legacy),Elena Bianchi,Operations Manager,,
C000803,2026-07-14,ai,dialler-03,Verde Smokehouse Verano Bay,+15553551152,POS Validated,Ironclad POS,,,,
C000884,2026-06-19,human,Hiba,Bluebird Taqueria,555-565-8909,Data capture incomplete,,Ahmed Reyes,,,
C001102,2026-07-27,human,Sana,Little Bear Chophouse,555-859-9691,Gatekeeper,,,,,
C000635,2026-07-27,human,Hiba,Rambler Boba - Windrow,555.441.2099,Callback,,,,,
C001252,2026-07-22,human,Layla,Dovetail Cafe Restaurant,555-520-0975,Callback,,,,,
C001278,2026-07-31,ai,dialler-01,Tidewater Coffee,555-525-6517,Callback,,,,,
C001383,2026-07-04,human,Hiba,Northbank Grill,555.744.5746,Data capture incomplete,,,,,
C001132,2026-07-03,human,Layla,Persimmon House,+1 555 411 4412,Data capture incomplete,,,,,
C000969,2026-07-04,ai,dialler-03,Tin Roof Wine Bar,+1 555 952 8676,Gatekeeper,,,,,
C001671,2026-07-30,human,Zara,Lantern Taqueria,555.290.3469,No Answer,,,,,
C000852,2026-07-27,ai,dialler-03,Larkspur Room,5558719127,POS Validated,vellum,,,,
C000199,2026-06-19,ai,dialler-02,Thistle Supper Club,+15558464523,Data capture incomplete,,,,,
C000859,2026-07-30,ai,dialler-03,Bramble Cantina,+1 555 201 0991,POS Validated,Vellum Restaurant,,,,
C001376,2026-07-27,human,Zara,Inkwell Steakhouse,5558228998,Callback,,,,,
C000518,2026-08-02,ai,dialler-02,Ironwood Alehouse Restaurant,+1 555 533 9203,POS Validated,Vellum Restaurant,Angela Patel,GM,Mon-Fri 10am-12pm,
C001803,2026-06-24,human,Sana,Thistle Kiosk - Ashgrove,555.314.9176,POS Validated,IRONCLAD,Nadia Doyle,Owner,,
C000957,2026-07-28,human,Fatima,Foxtail Dining Room,(555) 242-9729,No Answer,,,,,
C001672,2026-07-24,human,Sana,Foxtail Grill Verano Bay,+15551926335,No Answer,,,,,
C001824,2026-07-10,ai,dialler-01,Redbird Boba 1,+15551017251,Callback,,,,,
C000812,2026-06-19,ai,dialler-01,Oxbow Cafe,555.730.3997,Callback,,,,,
C001871,2026-06-22,human,Sana,Jackdaw Oyster Bar,+1 555 462 6327,Callback,,,,,
C000720,2026-06-25,human,Sana,Rambler Brasserie Restaurant,+15552268187,Data capture incomplete,,Deborah Le,,,
C000795,2026-07-10,ai,dialler-02,The Tin Roof Chophouse,555-928-7868,Gatekeeper,,,,,
C000371,2026-07-01,human,Hiba,Wren Brasserie,555-392-2127,Not reached,,,,,
C000817,2026-07-28,ai,dialler-02,Larkspur Donuts,(555) 147-3921,Data capture incomplete,,,,,
C000684,2026-07-01,ai,dialler-03,Thicket Sandwich Shop,5559007607,Not reached,,,,,
C001703,2026-07-18,human,Layla,Foxtail Cantina,(555) 929-7546,Data capture incomplete,,Sean Novak,,,
C001769,2026-06-25,ai,dialler-02,Blue Heron Taqueria,+1 555 522 9877,No Answer,,,,,
C000257,2026-06-27,human,Hiba,Sable Bakery,555.682.1882,No Answer,,,,,
C000055,2026-07-10,human,Zara,The Oxbow Kiosk,5555290135,Callback,,,,,
C001524,2026-07-19,ai,dialler-01,MARROW SANDWICH SHOP,+1 555 290 7276,No Answer,,,,,
C001172,2026-06-18,human,Hiba,Kingfisher Kiosk,+15551663991,No Answer,,,,,
C001817,2026-07-18,human,Hiba,Fallowfield Steakhouse,(555) 334-6929,POS Validated,Ironclad POS,,,,
C001389,2026-07-28,human,Fatima,Cardinal Smokehouse Verano Bay,555.376.4216,Callback,,,,,
C001264,2026-07-23,human,Hiba,Gallow Taqueria,555-561-2338,No Answer,,,,,
C000475,2026-06-15,ai,dialler-01,Yarrow Donuts,+1 555 839 4390,Callback,,,,,
C000668,2026-06-24,ai,dialler-01,Bellwether Smoothie 1,5557810274,No Answer,,,,,
C001216,2026-07-15,human,Hiba,Marrow Chophouse,5556278071,No Answer,,,,,
C000952,2026-06-18,ai,dialler-02,Little Bear Creamery - Rivera District,(555) 203-9178,POS Validated,Ironclad,,,,
C000596,2026-07-20,human,Sana,Bramble Kitchen,+1 555 596 1384,Callback,,,,,
C000632,2026-06-13,human,Fatima,The Motherland Boba,+1 555 349 9784,No Answer,,,,,
C001497,2026-08-02,human,Sana,The Copper Smokehouse,+1 555 289 7402,No Answer,,,,,
C001203,2026-06-15,human,Fatima,Pike Cantina,(555) 484-7090,POS Validated,Orbit,,,,
C000360,2026-06-21,human,Zara,The Orchard Trattoria,(555) 175-1932,Callback,,,,,
C000029,2026-07-15,ai,dialler-03,Inkwell Sandwich Shop,555.168.6049,Callback,,,,,
C001680,2026-07-17,ai,dialler-03,Anchor Coffee 1,(555) 389-3556,POS Validated,vellum pos,Priya Andino,Owner,Tue/Thu mornings,priya.andino@anchorcoffee1.example
C001061,2026-07-10,ai,dialler-01,Saffron Table,+1 555 846 9957,POS Validated,Meridian,,,,
C000078,2026-06-12,human,Sana,Anchor Dining Room - Sablewood,(555) 531-4902,No Answer,,,,,
C001682,2026-06-28,human,Layla,Driftwood Bistro,+1 555 209 3962,Data capture incomplete,,Rachel Kim,,,
C001574,2026-07-30,ai,dialler-02,Tallgrass Juice Bar,(555) 885-5869,POS Validated,cadence,,,,
C000882,2026-06-25,ai,dialler-01,Rosewater Creamery,+1 555 641 1306,Gatekeeper,,,,,
C000928,2026-07-31,ai,dialler-02,The Saffron Kitchen,5559982953,Not reached,,,,,
C000122,2026-07-21,human,Zara,Cobalt Taqueria,5552421700,Callback,,,,,
C000902,2026-06-20,human,Sana,Vesper Alehouse Restaurant,+1 555 780 8383,POS Validated,Vellum,Robert Kowalski,Owner,,
C001533,2026-07-27,human,Zara,Prairie Kitchen Verano Bay,+15552357387,No Answer,,,,,
C000311,2026-06-11,human,Layla,Fallowfield Grill,555-464-5566,Not reached,,,,,
C001795,2026-07-13,human,Layla,ORCHARD SUPPER CLUB,+1 555 613 4307,POS Validated,BlueCrest,,,,
C000141,2026-06-20,ai,dialler-03,HERON CAFE,(555) 956-7375,Callback,,,,,
C001281,2026-07-25,ai,dialler-02,Gallow Dining Room,(555) 115-6880,No Answer,,,,,
C001608,2026-08-01,ai,dialler-01,Little Bear Wine Bar,555-429-7781,POS Validated,Northstar Restaurant,,,,
C001425,2026-07-03,human,Hiba,Mercado Coffee - Quarry End,555-850-9445,Gatekeeper,,,,,
C000537,2026-07-10,human,Zara,Wildwood Chophouse,5556266371,POS Validated,Vellum,Jennifer Okafor,GM,Weekdays after 3pm,
C000405,2026-06-28,ai,dialler-01,Sparrow Dining Room,555-978-3045,Callback,,,,,
C001392,2026-07-07,human,Hiba,Golden Hour Supper Club,(555) 857-2650,POS Validated,ironclad,Nicole Patel,Co-Owner,,
C001696,2026-06-29,ai,dialler-02,Salt & Vine Dining Room,5551177663,Not reached,,,,,
C001053,2026-07-11,ai,dialler-02,Cinder Wine Bar - Lantern Hill,+15556129570,Callback,,,,,
C000402,2026-06-24,ai,dialler-01,VIOLET CHOPHOUSE,+1 555 790 1402,POS Validated,meridian,,,,
C000592,2026-06-09,human,Sana,Ironwood Creamery - Miradero,+15558516826,POS Validated,cadence,Omar Garcia,Owner,Mon-Fri 10am-12pm,
C000598,2026-07-16,human,Hiba,Bramble Kitchen,5555961384,Callback,,,,,
C000780,2026-07-04,human,Layla,Olive & Ash Deli - Windrow,+1 555 835 1691,No Answer,,,,,
C001699,2026-06-24,ai,dialler-02,SALT & VINE DINING ROOM,+15551177663,No Answer,,,,,
C001448,2026-06-22,ai,dialler-01,Roan Boba,(555) 725-9463,Not reached,,,,,
C001025,2026-07-01,ai,dialler-01,Thicket Steakhouse,5555541251,Gatekeeper,,,,,
C000302,2026-07-16,ai,dialler-03,Yarrow Cafe,555-278-9922,POS Validated,Meridian Cloud POS,,,,
C000089,2026-07-03,human,Hiba,Wildwood Trattoria - Greenhithe,+15557296161,Callback,,,,,
C000118,2026-06-26,ai,dialler-03,Pike Chophouse,555-389-2581,Not reached,,,,,
C000393,2026-07-12,human,Hiba,Oxbow Wine Bar,555.172.4615,No Answer,,,,,
C001505,2026-07-20,ai,dialler-03,Plumb Bistro,555-470-6197,Not reached,,,,,
C000381,2026-07-26,human,Layla,Umber Supper Club,5555720830,Callback,,,,,
C000547,2026-06-09,human,Layla,Kinship Kitchen,5551491298,Callback,,,,,
C000995,2026-06-15,ai,dialler-03,Motherland Dining Room,555.294.6802,Not reached,,,,,
C000681,2026-07-11,human,Zara,Basil & Bone Taqueria,+15557138013,Data capture incomplete,,,,,
C000391,2026-06-23,human,Fatima,Nine Bridges Table - Kingsway,+15557048580,Not reached,,,,,
C001472,2026-06-17,human,Hiba,Juniper Steakhouse - Ashgrove,(555) 695-2761,Not reached,,,,,
C000229,2026-07-12,ai,dialler-02,Quarry Creamery 1,555.618.4435,Callback,,,,,
C000427,2026-06-20,ai,dialler-02,Kettle Cafe,555.117.4161,POS Validated,Ironclad POS,,,,
C001683,2026-07-25,ai,dialler-02,Driftwood Bistro,(555) 209-3962,Gatekeeper,,,,,
C001511,2026-06-20,human,Zara,Pike Dining Room,+1 555 959 1809,POS Validated,Meridian (legacy),,,,
C000268,2026-06-20,ai,dialler-01,Harrow Creamery,555-521-3346,Gatekeeper,,,,,
C001245,2026-06-21,human,Hiba,Golden Hour Osteria,5554352649,Callback,,,,,
C001037,2026-07-27,ai,dialler-01,CARDINAL TAQUERIA,555.307.7951,POS Validated,Cadence POS,,,,
C001232,2026-07-03,ai,dialler-01,Sparrow Taqueria,5558521796,Callback,,,,,
C001090,2026-07-25,human,Sana,Sixpence Deli,+1 555 623 1825,Gatekeeper,,,,,
C001384,2026-06-14,human,Hiba,Zephyr Steakhouse,+15556462220,Not reached,,,,,
C001581,2026-07-17,ai,dialler-03,Kinship Room,555.927.4700,POS Validated,vellum pos,,,,
C000294,2026-07-30,ai,dialler-03,Blue Heron Room,555-549-8674,No Answer,,,,,
C001504,2026-07-22,ai,dialler-03,Ember Creamery,555-719-2840,No Answer,,,,,
C001393,2026-06-16,ai,dialler-02,Bellwether Smokehouse,5557538435,Not reached,,,,,
C000219,2026-07-12,ai,dialler-01,Umber Kitchen,(555) 449-8678,Gatekeeper,,,,,
C001099,2026-07-30,human,Zara,Sorrel House Verano Bay,555-461-8937,Not reached,,,,,
C001143,2026-06-18,ai,dialler-03,Heron Steakhouse,5558429338,Data capture incomplete,,Beatriz Singh,,,
C000975,2026-06-16,human,Sana,Violet Bistro,(555) 412-0168,Not reached,,,,,
C000972,2026-06-09,human,Hiba,Tin Roof Wine Bar,+1 555 952 8676,Gatekeeper,,,,,
C001402,2026-06-21,human,Layla,Zephyr Bakery,5553349559,Callback,,,,,
C000084,2026-07-25,ai,dialler-03,Fernwood Smokehouse,+1 555 798 7288,Gatekeeper,,,,,
C001254,2026-07-27,ai,dialler-01,Blue Heron Oyster Bar,555.665.0346,Data capture incomplete,,Nicole Okafor,,,
C001470,2026-06-27,ai,dialler-02,Nettle Cantina,(555) 685-8158,Data capture incomplete,,Christina Patel,,,
C001063,2026-06-20,ai,dialler-01,Cobalt Bakery,555-515-1007,Data capture incomplete,,,,,
C000108,2026-07-01,ai,dialler-01,OXBOW TABLE,555-925-5921,Callback,,,,,
C000575,2026-06-15,human,Zara,Olive & Ash Room Restaurant,+15551733531,Not reached,,,,,
C001297,2026-07-05,ai,dialler-03,Fernwood Chophouse,+15557942510,Data capture incomplete,,Carlos Le,,,
C000744,2026-06-24,ai,dialler-02,Cardinal Smoothie - Bayview Flats,555.456.3086,No Answer,,,,,
C000121,2026-06-13,human,Layla,Cobalt Taqueria,(555) 242-1700,No Answer,,,,,
C000727,2026-06-16,ai,dialler-01,Verde Deli 1,(555) 558-8043,Not reached,,,,,
C000345,2026-06-24,human,Sana,The Olive & Ash Juice Bar 1 2,+15559386758,POS Validated,ironcladpos,,,,
C000097,2026-07-30,ai,dialler-02,Pike Alehouse,+1 555 904 7831,POS Validated,CADENCE,,,,
C000244,2026-07-05,human,Sana,Cardinal Chophouse,(555) 954-9908,Data capture incomplete,,,,,
C000303,2026-07-27,ai,dialler-02,Yarrow Cafe - Bayview Flats,+15552789922,No Answer,,,,,
C001274,2026-07-26,ai,dialler-02,Vesper Chophouse Verano Bay,+1 555 942 8416,No Answer,,,,,
C000177,2026-06-22,ai,dialler-03,Bramble Trattoria,+1 555 115 1007,Not reached,,,,,
C000298,2026-06-15,ai,dialler-01,Cinder Room,(555) 649-0270,POS Validated,Meridian Cloud,,,,
C001228,2026-06-27,human,Zara,Prairie Smokehouse,+1 555 753 0203,Gatekeeper,,,,,
C001230,2026-06-25,human,Zara,Sparrow Taqueria,(555) 852-1796,POS Validated,Meridian Cloud POS,Hassan Lopez,Owner,,
C000096,2026-07-15,human,Layla,Pike Alehouse Restaurant,(555) 904-7831,Callback,,,,,
C001697,2026-07-14,ai,dialler-02,The Salt & Vine Dining Room,+1 555 117 7663,No Answer,,,,,
C000587,2026-07-30,human,Zara,Ember Tavern,+1 555 336 0578,POS Validated,vellum pos,Grace Johnson,Owner,Weekends only,grace.johnson@embertavern.example
C000211,2026-07-30,ai,dialler-03,Warbler Oyster Bar,+1 555 725 0459,POS Validated,Vellum Restaurant,,,,
C001235,2026-07-28,human,Hiba,Silverfin Steakhouse,+1 555 814 0250,Data capture incomplete,,Sofia Vasquez,,,
C000704,2026-07-11,human,Sana,The Harrow Donuts,555.397.4324,Data capture incomplete,,,,,
C001256,2026-07-06,human,Hiba,The Blue Heron Oyster Bar,+15556650346,Callback,,,,,
C000954,2026-07-14,human,Sana,Motherland Trattoria Restaurant,(555) 239-7098,Callback,,,,,
C001419,2026-08-01,ai,dialler-03,Rambler Chophouse Verano Bay,5551020241,No Answer,,,,,
C000406,2026-07-05,human,Sana,Verde Cantina,+15559180430,Callback,,,,,
C000237,2026-07-09,ai,dialler-01,Larkspur Deli,555-862-2944,Not reached,,,,,
C000631,2026-07-03,human,Fatima,Tidewater Deli Verano Bay,+1 555 737 4233,No Answer,,,,,
C000731,2026-06-18,ai,dialler-01,FERNWOOD BISTRO,555-494-7594,No Answer,,,,,
C001645,2026-06-22,human,Hiba,Sparrow Grill - Corvo Heights,555.720.6330,Not reached,,,,,
C000154,2026-07-03,human,Zara,Pike Room,+1 555 535 7262,Callback,,,,,
C000730,2026-07-31,ai,dialler-02,Fernwood Bistro,5554947594,Callback,,,,,
C000675,2026-06-20,human,Hiba,ANCHOR ROOM,555-330-9758,Callback,,,,,
C000838,2026-07-19,ai,dialler-01,Hearth Alehouse,5552587936,No Answer,,,,,
C001777,2026-07-18,human,Zara,Nettle Trattoria - Quarry End,555-941-2356,Callback,,,,,
C000179,2026-06-20,human,Zara,Cinder Trattoria,(555) 183-9308,Callback,,,,,
C001547,2026-06-10,ai,dialler-01,Bramble Wine Bar,(555) 699-7998,POS Validated,Northstar Restaurant,James Lopez,General Manager,Tue/Thu mornings,
C000798,2026-06-20,human,Layla,Nine Bridges House,+1 555 349 7342,POS Validated,Northstar,,,,
C000746,2026-07-08,human,Layla,Cardinal Smoothie,555.456.3086,No Answer,,,,,
C001544,2026-07-14,ai,dialler-01,Foxglove Brasserie Verano Bay,555.486.1457,No Answer,,,,,
C001211,2026-07-07,ai,dialler-02,Pike Cafe,+1 555 986 5999,Not reached,,,,,
C000083,2026-07-20,human,Layla,Fernwood Smokehouse,5557987288,Gatekeeper,,,,,
C000909,2026-06-14,ai,dialler-03,Kingfisher Smokehouse,+15553657813,Not reached,,,,,
C000341,2026-07-25,human,Sana,WILDWOOD BISTRO,+15555641735,Callback,,,,,
C001457,2026-07-10,ai,dialler-03,Bramble Osteria,(555) 208-1551,POS Validated,Cadence,,,,
C000434,2026-07-09,human,Sana,Orchard Oyster Bar,5556278100,No Answer,,,,,
C000738,2026-07-13,human,Layla,Sorrel Cantina,555.767.0784,Data capture incomplete,,,,,
C000485,2026-06-15,human,Zara,Olive & Ash Taqueria,+1 555 349 4797,Callback,,,,,
C000071,2026-07-06,ai,dialler-01,Dovetail Trattoria Verano Bay,(555) 500-3879,Not reached,,,,,
C001607,2026-07-27,ai,dialler-01,Little Bear Wine Bar,+15554297781,Gatekeeper,,,,,
C000163,2026-07-09,human,Layla,Roan Chophouse,+15557021453,No Answer,,,,,
C000778,2026-06-18,ai,dialler-01,Inkwell Room - Rivera District,555-893-6959,Not reached,,,,,
C001767,2026-07-23,ai,dialler-01,Pike Smokehouse,+15555179340,Not reached,,,,,
C001378,2026-06-15,ai,dialler-03,Inkwell Steakhouse - Sablewood,5558228998,No Answer,,,,,
C001862,2026-06-12,human,Hiba,Thistle Donuts,+1 555 670 8701,No Answer,,,,,
C001848,2026-07-29,ai,dialler-02,VESPER ROOM,(555) 258-5146,POS Validated,ironcladpos,Victor Hernandez,Owner,,
C000111,2026-06-18,ai,dialler-01,Plumb Trattoria,+15553563139,Not reached,,,,,
C000274,2026-07-21,human,Fatima,Violet Osteria,555-755-2562,POS Validated,Cadence Mini,,,,
C000551,2026-07-30,ai,dialler-02,Magpie Kiosk Restaurant,555-377-2256,No Answer,,,,,
C000342,2026-07-10,human,Layla,Olive & Ash Juice Bar 1 2,+1 555 938 6758,Not reached,,,,,
C000218,2026-07-15,human,Fatima,Yarrow Kitchen,555.661.3400,Callback,,,,,
C001217,2026-07-17,ai,dialler-01,Marrow Chophouse,5556278071,Gatekeeper,,,,,
C000346,2026-07-14,human,Layla,Harrow Wine Bar,(555) 883-4632,POS Validated,ironcladpos,Michael Bianchi,Operations Manager,,michael.bianchi@harrowwinebar.example
C000093,2026-07-05,human,Zara,Stonecutter To Go,5553554732,Callback,,,,,
C000757,2026-06-30,ai,dialler-03,Violet Table,+1 555 363 8422,Callback,,,,,
C001739,2026-07-12,ai,dialler-02,Sorrel Steakhouse,(555) 323-5042,Not reached,,,,,
C000050,2026-07-21,ai,dialler-02,Amber Coffee 1 Restaurant,555.481.8667,Callback,,,,,
C001418,2026-06-21,ai,dialler-03,Rambler Chophouse,+15551020241,POS Validated,orbit systems,,,,
C001277,2026-07-17,ai,dialler-03,Tidewater Coffee,+15555256517,Data capture incomplete,,Hassan Bianchi,,,
C001542,2026-07-16,human,Zara,Foxglove Brasserie - Quarry End,5554861457,POS Validated,cadence,Sofia Doyle,Owner,Tue/Thu mornings,
C001096,2026-06-16,ai,dialler-02,Thistle Brasserie,555-348-5831,No Answer,,,,,
C001444,2026-07-02,ai,dialler-02,Hearth Tavern,+1 555 213 0445,POS Validated,orbit systems,,,,
C000705,2026-07-02,human,Hiba,Harrow Donuts - Calder Park,5553974324,Not reached,,,,,
C001797,2026-07-08,ai,dialler-01,The Driftwood Sandwich Shop,555-949-0319,Data capture incomplete,,Christina Williams,,,
C000173,2026-07-27,ai,dialler-01,TIN ROOF GRILL,(555) 787-5728,No Answer,,,,,
C000115,2026-06-15,ai,dialler-03,MERCADO OYSTER BAR,+15553957496,Not reached,,,,,
C000124,2026-07-07,ai,dialler-01,Salt & Vine Boba - Sablewood,(555) 522-5845,POS Validated,Saltbox,,,,
C001461,2026-07-04,ai,dialler-03,Kinship Coffee 1 Restaurant,+15555432878,No Answer,,,,,
C000180,2026-06-23,human,Zara,Cardinal House,+1 555 538 3004,Data capture incomplete,,,,,
C000905,2026-06-22,human,Zara,Quill Wine Bar Restaurant,(555) 700-2920,Callback,,,,,
C000375,2026-07-06,human,Sana,Heron Dining Room,(555) 409-8444,No Answer,,,,,
C001805,2026-07-21,human,Sana,Nightjar Smokehouse Verano Bay,5552287614,Gatekeeper,,,,,
C000591,2026-07-14,ai,dialler-01,Ironwood Creamery,+1 555 851 6826,Callback,,,,,
C000652,2026-06-12,ai,dialler-02,The Nightjar Smoothie 1 2 3,(555) 499-2643,Not reached,,,,,
C000759,2026-07-15,ai,dialler-02,Tin Roof Smokehouse,(555) 364-4090,No Answer,,,,,
C000444,2026-06-17,human,Sana,Persimmon Room,+15558805470,Data capture incomplete,,Rachel Chen,,,
C000281,2026-07-11,ai,dialler-02,Understory Counter,5553803345,Data capture incomplete,,Paul Le,,,
C001340,2026-07-04,ai,dialler-03,Juniper Creamery,555.375.3850,Callback,,,,,
C001813,2026-07-24,ai,dialler-03,The Fallowfield Kitchen,555.874.1796,Callback,,,,,
C000881,2026-07-07,ai,dialler-03,Rosewater Creamery - Marisol,(555) 641-1306,Data capture incomplete,,,,,
C000068,2026-07-06,human,Sana,Heron Bistro,555-867-7811,No Answer,,,,,
C001438,2026-07-11,human,Layla,Kinship Creamery 1,555-154-3872,Not reached,,,,,
C000872,2026-07-18,ai,dialler-03,THISTLE CHOPHOUSE,5551781499,Not reached,,,,,
C000756,2026-06-16,ai,dialler-01,WREN BOBA,555-628-0282,No Answer,,,,,
C001427,2026-06-12,human,Fatima,Mercado Coffee,555.850.9445,Not reached,,,,,
C000851,2026-06-26,human,Layla,Thicket Brasserie,+1 555 705 5210,Callback,,,,,
C001657,2026-06-23,ai,dialler-03,Copper Donuts - Greenhithe,+15553704609,Data capture incomplete,,,,,
C000544,2026-08-02,ai,dialler-02,Kingfisher Chophouse,555-616-8334,Not reached,,,,,
C001197,2026-07-05,human,Layla,HEARTH CREAMERY,555-441-1868,No Answer,,,,,
C000056,2026-06-22,ai,dialler-03,Ironwood Kitchen,5557079080,No Answer,,,,,
C001332,2026-06-14,ai,dialler-03,Bramble Donuts,555.458.6516,Callback,,,,,
C001103,2026-07-01,ai,dialler-01,Little Bear Chophouse,(555) 859-9691,Callback,,,,,
C000506,2026-07-19,ai,dialler-01,Thicket Creamery,5554669392,Not reached,,,,,
C000500,2026-07-25,ai,dialler-01,Halcyon Trattoria,(555) 406-3156,Data capture incomplete,,,,,
C000401,2026-07-03,human,Zara,Violet Chophouse,555.790.1402,No Answer,,,,,
C000602,2026-06-13,ai,dialler-02,Halcyon Dining Room,555.644.2073,Gatekeeper,,,,,
C001265,2026-07-29,ai,dialler-01,Gallow Taqueria,(555) 561-2338,No Answer,,,,,
C001830,2026-07-24,ai,dialler-02,Jackdaw Osteria - Rivera District,5551389885,No Answer,,,,,
C000594,2026-07-19,ai,dialler-02,Motherland Chophouse,+15555378596,POS Validated,Cadence,,,,
C000960,2026-07-11,ai,dialler-02,Tin Roof Brasserie,5556600310,Callback,,,,,
C001088,2026-07-03,ai,dialler-01,Basil & Bone Smokehouse,555.233.0612,No Answer,,,,,
C001116,2026-06-24,human,Fatima,PIKE GRILL,(555) 728-9782,No Answer,,,,,
C001035,2026-06-21,ai,dialler-02,Alder House,+1 555 490 1277,POS Validated,Northstar,Robert Patel,Co-Owner,After 9pm,
C000088,2026-06-23,ai,dialler-01,Olive & Ash Table,+1 555 951 9633,POS Validated,Ironclad,,,,
C000495,2026-07-03,ai,dialler-02,Jackdaw Brasserie - Greenhithe,5553630393,POS Validated,Cadence Station,,,,
C001852,2026-07-18,human,Zara,The Yarrow Table,555.180.4773,Callback,,,,,
C000522,2026-07-06,ai,dialler-01,Dovetail Taqueria,+1 555 387 7798,No Answer,,,,,
C000456,2026-07-04,ai,dialler-03,Golden Hour Room - Harbor Point,+1 555 575 8332,POS Validated,Ironclad POS,,,,
C000442,2026-07-24,ai,dialler-01,The Persimmon Room,555.880.5470,No Answer,,,,,
C000074,2026-06-09,ai,dialler-02,Yarrow Express,+15551992756,POS Validated,cadence,,,,
C000593,2026-07-23,human,Sana,The Motherland Chophouse,+15555378596,No Answer,,,,,
C000848,2026-06-14,ai,dialler-03,WARBLER TRATTORIA,+15552036871,Gatekeeper,,,,,
C000204,2026-06-27,ai,dialler-01,Quarry House,+1 555 251 6300,No Answer,,,,,
C001661,2026-06-30,human,Sana,Inkwell Brasserie Verano Bay,+15552877152,No Answer,,,,,
C001729,2026-06-16,human,Hiba,Halcyon Alehouse,5555452669,Callback,,,,,
C000622,2026-07-11,ai,dialler-03,Juniper Kitchen,+1 555 318 7327,Not reached,,,,,
C001500,2026-07-30,human,Fatima,Stonecutter Chophouse,+1 555 780 7842,Not reached,,,,,
C001150,2026-07-17,human,Fatima,Rosewater Bistro - Calder Park,5557271688,No Answer,,,,,
C000895,2026-07-04,ai,dialler-02,Driftwood Supper Club,5559739616,Gatekeeper,,,,,
C001772,2026-06-17,human,Sana,Wren Alehouse,+15559258974,No Answer,,,,,
C001065,2026-06-09,human,Zara,Cobalt Bakery,+1 555 515 1007,Data capture incomplete,,Susan Schmidt,,,
C001520,2026-06-22,human,Fatima,Loam Oyster Bar,5559752218,Callback,,,,,
C001149,2026-07-26,ai,dialler-03,Rosewater Bistro - Corvo Heights,5557271688,Not reached,,,,,
C000792,2026-07-04,ai,dialler-01,Sable Grill,(555) 610-5450,POS Validated,Vellum Restaurant,,,,
C000556,2026-06-24,human,Hiba,Vesper Osteria,555-181-2316,Not reached,,,,,
C001345,2026-07-13,human,Zara,Kinship Kiosk - Bramble Row,5557728210,No Answer,,,,,
C000166,2026-06-29,human,Layla,Dovetail Alehouse Verano Bay,(555) 361-5085,Data capture incomplete,,,,,
C001454,2026-07-30,ai,dialler-03,Kingfisher Trattoria Verano Bay,+15552031076,Not reached,,,,,
C001811,2026-06-20,ai,dialler-03,Fallowfield Kitchen,555.874.1796,No Answer,,,,,
C001209,2026-07-05,ai,dialler-02,The Marrow Osteria,(555) 810-0779,Gatekeeper,,,,,
C000651,2026-07-14,ai,dialler-01,The Amber Table,(555) 789-9280,Callback,,,,,
C001262,2026-07-14,human,Hiba,Sparrow Kitchen,+15558296640,No Answer,,,,,
C000994,2026-07-29,ai,dialler-01,The Sorrel Grill,555-968-9127,No Answer,,,,,
C000320,2026-06-18,human,Zara,Amber Dining Room,+1 555 741 6843,POS Validated,ironcladpos,George Okafor,Owner,,
C001879,2026-07-24,human,Zara,Verde Cafe,+1 555 330 5824,POS Validated,meridian,David Martinez,Owner,,
C001755,2026-07-23,human,Zara,Bluebird Boba - Old Mill,+1 555 291 3459,Data capture incomplete,,,,,
C000654,2026-07-12,human,Layla,Nightjar Smoothie 1 2 3,555-499-2643,POS Validated,vellum,,,,
C001864,2026-08-02,ai,dialler-01,Gallow House - Lantern Hill,5559008040,POS Validated,Fernpost,,,,
C001306,2026-06-27,human,Layla,Plumb Brasserie,+1 555 285 4236,Not reached,,,,,
C000825,2026-07-07,ai,dialler-03,Palisade Grill,555.819.0423,Callback,,,,,
C001510,2026-07-28,human,Hiba,Cardinal Food Truck,5553057742,No Answer,,,,,
C000611,2026-07-17,ai,dialler-01,Sixpence Room,+15558706960,Callback,,,,,
C001333,2026-06-17,ai,dialler-03,Bramble Donuts - Harbor Point,+15554586516,Data capture incomplete,,Elena Garcia,,,
C001477,2026-07-03,human,Layla,Kettle Room,(555) 459-8951,POS Validated,Ironclad POS,,,,
C000599,2026-07-01,human,Hiba,Bramble Kitchen,555.596.1384,Not reached,,,,,
C001652,2026-06-13,ai,dialler-02,Loam Trattoria - Miradero,+15557461807,Data capture incomplete,,,,,
C000339,2026-07-31,ai,dialler-03,Wildwood Bistro,555-564-1735,Data capture incomplete,,,,,
C000830,2026-07-15,ai,dialler-01,Amber Grill,555-344-3772,POS Validated,Cadence,Maria Andino,Managing Partner,Before 11am,
C001273,2026-06-15,ai,dialler-03,Vesper Chophouse,555-942-8416,Callback,,,,,
C001670,2026-06-19,ai,dialler-03,Lantern Taqueria,5552903469,Not reached,,,,,
C000468,2026-07-17,human,Fatima,Bramble Deli 1,+1 555 577 3021,POS Validated,Meridian,Sofia Johnson,General Manager,,
C001075,2026-07-12,ai,dialler-01,Basil and Bone Osteria,+1 555 916 5753,Callback,,,,,
C000589,2026-07-09,ai,dialler-03,Harrow Smokehouse,555-611-2831,No Answer,,,,,
C000702,2026-07-28,ai,dialler-03,LITTLE BEAR CAFE,555.480.8133,Data capture incomplete,,,,,
C001237,2026-07-26,ai,dialler-03,Foxtail Alehouse,+15557613140,Gatekeeper,,,,,
C000132,2026-07-28,ai,dialler-01,The Marigold To Go,+1 555 375 9845,Callback,,,,,
C001111,2026-07-11,human,Layla,BLUE HERON KITCHEN,555-991-9223,No Answer,,,,,
C001285,2026-07-01,human,Fatima,Juniper Oyster Bar,555.595.4402,Callback,,,,,
C000708,2026-07-13,human,Layla,The Tin Roof Cantina,+15552505310,Data capture incomplete,,,,,
C001170,2026-07-30,ai,dialler-02,Wren Steakhouse,5553608095,Not reached,,,,,
C000659,2026-07-02,human,Hiba,Tidewater Cantina Verano Bay,5557261706,Gatekeeper,,,,,
C001559,2026-07-29,ai,dialler-01,Marrow Table,555-773-8524,No Answer,,,,,
C001622,2026-07-07,human,Hiba,Pike Bakery,(555) 551-3176,Not reached,,,,,
C001404,2026-06-25,ai,dialler-02,Umber Alehouse,(555) 116-8603,No Answer,,,,,
C001158,2026-06-12,human,Zara,The Palisade Room,555-566-2897,Not reached,,,,,
C001613,2026-06-10,human,Fatima,Dovetail House,555-836-2332,Not reached,,,,,
C000529,2026-07-24,ai,dialler-01,Cardinal Room,5552787034,Gatekeeper,,,,,
C000142,2026-07-07,ai,dialler-03,Warbler Tavern,(555) 146-9904,Callback,,,,,
C000679,2026-06-26,human,Layla,Fernwood Kiosk 1,+15555223401,No Answer,,,,,
C001822,2026-08-02,human,Zara,Redbird Boba 1,+1 555 101 7251,Gatekeeper,,,,,
C000637,2026-06-12,human,Hiba,Rambler Boba,(555) 441-2099,Data capture incomplete,,,,,
C000663,2026-07-05,ai,dialler-03,Oxbow Taqueria,555-419-1309,Not reached,,,,,
C000701,2026-06-23,ai,dialler-01,Basil & Bone Smoothie,5556045857,Callback,,,,,
C001605,2026-06-23,ai,dialler-03,Cardinal Boba Verano Bay,+15552497698,Callback,,,,,
C000363,2026-07-28,human,Hiba,Olive & Ash Alehouse,(555) 971-7723,No Answer,,,,,
C000328,2026-07-29,ai,dialler-03,Bellwether Cantina,555.985.4744,No Answer,,,,,
C000739,2026-07-02,ai,dialler-02,Sorrel Cantina Restaurant,+15557670784,Data capture incomplete,,,,,
C001142,2026-07-03,ai,dialler-03,Heron Steakhouse,555.842.9338,Data capture incomplete,,Michael Brown,,,
C001019,2026-07-19,human,Hiba,Nettle Oyster Bar,(555) 183-9548,POS Validated,vellum pos,,,,
C001435,2026-07-16,ai,dialler-02,Wren To Go - Cedar Cross,5558325134,POS Validated,Northstar POS,,,,
C001880,2026-06-28,ai,dialler-03,Verde Cafe,+1 555 330 5824,Callback,,,,,
C000062,2026-06-11,ai,dialler-01,Plumb Oyster Bar,5556637630,POS Validated,Cadence Mini,,,,
C000397,2026-07-04,ai,dialler-01,Yarrow Alehouse,555-448-4520,Callback,,,,,
C001468,2026-07-03,human,Zara,Nettle Cantina,(555) 685-8158,Callback,,,,,
C000300,2026-07-03,ai,dialler-03,Cinder Room,5556490270,No Answer,,,,,
C000658,2026-06-23,ai,dialler-01,Saffron To Go,+15551892128,POS Validated,Cadence POS,Yolanda Schmidt,Operations Manager,,
C000077,2026-08-02,human,Fatima,Loam Chophouse,+15557280731,POS Validated,vellum,Elena Garcia,General Manager,Tue/Thu mornings,
C000963,2026-07-02,ai,dialler-02,Roan Taqueria,(555) 512-6514,Gatekeeper,,,,,
C001552,2026-07-18,ai,dialler-03,Sparrow Table,+1 555 925 2887,POS Validated,Northstar,,,,
C001077,2026-07-27,ai,dialler-02,Redbird Deli,(555) 536-8094,Gatekeeper,,,,,
C001846,2026-07-31,ai,dialler-03,Verde Brasserie Verano Bay,+1 555 773 5834,No Answer,,,,,
C000284,2026-07-11,ai,dialler-02,Ember Smoothie,5558692116,POS Validated,CADENCE,Nadia Johnson,General Manager,Tue/Thu mornings,
C000802,2026-07-08,ai,dialler-02,VERDE SMOKEHOUSE,+1 555 355 1152,Not reached,,,,,
C000734,2026-07-18,ai,dialler-02,Ironwood Trattoria,+1 555 999 4582,No Answer,,,,,
C000511,2026-08-01,human,Zara,Palisade Cantina,+15553662915,Callback,,,,,
C000521,2026-07-25,human,Layla,Dovetail Taqueria,5553877798,POS Validated,Meridian Server,Jennifer Johnson,Operations Manager,Mon-Fri 10am-12pm,
C001455,2026-07-09,human,Layla,Larkspur Smokehouse,(555) 602-1457,Not reached,,,,,
C000507,2026-06-09,human,Hiba,WREN CANTINA,+1 555 513 6215,Callback,,,,,
C001068,2026-06-30,human,Zara,Rambler Tavern,+15554942134,POS Validated,Northstar,,,,
C000676,2026-07-19,ai,dialler-02,Anchor Room,+15553309758,Callback,,,,,
C001029,2026-07-02,ai,dialler-02,The Yarrow Cantina,+15558935560,Not reached,,,,,
C001860,2026-06-17,ai,dialler-03,Zephyr Kiosk Verano Bay,+1 555 125 0894,Not reached,,,,,
C000453,2026-07-05,human,Fatima,Marigold Alehouse,(555) 841-5898,Callback,,,,,
C001314,2026-07-14,ai,dialler-03,Vesper Donuts,555-675-6077,No Answer,,,,,
C000047,2026-06-22,human,Fatima,Sable Dining Room Verano Bay,555-317-1871,POS Validated,Ironclad POS,Elena Andino,General Manager,,
C000765,2026-06-23,ai,dialler-03,Wren Oyster Bar,(555) 495-4355,Callback,,,,,
C000728,2026-07-03,ai,dialler-01,VERDE DELI 1,555.558.8043,Not reached,,,,,
C001244,2026-07-09,human,Hiba,Golden Hour Osteria,555.435.2649,No Answer,,,,,
C001315,2026-06-25,ai,dialler-03,Vesper Donuts - Bramble Row,555.675.6077,Callback,,,,,
C001282,2026-06-13,human,Hiba,Northbank Bistro,5551508297,POS Validated,Northstar Restaurant,,,,
C001368,2026-06-16,human,Zara,Nettle Steakhouse,(555) 916-7459,Callback,,,,,
C001693,2026-07-08,human,Layla,Rookery Oyster Bar,+1 555 782 6119,Callback,,,,,
C001043,2026-06-09,human,Fatima,Sable Trattoria,555-161-5414,Data capture incomplete,,,,,
C000886,2026-07-26,ai,dialler-03,Understory Bistro,5553663678,Not reached,,,,,
C001686,2026-08-02,human,Sana,Little Bear Sandwich Shop,+1 555 983 6685,Gatekeeper,,,,,
C001745,2026-07-18,human,Sana,Lantern Wine Bar,(555) 773-6190,Data capture incomplete,,,,,
C001695,2026-06-25,human,Sana,Cinder Kitchen Verano Bay,555.545.1514,Data capture incomplete,,Susan Petrou,,,
C000436,2026-07-11,human,Hiba,Saffron Supper Club,555.814.0796,POS Validated,Cadence Station,,,,
C001765,2026-07-16,ai,dialler-01,Sable Bistro,555.446.7597,Not reached,,,,,
C000822,2026-07-04,ai,dialler-02,Tallgrass Supper Club,555-773-1214,Not reached,,,,,
C000114,2026-07-09,human,Layla,The Juniper Dining Room,555-869-2322,No Answer,,,,,
C000729,2026-06-18,human,Zara,FERNWOOD BISTRO,(555) 494-7594,POS Validated,vellum pos,Marcus Patel,Managing Partner,,
C000016,2026-06-21,human,Hiba,Palisade Bistro,555-372-8108,Callback,,,,,
C001236,2026-07-27,ai,dialler-02,Silverfin Steakhouse,5558140250,No Answer,,,,,
C000364,2026-07-05,human,Hiba,Olive & Ash Alehouse,(555) 971-7723,No Answer,,,,,
C001689,2026-06-11,human,Hiba,Rookery Oyster Bar - Cedar Cross,(555) 782-6119,POS Validated,Ironclad POS,James Hernandez,Owner,Mon-Fri 10am-12pm,
C001426,2026-06-11,human,Hiba,Mercado Coffee,555-850-9445,Data capture incomplete,,,,,
C000885,2026-06-22,ai,dialler-01,Bluebird Taqueria,5555658909,POS Validated,Vellum POS,Victor Brown,Owner,After 9pm,
C000948,2026-06-24,ai,dialler-02,Loam Sandwich Shop,555-870-6534,Not reached,,,,,
C001737,2026-07-13,ai,dialler-03,Cinder Kiosk,+15553726023,POS Validated,VELLUM,,,,
C000543,2026-06-25,human,Sana,Zephyr Kitchen,(555) 692-9482,Callback,,,,,
C001809,2026-06-23,ai,dialler-01,Violet Taqueria,(555) 669-4701,Not reached,,,,,
C000455,2026-06-24,human,Hiba,Golden Hour Room,+1 555 575 8332,Callback,,,,,
C000536,2026-08-02,ai,dialler-01,Wildwood Chophouse Verano Bay,(555) 626-6371,No Answer,,,,,
C000289,2026-06-24,ai,dialler-03,Nettle Bakery,(555) 875-9344,POS Validated,Northstar,Yolanda Bianchi,General Manager,Before 11am,yolanda.bianchi@nettlebakery.example
C001119,2026-08-01,human,Zara,Quarry Oyster Bar Restaurant,555-365-8714,Gatekeeper,,,,,
C000937,2026-07-25,ai,dialler-02,Nightjar Smoothie 1 Restaurant,555-476-4333,Data capture incomplete,,,,,
C000425,2026-07-19,human,Sana,Wren House,555-342-4888,Not reached,,,,,
C001080,2026-07-07,ai,dialler-02,REDBIRD DELI,5555368094,Callback,,,,,
C001319,2026-07-08,human,Hiba,Rambler Wine Bar - Kingsway,5552582965,No Answer,,,,,
C001056,2026-07-10,human,Fatima,Golden Hour Oyster Bar,+1 555 822 7656,Gatekeeper,,,,,
C000976,2026-07-28,human,Layla,Plumb Tavern,(555) 350-5028,Gatekeeper,,,,,
C001779,2026-07-14,human,Hiba,Vesper Grill,555-733-5091,POS Validated,BlueCrest,Frank Schmidt,GM,Before 11am,frank.schmidt@vespergrill.example
C000840,2026-06-10,ai,dialler-03,The Oxbow Kitchen,5559029746,POS Validated,Saltbox,Elena Bianchi,GM,,
C000213,2026-06-11,human,Hiba,Roan Counter,555-970-6194,Data capture incomplete,,,,,
C001460,2026-06-26,ai,dialler-02,Kinship Coffee 1,(555) 543-2878,No Answer,,,,,
C000460,2026-06-12,ai,dialler-02,Magpie Trattoria,555.446.9376,Not reached,,,,,
C001721,2026-07-25,human,Hiba,Golden Hour Juice Bar,555.481.0446,Data capture incomplete,,,,,
C001355,2026-07-05,ai,dialler-01,Stonecutter Kitchen Restaurant,555-363-8947,No Answer,,,,,
C000735,2026-06-14,ai,dialler-03,Ironwood Trattoria,555.999.4582,Not reached,,,,,
C001089,2026-07-31,ai,dialler-01,Sixpence Deli,+1 555 623 1825,No Answer,,,,,
C000240,2026-06-28,ai,dialler-03,Sixpence Alehouse,+1 555 611 6531,POS Validated,Northstar Restaurant,,,,
C001066,2026-06-12,ai,dialler-01,Rambler Tavern,555.494.2134,Callback,,,,,
C000973,2026-07-20,human,Layla,The Tin Roof Wine Bar,5559528676,Not reached,,,,,
C001692,2026-07-23,ai,dialler-01,Rookery Oyster Bar,+15557826119,No Answer,,,,,
C000565,2026-07-11,ai,dialler-01,Cardinal Grill,555.993.7383,Callback,,,,,
C001759,2026-06-28,human,Fatima,Rookery Brasserie,+1 555 570 0424,POS Validated,Ironclad POS,Angela Murphy,Owner,,angela.murphy@rookerybrasserie.example
C000771,2026-06-30,ai,dialler-02,Anchor Supper Club,555.120.7550,Data capture incomplete,,,,,
C000502,2026-08-01,human,Sana,Copper Kiosk Verano Bay,555-497-6981,No Answer,,,,,
C001238,2026-07-26,human,Fatima,Foxtail Alehouse,555.761.3140,POS Validated,NorthStar,Nadia Doyle,Co-Owner,Mon-Fri 10am-12pm,nadia.doyle@foxtailalehouse.example
C000245,2026-06-20,human,Layla,Cardinal Chophouse,+15559549908,No Answer,,,,,
C001276,2026-07-10,human,Sana,The Motherland Osteria,+15553207694,Not reached,,,,,
C001166,2026-07-17,ai,dialler-03,Hearth Room,555.216.0464,POS Validated,IRONCLAD,,,,
C001213,2026-07-13,ai,dialler-02,Zephyr Creamery 1,555.212.0979,Data capture incomplete,,Tony Le,,,
C000494,2026-07-13,human,Fatima,Ironwood Table,555-362-4886,Data capture incomplete,,,,,
C001705,2026-07-20,human,Fatima,Jackdaw Chophouse,(555) 410-4852,No Answer,,,,,
C001723,2026-07-10,human,Layla,Golden Hour Juice Bar,555.481.0446,Not reached,,,,,
C001030,2026-06-16,ai,dialler-01,The Redbird Creamery,+15556521854,POS Validated,Ironclad POS,,,,
C001167,2026-07-03,human,Layla,SIXPENCE CANTINA,(555) 988-2462,Gatekeeper,,,,,
C000481,2026-06-13,human,Layla,Mercado Wine Bar Verano Bay,+15555332046,POS Validated,Tessera Express,Elena Williams,Owner,,
C001195,2026-07-18,ai,dialler-02,Ironwood Bakery,555-337-4049,Callback,,,,,
C001380,2026-07-26,human,Layla,Tallgrass House,+15558130946,POS Validated,Cadence POS,,,,
C001337,2026-07-17,human,Zara,Cobalt Supper Club,555.299.3532,No Answer,,,,,
C000057,2026-06-26,ai,dialler-01,Foxtail Smokehouse - Miradero,555.538.9492,No Answer,,,,,
C000336,2026-06-13,ai,dialler-01,Nine Bridges Chophouse,555.688.3396,POS Validated,Cadence,,,,
C001474,2026-07-11,human,Sana,Juniper Steakhouse,(555) 695-2761,POS Validated,Vellum Restaurant,Linda Doyle,Co-Owner,,
C000466,2026-06-16,ai,dialler-02,Tidewater Osteria,(555) 396-7759,Data capture incomplete,,,,,
C001787,2026-07-06,ai,dialler-03,Kinship Juice Bar,555.714.1833,POS Validated,Meridian Cloud POS,Deborah Le,GM,,
C000888,2026-07-25,ai,dialler-01,Bellwether Supper Club Verano Bay,(555) 510-0334,Gatekeeper,,,,,
C001550,2026-07-19,human,Layla,Mercado Room,(555) 242-1511,POS Validated,Ironclad POS,Frank Andino,GM,After 9pm,frank.andino@mercadoroom.example
C000790,2026-07-12,ai,dialler-02,Plumb Chophouse,555.674.9429,No Answer,,,,,
C000020,2026-07-27,human,Hiba,Palisade Oyster Bar,(555) 536-4927,No Answer,,,,,
C000136,2026-07-22,human,Fatima,Ironwood Bistro,+15557376319,Not reached,,,,,
C000079,2026-07-19,human,Zara,Anchor Dining Room,555.531.4902,POS Validated,Cadence,Christina Brown,Operations Manager,,
C000712,2026-07-08,human,Layla,Gallow Tavern,555-679-5590,No Answer,,,,,
C000479,2026-08-01,ai,dialler-01,Mercado Wine Bar,+15555332046,No Answer,,,,,
C001673,2026-06-15,ai,dialler-03,Foxtail Grill,555-192-6335,Not reached,,,,,
C001017,2026-06-13,human,Hiba,Warbler House,+1 555 215 9729,Callback,,,,,
C001663,2026-07-17,ai,dialler-03,INKWELL BRASSERIE,(555) 287-7152,Callback,,,,,
C000348,2026-07-18,human,Layla,Harrow Wine Bar,555.883.4632,No Answer,,,,,
C001625,2026-06-10,ai,dialler-01,Kinship Smoothie,+15554209875,Not reached,,,,,
C000907,2026-07-01,human,Layla,Pike Counter Verano Bay,555.781.1905,Not reached,,,,,
C000770,2026-07-11,ai,dialler-03,Anchor Supper Club,(555) 120-7550,Data capture incomplete,,,,,
C000883,2026-07-11,ai,dialler-02,Bluebird Taqueria,+15555658909,Not reached,,,,,
C000783,2026-07-30,ai,dialler-02,Sixpence Supper Club Verano Bay,5559390609,Gatekeeper,,,,,
C001305,2026-06-21,ai,dialler-01,Fallowfield Bakery,(555) 968-9010,POS Validated,Fernpost,,,,
C000688,2026-06-18,human,Zara,Thicket Sandwich Shop,555-900-7607,Gatekeeper,,,,,
C001867,2026-07-04,human,Zara,Gallow House,+1 555 900 8040,No Answer,,,,,
C001372,2026-07-05,ai,dialler-03,Yarrow Oyster Bar Restaurant,(555) 634-2622,No Answer,,,,,
C001722,2026-06-16,ai,dialler-01,Golden Hour Juice Bar,555-481-0446,Data capture incomplete,,,,,
C000212,2026-07-21,ai,dialler-01,Roan Counter,555-970-6194,Callback,,,,,
C000680,2026-07-04,human,Layla,Fernwood Kiosk 1,(555) 522-3401,Gatekeeper,,,,,
C001130,2026-07-04,human,Fatima,Rambler Dining Room,555.490.6185,Not reached,,,,,
C001227,2026-06-11,ai,dialler-01,Ember Creamery 1,+1 555 392 7654,Callback,,,,,
C000682,2026-07-28,ai,dialler-03,Basil & Bone Taqueria,+15557138013,Data capture incomplete,,,,,
C001328,2026-07-31,ai,dialler-02,Sorrel Dining Room,555.940.8921,No Answer,,,,,
C001543,2026-06-17,human,Zara,Foxglove Brasserie,555.486.1457,No Answer,,,,,
C000700,2026-06-28,ai,dialler-03,Golden Hour Smokehouse,(555) 285-7292,POS Validated,northstar,,,,
C001374,2026-07-24,human,Hiba,The Inkwell Steakhouse,(555) 822-8998,No Answer,,,,,
C001202,2026-07-05,ai,dialler-03,Foxglove Bistro,+1 555 981 0674,Data capture incomplete,,Michael Singh,,,
C001382,2026-07-02,human,Sana,Northbank Grill,555.744.5746,Callback,,,,,
C001565,2026-06-27,human,Fatima,Thicket Kiosk 1,555.590.6658,Callback,,,,,
C000595,2026-07-27,ai,dialler-01,Nine Bridges Bistro,5556940146,Not reached,,,,,
C000246,2026-07-19,ai,dialler-03,Kinship Table,+1 555 506 8500,POS Validated,cadence flex,Omar Patel,Managing Partner,After 9pm,omar.patel@kinshiptable.example
C001224,2026-08-02,ai,dialler-01,The Ember Creamery 1,(555) 392-7654,POS Validated,Vellum POS,,,,
C000751,2026-06-10,ai,dialler-02,Rambler Cantina,555-223-4047,Data capture incomplete,,,,,
C001854,2026-06-11,ai,dialler-02,Persimmon Cantina,555-471-3993,Data capture incomplete,,Omar Brown,,,
C000539,2026-07-30,human,Layla,Wildwood Chophouse,(555) 626-6371,No Answer,,,,,
C001549,2026-06-28,ai,dialler-03,Mercado Room,+15552421511,Data capture incomplete,,,,,
C000572,2026-06-17,human,Fatima,Driftwood House,555-145-9750,No Answer,,,,,
C001532,2026-07-17,human,Layla,Prairie Kitchen,+15552357387,No Answer,,,,,
C000031,2026-07-29,human,Sana,KETTLE EXPRESS,5552665644,Not reached,,,,,
C000978,2026-07-13,human,Layla,Plumb Tavern,+15553505028,POS Validated,Saltbox,,,,
C000671,2026-07-01,ai,dialler-02,The Alder Brasserie,555.266.4575,Callback,,,,,
C000964,2026-07-19,ai,dialler-01,Roan Taqueria,(555) 512-6514,Data capture incomplete,,,,,
C000815,2026-07-04,human,Sana,Larkspur Donuts,555.147.3921,No Answer,,,,,
C000155,2026-07-25,ai,dialler-02,Olive & Ash Dining Room,+15558212080,Callback,,,,,
C001514,2026-06-19,human,Zara,Foxglove Grill,555.526.2331,No Answer,,,,,
C001317,2026-06-22,human,Hiba,The Loam Wine Bar,555-627-8551,Not reached,,,,,
C001554,2026-06-17,ai,dialler-01,Sparrow Table Restaurant,555.925.2887,Callback,,,,,
C000001,2026-08-01,ai,dialler-01,Vesper Taqueria,(555) 987-3835,No Answer,,,,,
C001731,2026-06-28,ai,dialler-01,The Halcyon Alehouse,5555452669,Data capture incomplete,,James Williams,,,
C001653,2026-06-28,ai,dialler-02,Loam Trattoria,(555) 746-1807,No Answer,,,,,
C001495,2026-07-12,ai,dialler-03,Ember Cafe 1 - Quarry End,5551765649,POS Validated,Ironclad,,,,
C000990,2026-07-15,ai,dialler-03,Blue Heron Bistro Restaurant,5552896044,No Answer,,,,,
C001212,2026-07-30,ai,dialler-02,Zephyr Creamery 1,555.212.0979,Data capture incomplete,,,,,
C000839,2026-06-22,human,Layla,Hearth Alehouse,(555) 258-7936,No Answer,,,,,
C000355,2026-06-12,human,Zara,Sparrow Juice Bar,+15557324126,Not reached,,,,,
C001770,2026-07-10,human,Hiba,Blue Heron Taqueria - Ferrymead,555.522.9877,No Answer,,,,,
C001516,2026-07-18,ai,dialler-01,Foxglove Grill,+1 555 526 2331,POS Validated,Orbit POS,Paul Novak,Operations Manager,Mon-Fri 10am-12pm,
C001253,2026-06-30,ai,dialler-02,Dovetail Cafe,+1 555 520 0975,Data capture incomplete,,Christina Brown,,,
C000264,2026-06-29,human,Fatima,Ember Wine Bar,+15553761703,Callback,,,,,
C001492,2026-07-07,human,Fatima,SPARROW BAKERY,555.825.8849,POS Validated,northstar,,,,
C001807,2026-07-30,human,Fatima,Plumb Express,555-435-8141,POS Validated,IRONCLAD,Yolanda Torres,Owner,Weekdays after 3pm,yolanda.torres@plumbexpress.example
C000299,2026-06-26,ai,dialler-01,Cinder Room,555-649-0270,Callback,,,,,
C000785,2026-08-01,human,Layla,Nine Bridges Tavern,+15554924989,Not reached,,,,,
C001571,2026-06-11,human,Fatima,Tallgrass Juice Bar,555-885-5869,Data capture incomplete,,Daniel Haddad,,,
C000036,2026-07-20,ai,dialler-01,Understory Steakhouse,555-997-3091,No Answer,,,,,
C000517,2026-07-28,ai,dialler-03,Ember Sandwich Shop,+1 555 547 2861,Data capture incomplete,,,,,
C000714,2026-07-23,ai,dialler-02,Marigold Chophouse,(555) 467-3418,No Answer,,,,,
C001248,2026-07-12,human,Layla,Gallow Brasserie Verano Bay,555.333.3266,No Answer,,,,,
C001557,2026-06-14,human,Fatima,Little Bear Smokehouse,+15555206758,POS Validated,vellum pos,Daniel Reyes,Co-Owner,Weekdays after 3pm,
C001341,2026-06-27,human,Layla,Kinship Supper Club,+15552635323,Data capture incomplete,,Tony Novak,,,
C001269,2026-06-22,human,Hiba,Nine Bridges Sandwich Shop,(555) 133-7876,No Answer,,,,,
C001610,2026-06-21,ai,dialler-02,Dovetail House Restaurant,5558362332,Callback,,,,,
C000157,2026-07-11,ai,dialler-03,Northbank Cantina,(555) 480-4006,Data capture incomplete,,,,,
C001152,2026-07-24,ai,dialler-01,Cardinal Kitchen,555-480-3326,Callback,,,,,
C000250,2026-07-15,ai,dialler-01,Marigold Sandwich Shop,(555) 192-6770,No Answer,,,,,
C001064,2026-07-06,ai,dialler-01,Cobalt Bakery,+15555151007,Data capture incomplete,,,,,
C000053,2026-06-27,ai,dialler-03,LANTERN STEAKHOUSE,555-379-9112,Gatekeeper,,,,,
C000847,2026-06-10,human,Hiba,Warbler Trattoria,+1 555 203 6871,Callback,,,,,
C001664,2026-07-25,ai,dialler-01,Inkwell Brasserie,+1 555 287 7152,No Answer,,,,,
C000098,2026-06-21,ai,dialler-03,Ember Cafe,555-615-0539,POS Validated,vellum pos,Kevin Okafor,GM,Tue/Thu mornings,
C001179,2026-06-15,ai,dialler-01,KINSHIP COFFEE,(555) 771-6835,Not reached,,,,,
C000249,2026-07-23,ai,dialler-02,Kinship Table,(555) 506-8500,Callback,,,,,
C001594,2026-06-12,ai,dialler-01,Bellwether Osteria,+1 555 234 0940,Data capture incomplete,,Ahmed Williams,,,
C000327,2026-06-15,ai,dialler-03,Redbird Bistro - Greenhithe,555.320.7541,POS Validated,cadence flex,,,,
C001409,2026-06-27,human,Layla,Warbler Wine Bar,555.614.6957,Not reached,,,,,
C001218,2026-06-21,ai,dialler-01,Fallowfield Juice Bar,(555) 136-0142,Data capture incomplete,,,,,
C001339,2026-07-27,human,Fatima,Juniper Creamery,+1 555 375 3850,Callback,,,,,
C000307,2026-06-18,ai,dialler-02,Ember Grill - Greenhithe,555.496.6837,No Answer,,,,,
C001367,2026-07-24,human,Sana,Sparrow Oyster Bar - Palisade Park,(555) 903-3943,Callback,,,,,
C000900,2026-07-29,ai,dialler-01,Juniper Table Verano Bay,+1 555 794 6078,POS Validated,Fernpost,,,,
C000394,2026-06-17,ai,dialler-01,Tidewater Kitchen,555-768-1544,Not reached,,,,,
C001792,2026-06-16,ai,dialler-02,Gallow Cantina,+1 555 579 8314,Not reached,,,,,
C000277,2026-07-01,ai,dialler-02,Mercado Grill,+15557711284,No Answer,,,,,
C000793,2026-06-23,human,Sana,SABLE GRILL,+1 555 610 5450,No Answer,,,,,
C000513,2026-06-22,ai,dialler-01,Palisade Cantina,555-366-2915,No Answer,,,,,
C000440,2026-06-27,ai,dialler-03,Persimmon Room,555.880.5470,No Answer,,,,,
C001528,2026-07-21,ai,dialler-03,The Oxbow Cantina,+1 555 233 5723,Gatekeeper,,,,,
C001861,2026-08-01,human,Fatima,Zephyr Kiosk,+15551250894,Not reached,,,,,
C000435,2026-07-23,human,Hiba,Saffron Supper Club,555.814.0796,No Answer,,,,,
C001290,2026-06-18,human,Layla,The Heron Wine Bar,+1 555 814 2169,Callback,,,,,
C001482,2026-07-30,ai,dialler-03,Vesper Cantina Verano Bay,555-936-5456,No Answer,,,,,
C000075,2026-07-30,ai,dialler-03,Loam Chophouse Verano Bay,(555) 728-0731,Callback,,,,,
C001798,2026-06-10,human,Layla,Driftwood Sandwich Shop - Sunfield,(555) 949-0319,POS Validated,northstar,Linda Chen,Owner,Mon-Fri 10am-12pm,
C001139,2026-06-28,human,Sana,Wren Table,+1 555 845 0001,Callback,,,,,
C000939,2026-08-02,ai,dialler-03,Nightjar Smoothie 1,555-476-4333,Not reached,,,,,
C000933,2026-06-14,ai,dialler-03,Understory House,555.925.5333,No Answer,,,,,
C000301,2026-07-31,human,Sana,Yarrow Cafe,555.278.9922,Data capture incomplete,,,,,
C000653,2026-06-11,human,Layla,NIGHTJAR SMOOTHIE 1 2 3,(555) 499-2643,Callback,,,,,
C000819,2026-07-19,ai,dialler-01,Gallow Chophouse,+1 555 498 6160,Data capture incomplete,,Marcus Garcia,,,
C001405,2026-06-13,human,Sana,Umber Alehouse,+15551168603,Data capture incomplete,,,,,
C000906,2026-07-09,ai,dialler-03,Ember Alehouse - Greenhithe,+1 555 825 6671,Data capture incomplete,,Kevin Kim,,,
C001688,2026-07-31,ai,dialler-03,Foxtail Oyster Bar,+1 555 202 7919,POS Validated,Northstar,Raj Miller,General Manager,After 9pm,
C000811,2026-07-26,human,Hiba,Copper Steakhouse,(555) 403-9796,No Answer,,,,,
C001122,2026-07-06,ai,dialler-03,Cinder Table - Palisade Park,(555) 559-4833,Data capture incomplete,,,,,
C000226,2026-06-18,ai,dialler-01,QUARRY CREAMERY 1,+1 555 618 4435,POS Validated,IRONCLAD,Elena Le,Owner,,
C001186,2026-07-29,human,Zara,Marigold Kitchen,+1 555 369 7870,No Answer,,,,,
C000092,2026-06-30,human,Sana,Stonecutter To Go,+1 555 355 4732,Not reached,,,,,
C000471,2026-07-16,ai,dialler-03,Marrow Kiosk 1 Restaurant,555.983.9270,POS Validated,Ironclad POS,,,,
C000861,2026-07-10,ai,dialler-02,Gallow Kitchen,+1 555 220 4942,POS Validated,Meridian Cloud POS,,,,
C001084,2026-07-21,ai,dialler-03,Yarrow Food Truck,555.291.8643,No Answer,,,,,
C000661,2026-06-28,human,Layla,Quarry Grill,555-566-3377,No Answer,,,,,
C001826,2026-06-28,ai,dialler-03,Redbird Boba 1,555-101-7251,Data capture incomplete,,,,,
C001788,2026-07-07,human,Hiba,Kinship Juice Bar,+1 555 714 1833,Callback,,,,,
C001487,2026-06-29,ai,dialler-02,Blue Heron Smokehouse,555.607.2815,Gatekeeper,,,,,
C000322,2026-07-02,ai,dialler-03,Quill Oyster Bar,5559627538,Not reached,,,,,
C001658,2026-06-30,ai,dialler-02,The Copper Donuts,5553704609,Gatekeeper,,,,,
C000732,2026-07-17,ai,dialler-02,FERNWOOD BISTRO,+15554947594,No Answer,,,,,
C001250,2026-08-02,human,Sana,Blue Heron Grill Restaurant,+15552638572,Gatekeeper,,,,,
C000134,2026-07-09,ai,dialler-02,Marigold To Go,+1 555 375 9845,No Answer,,,,,
C001094,2026-06-20,ai,dialler-03,Thistle Brasserie Restaurant,+15553485831,POS Validated,Meridian Server,Ana Hernandez,Co-Owner,,
C000834,2026-07-10,human,Fatima,Tallgrass Tavern,+15552316037,No Answer,,,,,
C000432,2026-07-27,ai,dialler-01,Lantern Creamery,+15557710382,No Answer,,,,,
C000520,2026-07-21,ai,dialler-02,OLIVE & ASH SANDWICH SHOP,5554456225,POS Validated,Cadence POS,Rachel Kim,Operations Manager,Mon-Fri 10am-12pm,
C000579,2026-07-13,ai,dialler-03,Violet Steakhouse,+1 555 841 8408,Callback,,,,,
C001430,2026-07-01,ai,dialler-01,Vesper Tavern,+1 555 757 9028,Data capture incomplete,,Katherine Andino,,,
C001602,2026-06-27,human,Sana,Golden Hour Trattoria - Palisade Park,(555) 925-6216,Callback,,,,,
C001169,2026-07-09,ai,dialler-03,WREN STEAKHOUSE,+1 555 360 8095,Callback,,,,,
C000736,2026-07-28,human,Fatima,Warbler Brasserie,+1 555 473 0670,Data capture incomplete,,Susan Le,,,
C000469,2026-06-18,human,Fatima,Magpie Tavern,555-869-9421,Callback,,,,,
C000605,2026-06-24,human,Zara,Foxglove Bakery,(555) 169-1942,Callback,,,,,
C000512,2026-07-16,ai,dialler-02,Palisade Cantina,(555) 366-2915,Callback,,,,,
C001251,2026-06-28,human,Layla,Blue Heron Grill,(555) 263-8572,No Answer,,,,,
C000052,2026-07-22,human,Layla,Lantern Steakhouse,555-379-9112,Not reached,,,,,
C001002,2026-07-23,ai,dialler-02,Violet Alehouse,5554866815,Data capture incomplete,,,,,
C000662,2026-06-11,ai,dialler-03,Oxbow Taqueria,+1 555 419 1309,No Answer,,,,,
C000110,2026-07-29,ai,dialler-01,Harrow Donuts 1,555.376.6327,Data capture incomplete,,,,,
C000439,2026-07-28,ai,dialler-02,The Saffron Supper Club,+15558140796,No Answer,,,,,
C001032,2026-06-12,ai,dialler-02,Marrow Smoothie 1,+15554018694,Data capture incomplete,,Hassan Le,,,
C000312,2026-06-20,ai,dialler-02,Marrow Steakhouse,5552646034,No Answer,,,,,
C001713,2026-07-30,human,Zara,Amber Cafe,+15556537967,No Answer,,,,,
C001153,2026-06-10,human,Layla,Cardinal Kitchen,555-480-3326,No Answer,,,,,
C000248,2026-06-15,human,Zara,Kinship Table,+1 555 506 8500,Callback,,,,,
C000366,2026-07-18,ai,dialler-03,Northbank Brasserie,(555) 156-1019,Data capture incomplete,,,,,
C000610,2026-07-13,ai,dialler-03,Sixpence Room,+1 555 870 6960,POS Validated,Vellum,,,,
C000255,2026-08-02,ai,dialler-03,Copper Taqueria,(555) 956-6985,Data capture incomplete,,,,,
C001642,2026-08-01,human,Layla,Northbank Chophouse,555.878.1411,No Answer,,,,,
C000877,2026-06-09,human,Sana,Zephyr Brasserie,+1 555 748 2588,Callback,,,,,
C001573,2026-07-23,human,Layla,TALLGRASS JUICE BAR,+15558855869,Data capture incomplete,,,,,
C000365,2026-06-29,ai,dialler-01,NORTHBANK BRASSERIE,+15551561019,Data capture incomplete,,,,,
C001827,2026-06-11,human,Layla,The Violet Grill,555-173-4875,POS Validated,IRONCLAD,Beatriz Brown,Owner,Mon-Fri 10am-12pm,
C001050,2026-07-01,human,Zara,Pike Wine Bar,(555) 539-4313,Callback,,,,,
C000380,2026-07-06,ai,dialler-03,Umber Supper Club,(555) 572-0830,Callback,,,,,
C000879,2026-07-13,human,Zara,Motherland Coffee - Greenhithe,5557176278,No Answer,,,,,
C000584,2026-07-16,ai,dialler-02,Foxglove Tavern,+15556019822,POS Validated,rivet,,,,
C000293,2026-06-23,human,Hiba,Blue Heron Room,5555498674,POS Validated,Ironclad POS,Ana Silva,Managing Partner,,ana.silva@blueheronroom.example
C001841,2026-07-03,ai,dialler-02,Little Bear Room,5556202962,Gatekeeper,,,,,
C001624,2026-06-30,ai,dialler-03,Sable Oyster Bar,(555) 974-1984,POS Validated,ironcladpos,,,,
C000914,2026-07-14,ai,dialler-03,Northbank House - Miradero,5558214370,Gatekeeper,,,,,
C000549,2026-06-21,human,Hiba,Magpie Kiosk,5553772256,Callback,,,,,
C000880,2026-07-31,ai,dialler-02,Sixpence Kitchen Restaurant,(555) 388-5996,Not reached,,,,,
C001700,2026-07-05,human,Layla,Salt & Vine Grill,555.738.7765,POS Validated,Cadence POS,Paul Okafor,Managing Partner,,
C000286,2026-07-15,human,Fatima,Ember Smoothie,5558692116,Callback,,,,,
C001575,2026-06-14,ai,dialler-03,Motherland Oyster Bar - Sunfield,5552850661,Data capture incomplete,,,,,
C001562,2026-07-25,human,Fatima,Marrow Table Restaurant,5557738524,Data capture incomplete,,,,,
C001577,2026-07-31,ai,dialler-01,Motherland Oyster Bar,+15552850661,No Answer,,,,,
C000614,2026-06-30,human,Hiba,Bluebird Brasserie,555.616.7261,Callback,,,,,
C000372,2026-07-07,ai,dialler-03,Golden Hour Table Restaurant,5555696778,POS Validated,Meridian Cloud,,,,
C001587,2026-06-17,ai,dialler-03,Redbird Brasserie,555.640.6608,Data capture incomplete,,,,,
C001093,2026-07-04,human,Layla,Thicket Supper Club,(555) 803-5534,Gatekeeper,,,,,
C001289,2026-07-11,human,Hiba,The Heron Wine Bar,(555) 814-2169,POS Validated,Orbit POS,Paul Le,Operations Manager,Before 11am,
C001257,2026-06-15,human,Layla,Blue Heron Oyster Bar,(555) 665-0346,Callback,,,,,
C001778,2026-07-14,ai,dialler-01,Little Brasserie - Corvo Heights,555.686.1581,No Answer,,,,,
C000619,2026-07-08,ai,dialler-02,Persimmon Donuts,555.330.6602,Not reached,,,,,
C001786,2026-06-30,ai,dialler-01,Kinship Juice Bar,+15557141833,Data capture incomplete,,,,,
C000935,2026-07-30,human,Fatima,Heron Chophouse,5553837725,Not reached,,,,,
C001518,2026-06-16,ai,dialler-03,Mercado Supper Club - Palisade Park,+1 555 544 8604,No Answer,,,,,
C000541,2026-07-16,ai,dialler-01,Zephyr Kitchen,+1 555 692 9482,Gatekeeper,,,,,
C000362,2026-07-03,ai,dialler-02,Inkwell Food Truck,+1 555 815 3619,Data capture incomplete,,,,,
C001118,2026-06-23,ai,dialler-03,ROSEWATER DINING ROOM,5554245646,No Answer,,,,,
C000319,2026-07-12,ai,dialler-03,Amber Dining Room,5557416843,No Answer,,,,,
C001298,2026-07-14,ai,dialler-01,Quill To Go - Ferrymead,555.992.9262,Data capture incomplete,,Linda Schmidt,,,
C000010,2026-07-25,ai,dialler-01,Harrow Kitchen,555.716.0675,POS Validated,Fern Post,,,,
C000315,2026-06-19,ai,dialler-01,Marrow Steakhouse,(555) 264-6034,Callback,,,,,
C001441,2026-06-18,ai,dialler-03,Mercado Bistro - Stillwater,555.494.1684,Not reached,,,,,
C001047,2026-06-27,human,Sana,Olive & Ash Smoothie - Fox Hollow,555.216.2459,Callback,,,,,
C000463,2026-07-15,ai,dialler-02,Amber Chophouse,+1 555 413 9264,Data capture incomplete,,,,,
C001105,2026-07-06,human,Fatima,Basil & Bone Oyster Bar,+15557178453,Callback,,,,,
C000048,2026-06-09,ai,dialler-01,Ironwood Supper Club Verano Bay,5557084176,POS Validated,Northstar Restaurant,Peter Haddad,Owner,,
C000760,2026-07-20,ai,dialler-01,Tin Roof Smokehouse,555-364-4090,Not reached,,,,,
C000949,2026-07-29,ai,dialler-01,The Little Bear Creamery,+15552039178,Gatekeeper,,,,,
C000278,2026-07-19,ai,dialler-02,Mercado Grill,555-771-1284,No Answer,,,,,
C000261,2026-07-07,ai,dialler-03,Bluebird Supper Club,5556309806,Not reached,,,,,
C000398,2026-06-28,ai,dialler-01,Yarrow Alehouse - Ferrymead,(555) 448-4520,POS Validated,Saltbox,James Garcia,General Manager,,
C000038,2026-07-16,ai,dialler-01,Ember Dining Room,555.383.0788,Callback,,,,,
C001141,2026-06-12,ai,dialler-01,ROSEWATER OSTERIA,555-992-0679,Data capture incomplete,,Luis Novak,,,
C001752,2026-06-09,ai,dialler-03,Redbird Trattoria - Calder Park,+1 555 477 6683,Callback,,,,,
C001868,2026-07-15,human,Hiba,Gallow House Verano Bay,555.900.8040,No Answer,,,,,
C001536,2026-06-26,human,Fatima,MARROW SUPPER CLUB,555.459.0284,POS Validated,Meridian Server,,,,
C001578,2026-07-16,human,Sana,Motherland Oyster Bar,555.285.0661,Data capture incomplete,,,,,
C000694,2026-07-02,human,Layla,Jackdaw Alehouse,555-940-7431,POS Validated,Meridian Cloud,,,,
C001057,2026-07-18,human,Zara,Golden Hour Oyster Bar,555.822.7656,POS Validated,Ironclad POS,Hassan Martinez,Owner,Before 11am,hassan.martinez@goldenhouroysterba.example
C001249,2026-07-28,human,Fatima,Blue Heron Grill,(555) 263-8572,Not reached,,,,,
C001194,2026-06-30,ai,dialler-03,Tallgrass Brasserie Restaurant,+1 555 957 7509,No Answer,,,,,
C000168,2026-07-29,ai,dialler-03,Loam Bistro,+1 555 148 5078,Not reached,,,,,
C000607,2026-06-12,ai,dialler-03,Foxglove Bakery,+15551691942,Data capture incomplete,,Daniel Silva,,,
C001072,2026-08-02,ai,dialler-01,Cardinal Juice Bar 1,(555) 556-2775,Callback,,,,,
C000147,2026-07-06,ai,dialler-03,Quarry Room,555-843-0541,Callback,,,,,
C000396,2026-07-13,human,Zara,Tidewater Kitchen,+1 555 768 1544,No Answer,,,,,
C000196,2026-07-19,ai,dialler-02,Amber Trattoria,555-396-3860,Not reached,,,,,
C000183,2026-07-03,ai,dialler-01,BASIL & BONE GRILL,+1 555 602 9528,Callback,,,,,
C001747,2026-07-06,human,Layla,Saffron Chophouse,555.202.9052,Not reached,,,,,
C000266,2026-07-14,ai,dialler-03,Verde Tavern,5554531243,Data capture incomplete,,Katherine Brown,,,
C000647,2026-06-27,ai,dialler-03,Plumb Room Restaurant,(555) 888-6139,Data capture incomplete,,,,,
C001434,2026-06-14,human,Layla,Magpie Cafe,+15558222697,Data capture incomplete,,Hassan Johnson,,,
C001026,2026-07-29,human,Zara,YARROW CANTINA,5558935560,Callback,,,,,
C000280,2026-07-19,human,Fatima,Rosewater Room - Miradero,+15559849171,Not reached,,,,,
C000868,2026-08-02,ai,dialler-03,Kingfisher Supper Club,5556312207,POS Validated,Cadence Mini,Grace Vasquez,Co-Owner,Tue/Thu mornings,
C000968,2026-07-14,ai,dialler-02,Wildwood Tavern - Marisol,5556049155,Data capture incomplete,,,,,
C001309,2026-07-04,ai,dialler-03,The Sorrel Kiosk,(555) 526-4040,Not reached,,,,,
C001429,2026-06-24,ai,dialler-02,Warbler Room,5553358592,Not reached,,,,,
C001137,2026-06-20,ai,dialler-03,The Thicket House,+1 555 594 1086,POS Validated,saltbox,,,,
C000424,2026-06-17,ai,dialler-03,Salt & Vine Trattoria,(555) 454-3132,Callback,,,,,
C001531,2026-07-18,ai,dialler-01,Prairie Kitchen,+15552357387,POS Validated,Cadence Station,,,,
C001617,2026-07-08,human,Layla,The Sparrow Cantina,5553283360,Callback,,,,,
C000090,2026-07-16,human,Zara,Blue Heron Alehouse - Palisade Park,5558726344,No Answer,,,,,
C001198,2026-06-27,ai,dialler-02,Inkwell Dining Room,+15553331445,Data capture incomplete,,,,,
C000207,2026-07-23,human,Fatima,Halcyon Bistro,555-456-8069,No Answer,,,,,
C001669,2026-07-07,human,Layla,Loam Dining Room,+1 555 749 1465,Callback,,,,,
C001588,2026-07-03,ai,dialler-02,Harrow Room,+15555802105,Not reached,,,,,
C001446,2026-07-05,human,Fatima,Roan Boba,+15557259463,Not reached,,,,,
C000534,2026-06-24,ai,dialler-02,Oxbow Food Truck,555.362.7612,Data capture incomplete,,,,,
C001199,2026-07-14,human,Hiba,Jackdaw Table,+15552967017,Not reached,,,,,
C001413,2026-06-18,ai,dialler-01,Redbird House,555-905-4701,No Answer,,,,,
C000437,2026-07-15,ai,dialler-02,Saffron Supper Club,+1 555 814 0796,Callback,,,,,
C000853,2026-07-07,ai,dialler-03,Warbler Chophouse - Miradero,+1 555 236 0630,Data capture incomplete,,Paul Torres,,,
C001873,2026-06-21,human,Sana,The Halcyon Cantina,+1 555 854 0356,No Answer,,,,,
C001138,2026-06-26,human,Layla,Wren Table,5558450001,POS Validated,NorthStar,Beatriz Murphy,General Manager,Before 11am,beatriz.murphy@wrentable.example
C000987,2026-07-19,ai,dialler-01,The Blue Heron Bistro,+1 555 289 6044,POS Validated,Ironclad,Linda Novak,Owner,,
C000833,2026-07-21,human,Fatima,Pike Steakhouse,+1 555 411 1874,Not reached,,,,,
C001522,2026-06-13,ai,dialler-01,The Loam Oyster Bar,555.975.2218,Callback,,,,,
C001796,2026-06-23,ai,dialler-02,Orchard Supper Club,+15556134307,No Answer,,,,,
C001485,2026-07-15,ai,dialler-03,Blue Heron Smokehouse,+1 555 607 2815,Not reached,,,,,
C001145,2026-06-15,ai,dialler-01,Heron Steakhouse,+15558429338,Not reached,,,,,
C001751,2026-07-22,human,Hiba,Quill Smokehouse Restaurant,+15555944173,Not reached,,,,,
C001398,2026-07-08,ai,dialler-03,Sixpence Boba,+1 555 491 3709,POS Validated,cadence flex,,,,
C000445,2026-07-09,ai,dialler-03,Sable Room,555-199-7142,Not reached,,,,,
C000967,2026-07-28,ai,dialler-01,Wildwood Tavern Verano Bay,555.604.9155,No Answer,,,,,
C000841,2026-06-14,ai,dialler-02,Palisade Table,555-321-8989,Not reached,,,,,
C001155,2026-06-18,ai,dialler-02,Lantern Cantina - Cedar Cross,555.832.0667,Callback,,,,,
C000740,2026-07-28,ai,dialler-03,Kettle Chophouse,5559557005,No Answer,,,,,
C000826,2026-07-20,human,Zara,Palisade Grill Restaurant,555-819-0423,Data capture incomplete,,,,,
C000918,2026-07-22,ai,dialler-01,Rosewater Brasserie,555.423.7981,Data capture incomplete,,David Chen,,,
C000018,2026-06-21,human,Hiba,Wildwood Osteria,(555) 147-9463,No Answer,,,,,
C000287,2026-06-11,ai,dialler-03,The Roan Table,555-325-8671,No Answer,,,,,
C001592,2026-07-09,ai,dialler-02,Dovetail Brasserie,(555) 685-1661,POS Validated,Cadence Station,,,,
C000713,2026-07-06,ai,dialler-02,Marigold Chophouse,+15554673418,Callback,,,,,
C001181,2026-07-24,human,Zara,Kinship Coffee,+1 555 771 6835,Data capture incomplete,,Sofia Johnson,,,
C001555,2026-07-12,human,Fatima,Umber Room,5553789332,POS Validated,vellum,Rachel Lopez,Owner,Tue/Thu mornings,
C000060,2026-06-11,ai,dialler-02,Marrow Smoothie,(555) 373-2776,Data capture incomplete,,,,,
C000210,2026-07-24,ai,dialler-03,Warbler Oyster Bar,+1 555 725 0459,No Answer,,,,,
C000334,2026-07-04,ai,dialler-02,Nine Bridges Chophouse Restaurant,555.688.3396,Gatekeeper,,,,,
C000368,2026-07-05,ai,dialler-02,Violet Kiosk,+15554628568,Not reached,,,,,
C000988,2026-06-14,ai,dialler-01,Blue Heron Bistro,+1 555 289 6044,Callback,,,,,
C001537,2026-07-25,ai,dialler-03,Larkspur Trattoria,+1 555 738 2144,Gatekeeper,,,,,
C001776,2026-08-01,ai,dialler-01,Nettle Trattoria Verano Bay,(555) 941-2356,POS Validated,Cadence Station,,,,
C001844,2026-07-22,human,Layla,Cinder Oyster Bar,(555) 691-9813,Not reached,,,,,
C001828,2026-06-09,human,Zara,Jackdaw Osteria,+15551389885,POS Validated,VELLUM,Deborah Singh,Managing Partner,Before 11am,
C001494,2026-07-08,human,Fatima,Blue Heron Table,+15557713770,Data capture incomplete,,,,,
C001866,2026-06-15,ai,dialler-02,Gallow House,+15559008040,Callback,,,,,
C001311,2026-07-11,human,Fatima,Roan To Go,+15555820213,POS Validated,vellum pos,Ana Garcia,Owner,Tue/Thu mornings,ana.garcia@roantogo.example
C000404,2026-06-14,human,Fatima,OXBOW HOUSE,555-764-4191,Callback,,,,,
C001280,2026-06-18,human,Hiba,Gallow Dining Room,+1 555 115 6880,POS Validated,Cadence Mini,,,,
C000571,2026-06-27,human,Sana,Driftwood House,(555) 145-9750,No Answer,,,,,
C000190,2026-07-02,ai,dialler-01,Fernwood Trattoria,555.622.5885,Not reached,,,,,
C000005,2026-07-06,ai,dialler-02,Rambler House Restaurant,555-634-6422,Data capture incomplete,,Susan Nguyen,,,
C001698,2026-07-04,ai,dialler-03,Salt and Vine Dining Room,+15551177663,Not reached,,,,,
C000049,2026-07-21,ai,dialler-01,Ironwood Supper Club,+15557084176,No Answer,,,,,
C001353,2026-07-23,ai,dialler-03,Harrow Trattoria,5553967061,POS Validated,cadence,,,,
C000931,2026-07-02,human,Layla,Salt & Vine Wine Bar,555-731-7493,Callback,,,,,
C001584,2026-07-07,ai,dialler-01,STONECUTTER DINING ROOM,+1 555 320 4738,Not reached,,,,,
C000242,2026-07-23,ai,dialler-01,Sixpence Alehouse,555.611.6531,No Answer,,,,,
C001856,2026-07-20,human,Fatima,Magpie Bistro,+15556336528,Data capture incomplete,,David Rossi,,,
C001156,2026-06-26,ai,dialler-02,Ironwood Taqueria,+1 555 840 4844,Not reached,,,,,
C000044,2026-07-25,human,Sana,Copper Wine Bar,5557533410,POS Validated,IRONCLAD,Jennifer Nguyen,General Manager,Weekends only,
C001165,2026-07-08,human,Layla,WREN TAVERN,+1 555 127 2020,Gatekeeper,,,,,
C000209,2026-07-28,human,Zara,Warbler Oyster Bar,(555) 725-0459,Callback,,,,,
C000235,2026-06-14,human,Zara,Dovetail Smokehouse Restaurant,555-623-8933,Gatekeeper,,,,,
C001839,2026-06-18,ai,dialler-01,Little Bear Room Verano Bay,5556202962,Callback,,,,,
C001620,2026-07-21,ai,dialler-03,Quarry Tavern,5557903296,No Answer,,,,,
C000353,2026-06-15,human,Sana,Oxbow Alehouse,(555) 578-7066,POS Validated,ironcladpos,Nicole Andino,GM,Before 11am,nicole.andino@oxbowalehouse.example
C000408,2026-07-21,ai,dialler-01,Marrow House,5554743374,Gatekeeper,,,,,
C001241,2026-07-13,human,Zara,Thicket Cantina,(555) 308-9172,Callback,,,,,
C001377,2026-07-01,human,Layla,Inkwell Steakhouse - Quarry End,+15558228998,Callback,,,,,
C000718,2026-07-17,ai,dialler-02,Rookery Osteria,5555385752,No Answer,,,,,
C001662,2026-06-15,ai,dialler-01,Inkwell Brasserie,(555) 287-7152,POS Validated,Ironclad POS,,,,
C001580,2026-07-09,ai,dialler-03,Kinship Room,+1 555 927 4700,Data capture incomplete,,,,,
C001318,2026-07-16,ai,dialler-02,Loam Wine Bar,5556278551,Data capture incomplete,,,,,
C001350,2026-06-19,ai,dialler-03,Understory Room,555.283.3537,No Answer,,,,,
C001480,2026-07-24,ai,dialler-02,Vesper Cantina - Windrow,(555) 936-5456,Not reached,,,,,
C001566,2026-07-07,ai,dialler-02,Quarry Smokehouse - Quarry End,555-264-3164,POS Validated,Meridian Cloud POS,,,,
C000733,2026-06-12,human,Zara,Ironwood Trattoria - Ferrymead,+15559994582,Callback,,,,,
C000159,2026-06-22,human,Fatima,Tin Roof Alehouse,555.422.9272,POS Validated,ORBIT,,,,
C000389,2026-07-30,human,Fatima,GALLOW EXPRESS,+1 555 988 6459,Data capture incomplete,,,,,
C000377,2026-06-30,ai,dialler-02,Pike Oyster Bar,+15555876259,No Answer,,,,,
C001768,2026-06-13,ai,dialler-01,Quarry Trattoria,+15558652070,Data capture incomplete,,,,,
C001545,2026-06-22,human,Hiba,Foxglove Brasserie,+15554861457,No Answer,,,,,
C001031,2026-06-23,ai,dialler-02,Redbird Creamery Restaurant,555.652.1854,Callback,,,,,
C000189,2026-07-13,human,Zara,Nine Bridges Bakery Verano Bay,+1 555 142 4665,No Answer,,,,,
C001246,2026-07-14,ai,dialler-02,The Prairie Cantina,+15555488920,Gatekeeper,,,,,
C000829,2026-07-26,ai,dialler-01,Redbird Tavern,555.104.0852,No Answer,,,,,
C000195,2026-06-19,human,Layla,Basil & Bone Wine Bar - Bramble Row,555.765.2605,Not reached,,,,,
C001007,2026-06-17,ai,dialler-03,Stonecutter Bistro,(555) 866-0662,POS Validated,FERNPOST,,,,
C000892,2026-07-30,ai,dialler-03,Amber Kitchen Verano Bay,+1 555 770 7201,No Answer,,,,,
C001421,2026-06-09,human,Zara,Marrow Alehouse,+15554675047,Not reached,,,,,
C001295,2026-06-16,human,Sana,Salt & Vine Bistro Verano Bay,+1 555 423 0259,Data capture incomplete,,,,,
C001585,2026-06-17,human,Fatima,Stonecutter Dining Room,555.320.4738,Not reached,,,,,
C000692,2026-06-09,human,Hiba,FALLOWFIELD EXPRESS,555-104-8219,Data capture incomplete,,,,,
C001515,2026-07-14,human,Hiba,Foxglove Grill Verano Bay,+1 555 526 2331,No Answer,,,,,
C000421,2026-07-01,human,Zara,Tidewater Steakhouse,555.336.7676,POS Validated,Cadence POS,Priya Andino,Operations Manager,,
C000073,2026-06-26,human,Hiba,Yarrow Express Restaurant,+1 555 199 2756,Callback,,,,,
C001604,2026-06-20,ai,dialler-02,Cardinal Boba,5552497698,POS Validated,vellum,,,,
C001458,2026-07-30,human,Layla,Verde Room,+1 555 643 3319,POS Validated,meridian cloud,,,,
C001475,2026-07-03,ai,dialler-03,Juniper Steakhouse,555.695.2761,No Answer,,,,,
C000359,2026-07-05,human,Hiba,Orchard Trattoria - Miradero,+1 555 175 1932,POS Validated,Meridian Server,Linda Haddad,Owner,,linda.haddad@orchardtrattoria.example
C000007,2026-06-09,ai,dialler-01,Rambler House - Palisade Park,555-634-6422,Callback,,,,,
C001793,2026-07-21,ai,dialler-01,Gallow Cantina,+1 555 579 8314,Callback,,,,,
C001632,2026-07-12,ai,dialler-02,Juniper Brasserie - Calder Park,5557279760,Not reached,,,,,
C001627,2026-06-19,human,Layla,Kinship Smoothie,5554209875,Not reached,,,,,
C000787,2026-07-19,ai,dialler-03,NINE BRIDGES TAVERN,+15554924989,Gatekeeper,,,,,
C000330,2026-06-19,ai,dialler-03,The Kinship Cantina,(555) 671-6132,POS Validated,Meridian (legacy),,,,
C001714,2026-06-13,ai,dialler-03,KINSHIP BISTRO,+15559890084,No Answer,,,,,
C001222,2026-07-07,ai,dialler-03,Thistle Cantina,555-246-9789,No Answer,,,,,
C001312,2026-07-22,ai,dialler-01,Vesper Donuts,(555) 675-6077,POS Validated,IRONCLAD,,,,
C000609,2026-07-27,human,Zara,Foxglove Bakery,555.169.1942,POS Validated,Rivet,,,,
C000473,2026-07-21,ai,dialler-01,MARROW KIOSK 1,555.983.9270,Callback,,,,,
C000216,2026-07-28,ai,dialler-03,Kinship Tavern Verano Bay,555-115-2350,Callback,,,,,
C000773,2026-07-08,ai,dialler-03,Violet House,+1 555 774 0057,Not reached,,,,,
C001259,2026-06-17,human,Fatima,Zephyr Cantina,555-562-9604,POS Validated,Northstar POS,Luis Okafor,Co-Owner,,
C000618,2026-07-19,human,Zara,Persimmon Donuts,+1 555 330 6602,Gatekeeper,,,,,
C000119,2026-07-04,human,Layla,The Cobalt Taqueria,555.242.1700,Callback,,,,,
C001633,2026-06-22,ai,dialler-02,Juniper Brasserie - Templeton,(555) 727-9760,POS Validated,Northstar,Luis Lopez,Co-Owner,Weekdays after 3pm,
C001286,2026-07-23,ai,dialler-01,Warbler Juice Bar,+15558299059,Not reached,,,,,
C001013,2026-07-12,human,Layla,Rookery Wine Bar,5553077081,Data capture incomplete,,,,,
C001336,2026-06-13,human,Fatima,Cobalt Supper Club,+1 555 299 3532,Callback,,,,,
C000867,2026-07-16,human,Hiba,Nightjar Room,555.381.2522,Data capture incomplete,,,,,
C001016,2026-07-18,ai,dialler-03,WARBLER HOUSE,5552159729,POS Validated,VELLUM,Elena Brown,Managing Partner,,
C000820,2026-06-27,human,Sana,Gallow Chophouse,5554986160,POS Validated,Cadence,Michael Williams,Operations Manager,After 9pm,
C000449,2026-07-21,ai,dialler-01,PALISADE EXPRESS 1,555-890-5456,Not reached,,,,,
C000361,2026-06-14,ai,dialler-03,Vesper Juice Bar 1,555.501.1046,No Answer,,,,,
C001836,2026-06-22,human,Sana,Understory Taqueria Restaurant,5559132558,Callback,,,,,
C000800,2026-06-26,ai,dialler-01,Persimmon Food Truck,(555) 767-5585,Data capture incomplete,,,,,
C000788,2026-07-08,human,Layla,Plumb Chophouse,+15556749429,POS Validated,Meridian Server,,,,
C000577,2026-07-05,ai,dialler-01,The Olive & Ash Room,+1 555 173 3531,No Answer,,,,,
C000487,2026-07-07,ai,dialler-01,Vesper Dining Room,(555) 438-5425,No Answer,,,,,
C001481,2026-07-19,human,Layla,Vesper Cantina,+1 555 936 5456,POS Validated,Ironclad,,,,
C001843,2026-07-14,ai,dialler-02,Sorrel Alehouse,555.734.7048,Data capture incomplete,,Ahmed Reyes,,,
C000564,2026-07-17,ai,dialler-03,Halcyon Tavern - Templeton,555-293-3447,Callback,,,,,
C000369,2026-06-18,human,Sana,Fernwood Room,(555) 404-3277,POS Validated,Cadence,Nadia Martinez,Owner,After 9pm,
C001507,2026-08-02,ai,dialler-02,Kinship Creamery,+1 555 633 6290,Gatekeeper,,,,,
C001385,2026-07-21,human,Layla,Zephyr Steakhouse,+15556462220,No Answer,,,,,
C000231,2026-07-27,ai,dialler-03,Driftwood Trattoria - Ferrymead,5554052594,Not reached,,,,,
C000101,2026-06-13,ai,dialler-02,Bluebird Alehouse,555-729-4285,Data capture incomplete,,,,,
C000685,2026-07-30,human,Zara,Thicket Sandwich Shop,5559007607,Callback,,,,,
C001361,2026-06-13,ai,dialler-02,The Rookery Taqueria,+1 555 417 0616,Data capture incomplete,,,,,
C001079,2026-07-20,ai,dialler-03,Redbird Deli,555.536.8094,No Answer,,,,,
C001255,2026-06-18,human,Zara,Blue Heron Oyster Bar,555.665.0346,POS Validated,Orbit,Frank Novak,Co-Owner,,
C000239,2026-06-26,human,Fatima,Bramble Alehouse,+15556923145,No Answer,,,,,
C000041,2026-07-29,human,Sana,Saffron Trattoria - Alder Heights,555.641.2128,No Answer,,,,,
C000351,2026-06-22,human,Fatima,Umber Osteria - Templeton,5553544548,No Answer,,,,,
C000570,2026-06-20,ai,dialler-03,Zephyr Smokehouse - Greenhithe,(555) 718-2705,POS Validated,ironclad,,,,
C000094,2026-06-13,human,Sana,Stonecutter To Go,+1 555 355 4732,POS Validated,meridian,Linda Williams,Co-Owner,Tue/Thu mornings,
C000984,2026-07-16,ai,dialler-02,Dovetail Room,+15558964603,Callback,,,,,
C001764,2026-07-15,human,Hiba,Sable Bistro,555.446.7597,Data capture incomplete,,,,,
C001003,2026-07-22,human,Zara,Violet Alehouse,555-486-6815,POS Validated,ironclad,Tony Murphy,Owner,,
C000526,2026-06-10,ai,dialler-03,Foxglove Taqueria,555-539-3381,No Answer,,,,,
C000711,2026-06-12,ai,dialler-02,Gallow Tavern,+1 555 679 5590,Callback,,,,,
C000875,2026-06-10,human,Hiba,Palisade Cafe 1,+15551857055,Callback,,,,,
C000993,2026-07-21,human,Zara,SORREL GRILL,(555) 968-9127,No Answer,,,,,
C001086,2026-06-16,ai,dialler-01,Basil & Bone Smokehouse,555-233-0612,Gatekeeper,,,,,
C000715,2026-06-17,ai,dialler-02,Rookery Osteria,(555) 538-5752,Not reached,,,,,
C000601,2026-07-29,human,Fatima,Halcyon Dining Room,(555) 644-2073,Not reached,,,,,
C000292,2026-06-15,ai,dialler-02,Nettle Bakery,+1 555 875 9344,No Answer,,,,,
C000600,2026-07-15,ai,dialler-03,Halcyon Dining Room,5556442073,Not reached,,,,,
C001463,2026-07-01,human,Sana,Loam Steakhouse - Corvo Heights,(555) 782-7621,POS Validated,ironcladpos,Marcus Garcia,GM,Tue/Thu mornings,
C001327,2026-07-17,human,Hiba,Sorrel Dining Room,5559408921,Callback,,,,,
C000153,2026-07-23,ai,dialler-01,Pike Room,+15555357262,Gatekeeper,,,,,
C000070,2026-07-22,ai,dialler-03,Dovetail Trattoria,5555003879,Data capture incomplete,,,,,
C001006,2026-07-13,human,Hiba,Stonecutter Bistro,(555) 866-0662,Data capture incomplete,,Nicole Rodriguez,,,
C000354,2026-07-27,ai,dialler-01,Sparrow Juice Bar,+15557324126,Data capture incomplete,,Omar Torres,,,
C000146,2026-07-25,ai,dialler-01,Quarry Room,+1 555 843 0541,POS Validated,Cadence POS,,,,
C000769,2026-07-01,ai,dialler-01,Zephyr Supper Club,555-361-9659,Data capture incomplete,,Linda Torres,,,
C001451,2026-06-26,human,Fatima,Stonecutter Grill,(555) 864-3380,POS Validated,fernpost,Nadia Doyle,General Manager,Mon-Fri 10am-12pm,
C000999,2026-06-19,human,Zara,Gallow Deli,+1 555 723 6254,POS Validated,Ironclad,Priya Murphy,General Manager,Weekends only,priya.murphy@gallowdeli.example
C000726,2026-07-10,human,Fatima,BASIL & BONE STEAKHOUSE,(555) 411-2176,Callback,,,,,
C000896,2026-06-09,human,Hiba,Silverfin Room,5551274159,Data capture incomplete,,,,,
C000135,2026-06-25,ai,dialler-01,Ironwood Bistro Verano Bay,5557376319,Data capture incomplete,,,,,
C000265,2026-07-14,human,Layla,Ember Wine Bar,(555) 376-1703,POS Validated,Vellum Restaurant,,,,
C000535,2026-07-10,ai,dialler-03,Oxbow Food Truck - Calder Park,+1 555 362 7612,Not reached,,,,,
C001106,2026-07-26,ai,dialler-01,FOXGLOVE KITCHEN,(555) 813-2298,No Answer,,,,,
C001085,2026-06-17,human,Zara,Yarrow Food Truck,555.291.8643,No Answer,,,,,
C000612,2026-06-19,human,Zara,SIXPENCE ROOM,(555) 870-6960,No Answer,,,,,
C000117,2026-07-05,human,Layla,Pike Chophouse - Cedar Cross,+15553892581,Not reached,,,,,
C001842,2026-06-20,ai,dialler-02,Little Bear Room,5556202962,No Answer,,,,,
C001719,2026-06-28,ai,dialler-02,Palisade Smokehouse,+1 555 606 1400,POS Validated,Ironclad,Tony Vasquez,GM,,
C000620,2026-07-27,ai,dialler-02,The Persimmon Donuts,(555) 330-6602,Not reached,,,,,
C000807,2026-07-28,human,Sana,Roan Smokehouse,555.974.4855,Not reached,,,,,
C000279,2026-07-23,human,Layla,Rosewater Room Verano Bay,555-984-9171,No Answer,,,,,
C000021,2026-07-15,human,Fatima,Wildwood Dining Room,555.831.9889,POS Validated,Cadence POS,Linda Nguyen,Owner,Before 11am,
C000924,2026-07-11,ai,dialler-03,Foxglove Alehouse,+1 555 435 3105,Not reached,,,,,
C001348,2026-07-11,ai,dialler-02,GOLDEN HOUR BISTRO,+1 555 704 6305,No Answer,,,,,
C001342,2026-07-24,ai,dialler-02,Kinship Supper Club,+15552635323,POS Validated,Ironclad POS,,,,
C001563,2026-07-17,ai,dialler-03,Heron Oyster Bar,5555254458,Gatekeeper,,,,,
C000747,2026-07-25,human,Zara,Halcyon Osteria,+1 555 128 0232,No Answer,,,,,
C000164,2026-07-28,ai,dialler-03,Roan Chophouse,+15557021453,No Answer,,,,,
C001546,2026-07-26,ai,dialler-01,Bramble Wine Bar Restaurant,+1 555 699 7998,Callback,,,,,
C000314,2026-07-01,human,Hiba,Marrow Steakhouse,+1 555 264 6034,No Answer,,,,,
C001593,2026-06-21,human,Layla,Dovetail Brasserie - Stillwater,555-685-1661,No Answer,,,,,
C001055,2026-06-17,ai,dialler-03,Golden Hour Oyster Bar,555-822-7656,Callback,,,,,
C000058,2026-07-04,human,Hiba,Violet Tavern,5555255390,POS Validated,ironclad,Elena Le,Owner,Mon-Fri 10am-12pm,
C001396,2026-06-10,ai,dialler-01,Ironwood Coffee,555-535-3027,Data capture incomplete,,David Williams,,,
C001618,2026-06-09,human,Fatima,The Kingfisher Room,+15554623439,Callback,,,,,
C001397,2026-06-30,ai,dialler-01,Ironwood Wine Bar,(555) 197-5015,Not reached,,,,,
C000956,2026-07-04,ai,dialler-02,Wren Creamery Restaurant,5555363372,Data capture incomplete,,Susan Williams,,,
C000991,2026-06-29,human,Zara,Sorrel Grill,+15559689127,Gatekeeper,,,,,
C001034,2026-07-12,ai,dialler-01,Violet Counter,+15553599356,Not reached,,,,,
C001513,2026-07-16,ai,dialler-02,Sparrow Brasserie,+15555207081,Callback,,,,,
C001288,2026-07-12,ai,dialler-01,WARBLER JUICE BAR,555-829-9059,POS Validated,ironcladpos,,,,
C000590,2026-07-08,human,Zara,Saffron Room,+1 555 781 8874,POS Validated,meridian,Grace Okafor,Owner,Tue/Thu mornings,
C000752,2026-07-18,human,Zara,Rambler Cantina - Sunfield,5552234047,Not reached,,,,,
C001730,2026-07-16,ai,dialler-01,Halcyon Alehouse,5555452669,Not reached,,,,,
C000836,2026-07-05,human,Layla,Tallgrass Tavern,(555) 231-6037,Callback,,,,,
C000217,2026-08-01,ai,dialler-02,Yarrow Kitchen Restaurant,+15556613400,POS Validated,Ironclad,Ahmed Reyes,Managing Partner,After 9pm,
C001611,2026-06-30,human,Sana,Dovetail House,+1 555 836 2332,No Answer,,,,,
C001606,2026-06-09,ai,dialler-03,Little Bear Wine Bar,5554297781,Data capture incomplete,,,,,
C001215,2026-06-27,ai,dialler-01,Zephyr Creamery 1,555-212-0979,No Answer,,,,,
C000027,2026-06-28,ai,dialler-03,Umber To Go,555-320-5303,No Answer,,,,,
C000801,2026-07-19,ai,dialler-01,Verde Smokehouse - Kingsway,555-355-1152,No Answer,,,,,
C001858,2026-06-19,human,Fatima,Zephyr Kiosk,555.125.0894,Not reached,,,,,
C000941,2026-07-01,ai,dialler-01,Tallgrass Dining Room,555-856-9032,Data capture incomplete,,,,,
C000452,2026-07-16,ai,dialler-02,Marigold Alehouse Restaurant,+1 555 841 5898,POS Validated,Ironclad POS,,,,
C000478,2026-07-09,human,Layla,Northbank Tavern Verano Bay,+1 555 280 7711,Data capture incomplete,,Ahmed Singh,,,
C000306,2026-07-27,ai,dialler-01,Thicket Deli Restaurant,555.960.0276,POS Validated,NorthStar,,,,
C000501,2026-06-16,human,Sana,Copper Kiosk,(555) 497-6981,POS Validated,cadence,Daniel Kowalski,Operations Manager,Weekdays after 3pm,
C000642,2026-07-04,ai,dialler-01,Heron Kitchen,+15551113944,Not reached,,,,,
C000813,2026-06-19,ai,dialler-03,Oxbow Cafe,+15557303997,No Answer,,,,,
C001512,2026-06-19,ai,dialler-01,Sparrow Brasserie,(555) 520-7081,POS Validated,meridian cloud,,,,
C001400,2026-06-14,ai,dialler-02,Verde Chophouse,(555) 518-3257,No Answer,,,,,
C000561,2026-07-13,ai,dialler-03,The Stonecutter Trattoria,(555) 140-1142,No Answer,,,,,
C000498,2026-07-04,human,Fatima,Tin Roof To Go,+1 555 755 1960,No Answer,,,,,
C001498,2026-07-01,human,Layla,Copper Smokehouse - Bayview Flats,5552897402,POS Validated,Rivet,,,,
C000263,2026-07-21,ai,dialler-01,Thicket Taqueria,5558136197,Callback,,,,,
C000288,2026-07-02,ai,dialler-02,Roan Table,+1 555 325 8671,Not reached,,,,,
C000429,2026-07-08,ai,dialler-03,The Little Bear Osteria,(555) 849-2176,Data capture incomplete,,,,,
C000291,2026-07-14,ai,dialler-02,Nettle Bakery,+1 555 875 9344,Callback,,,,,
C000509,2026-07-25,ai,dialler-01,Palisade Cantina,+15553662915,POS Validated,Ironclad,,,,
C000028,2026-07-05,ai,dialler-02,Inkwell Sandwich Shop,555.168.6049,Not reached,,,,,
C000926,2026-06-23,ai,dialler-02,Bellwether Dining Room,+1 555 288 7024,Not reached,,,,,
C001654,2026-07-15,ai,dialler-02,Palisade Cafe,+1 555 483 8171,Data capture incomplete,,,,,
C001223,2026-07-28,human,Hiba,Thistle Cantina,555-246-9789,No Answer,,,,,
C000483,2026-07-10,ai,dialler-03,Tallgrass Trattoria,5555261226,Not reached,,,,,
C001229,2026-06-13,ai,dialler-02,Orchard Brasserie,+1 555 999 1448,Gatekeeper,,,,,
C000989,2026-06-10,ai,dialler-01,Blue Heron Bistro,(555) 289-6044,No Answer,,,,,
C000516,2026-07-13,ai,dialler-03,Ember Sandwich Shop,5555472861,Not reached,,,,,
C000761,2026-07-19,ai,dialler-01,Tin Roof Smokehouse - Lantern Hill,+1 555 364 4090,Callback,,,,,
C000069,2026-07-20,human,Hiba,Heron Bistro,+15558677811,Callback,,,,,
C000128,2026-06-21,ai,dialler-01,Saffron Osteria,5556765973,No Answer,,,,,
C000606,2026-07-23,human,Zara,FOXGLOVE BAKERY,+1 555 169 1942,Not reached,,,,,
C001837,2026-06-18,ai,dialler-03,Understory Taqueria,555.913.2558,Callback,,,,,
C000981,2026-07-07,ai,dialler-03,Dovetail Room,5558964603,Data capture incomplete,,,,,
C000067,2026-08-02,human,Hiba,JUNIPER TRATTORIA,+1 555 315 1946,Data capture incomplete,,Hassan Miller,,,
C001272,2026-06-24,human,Sana,VESPER CHOPHOUSE,555-942-8416,POS Validated,Northstar Restaurant,Raj Martinez,GM,,
C001009,2026-07-04,ai,dialler-03,Sorrel Taqueria Restaurant,+1 555 168 8204,POS Validated,ironclad,,,,
C000562,2026-07-01,human,Fatima,Magpie Grill,+1 555 827 6295,No Answer,,,,,
C001876,2026-06-17,ai,dialler-02,Sixpence Brasserie Restaurant,5555027701,Not reached,,,,,
C001406,2026-06-15,human,Fatima,Umber Alehouse Verano Bay,(555) 116-8603,Data capture incomplete,,,,,
C001074,2026-07-13,ai,dialler-02,Basil & Bone Osteria,+15559165753,POS Validated,Northstar Restaurant,,,,
C001878,2026-06-17,ai,dialler-01,Sixpence Brasserie,555.502.7701,POS Validated,Vellum POS,Peter Lopez,Managing Partner,Mon-Fri 10am-12pm,
C001059,2026-07-09,ai,dialler-01,Golden Hour Oyster Bar,+15558227656,No Answer,,,,,
C000309,2026-06-23,human,Sana,Fallowfield Grill,555-464-5566,No Answer,,,,,
C000538,2026-07-25,ai,dialler-02,Wildwood Chophouse,+15556266371,No Answer,,,,,
C000272,2026-06-14,ai,dialler-03,Cardinal Juice Bar Verano Bay,+1 555 874 8386,POS Validated,ironclad,,,,
C001684,2026-07-27,human,Zara,Tin Roof Kiosk,(555) 194-4714,Callback,,,,,
C001040,2026-07-12,ai,dialler-02,Orchard Kitchen,555-841-4766,POS Validated,vellum,Victor Hernandez,Owner,,victor.hernandez@orchardkitchen.example
C000496,2026-07-25,ai,dialler-01,Jackdaw Brasserie - Marisol,5553630393,Callback,,,,,
C000206,2026-07-19,human,Hiba,Halcyon Bistro,5554568069,POS Validated,Northstar POS,Sean Singh,Operations Manager,,
C001674,2026-07-15,ai,dialler-03,FOXTAIL GRILL,555-192-6335,POS Validated,NorthStar,,,,
C001354,2026-06-22,human,Hiba,Sorrel Chophouse,+15558022177,Not reached,,,,,
C001107,2026-07-14,ai,dialler-02,Foxglove Kitchen,+1 555 813 2298,Not reached,,,,,
C000669,2026-08-02,human,Zara,BELLWETHER SMOOTHIE 1,5557810274,Callback,,,,,
C001087,2026-06-12,ai,dialler-03,Basil & Bone Smokehouse,(555) 233-0612,Gatekeeper,,,,,
C000567,2026-06-16,ai,dialler-02,Cardinal Grill,555-993-7383,Data capture incomplete,,,,,
C001200,2026-06-10,ai,dialler-02,Umber Taqueria,+1 555 673 5625,Data capture incomplete,,,,,
C001493,2026-07-15,human,Fatima,Kettle Smokehouse,555-554-4204,Data capture incomplete,,,,,
C000431,2026-06-25,ai,dialler-03,Lantern Creamery,555-771-0382,POS Validated,Ironclad POS,,,,
C000636,2026-06-17,human,Fatima,Rambler Boba,(555) 441-2099,No Answer,,,,,
C000604,2026-06-15,ai,dialler-03,Fallowfield Chophouse,5556720362,Data capture incomplete,,David Miller,,,
C000085,2026-06-30,ai,dialler-02,Understory Oyster Bar Restaurant,+15555321346,No Answer,,,,,
C001242,2026-07-08,ai,dialler-01,Thicket Cantina,(555) 308-9172,No Answer,,,,,
C000934,2026-06-25,ai,dialler-01,Understory House,5559255333,POS Validated,Meridian Cloud,Sofia Schmidt,Owner,,
C000467,2026-07-16,ai,dialler-01,BRAMBLE DELI 1,+1 555 577 3021,No Answer,,,,,
C001366,2026-07-26,ai,dialler-02,SPARROW OYSTER BAR,5559033943,POS Validated,Cadence,,,,
C001784,2026-06-26,human,Sana,Umber Dining Room,+15558281820,Callback,,,,,
C000296,2026-06-22,ai,dialler-02,The Vesper Juice Bar,5554913725,Data capture incomplete,,Jennifer Chen,,,
C000850,2026-06-12,ai,dialler-01,Silverfin Smokehouse,(555) 961-9489,Not reached,,,,,
C000767,2026-07-06,human,Fatima,The Wren Oyster Bar,+1 555 495 4355,Callback,,,,,
C000222,2026-06-09,ai,dialler-03,Ember To Go,(555) 982-6300,Callback,,,,,
C000024,2026-07-11,ai,dialler-03,Wildwood Dining Room Verano Bay,555.831.9889,No Answer,,,,,
C000438,2026-07-09,ai,dialler-01,Saffron Supper Club,(555) 814-0796,Callback,,,,,
C000002,2026-07-27,ai,dialler-01,Marigold Osteria,(555) 429-2603,Data capture incomplete,,,,,
C000706,2026-06-17,human,Layla,The Prairie Grill,555.772.7876,Not reached,,,,,
C001720,2026-07-20,ai,dialler-03,Palisade Smokehouse,555.606.1400,No Answer,,,,,
C000472,2026-06-16,ai,dialler-03,Marrow Kiosk 1,+15559839270,No Answer,,,,,
C000643,2026-07-31,ai,dialler-02,Nine Bridges Supper Club - Ferrymead,5555984160,Gatekeeper,,,,,
C000548,2026-06-12,ai,dialler-01,Magpie Kiosk,5553772256,POS Validated,IRONCLAD,,,,
C001499,2026-06-29,human,Sana,Copper Smokehouse,(555) 289-7402,No Answer,,,,,
C001180,2026-06-22,human,Sana,Kinship Coffee Verano Bay,+15557716835,Not reached,,,,,
C001117,2026-06-16,human,Fatima,Rosewater Dining Room - Fox Hollow,555.424.5646,Not reached,,,,,
C001685,2026-07-14,ai,dialler-02,Tin Roof Kiosk Verano Bay,5551944714,Gatekeeper,,,,,
C000214,2026-06-13,human,Sana,Kinship Tavern,+1 555 115 2350,POS Validated,Ironclad,Peter Haddad,GM,,
C001634,2026-07-24,human,Zara,Juniper Brasserie,(555) 727-9760,Callback,,,,,
C001651,2026-07-16,human,Fatima,LOAM TRATTORIA,(555) 746-1807,Data capture incomplete,,,,,
C000247,2026-07-06,human,Sana,Kinship Table,5555068500,No Answer,,,,,
C000804,2026-07-07,human,Fatima,Verde Smokehouse,555-355-1152,Callback,,,,,
C000927,2026-06-23,human,Sana,BELLWETHER DINING ROOM,5552887024,Callback,,,,,
C001436,2026-08-02,human,Zara,Wren To Go - Bramble Row,+1 555 832 5134,No Answer,,,,,
C000149,2026-06-24,human,Sana,Quarry Room Verano Bay,+1 555 843 0541,No Answer,,,,,
C000447,2026-06-16,ai,dialler-03,Nettle Deli,5551934107,Not reached,,,,,
C000810,2026-07-05,ai,dialler-02,Copper Steakhouse,+1 555 403 9796,No Answer,,,,,
C001189,2026-06-09,human,Layla,Marigold Juice Bar Verano Bay,555.460.0707,POS Validated,ironcladpos,David Vasquez,Owner,,
C000127,2026-07-20,ai,dialler-01,Saffron Osteria,5556765973,No Answer,,,,,
C000321,2026-07-16,human,Hiba,Quill Oyster Bar Verano Bay,5559627538,Data capture incomplete,,Kevin Rossi,,,
C000462,2026-07-25,human,Hiba,MAGPIE TRATTORIA,5554469376,Not reached,,,,,
C001098,2026-07-02,ai,dialler-02,Thistle Brasserie,555-348-5831,Callback,,,,,
C001527,2026-06-17,human,Sana,Oxbow Cantina,+15552335723,Data capture incomplete,,,,,
C001616,2026-07-02,ai,dialler-02,Wildwood Wine Bar Verano Bay,+1 555 214 8526,Not reached,,,,,
C000491,2026-06-18,human,Fatima,Driftwood To Go Restaurant,555-783-1646,No Answer,,,,,
C001123,2026-07-16,ai,dialler-01,Cinder Table,555.559.4833,Data capture incomplete,,,,,
C000392,2026-07-10,human,Hiba,NINE BRIDGES TABLE,(555) 704-8580,No Answer,,,,,
C001469,2026-07-26,human,Fatima,Nettle Cantina,(555) 685-8158,Data capture incomplete,,,,,
C001829,2026-06-23,ai,dialler-01,Jackdaw Osteria,+15551389885,Callback,,,,,
C001519,2026-07-02,ai,dialler-03,Loam Oyster Bar,555.975.2218,POS Validated,meridian cloud,,,,
C001011,2026-07-17,human,Sana,Driftwood Steakhouse,555-615-8123,Callback,,,,,
C001659,2026-07-16,human,Fatima,The Copper Donuts,(555) 370-4609,No Answer,,,,,
C001650,2026-07-19,ai,dialler-01,Golden Hour Chophouse,(555) 837-6695,No Answer,,,,,
C001570,2026-06-11,human,Hiba,Silverfin Supper Club,(555) 982-6948,Callback,,,,,
C001428,2026-07-20,ai,dialler-01,The Mercado Coffee,555-850-9445,Not reached,,,,,
C001067,2026-07-14,ai,dialler-03,Rambler Tavern,+1 555 494 2134,No Answer,,,,,
C001399,2026-07-12,ai,dialler-03,Verde Chophouse,+15555183257,POS Validated,meridian cloud,,,,
C001701,2026-06-09,human,Hiba,Salt & Vine Grill Verano Bay,555.738.7765,No Answer,,,,,
C000448,2026-06-30,human,Zara,Nettle Deli,555-193-4107,Data capture incomplete,,Peter Johnson,,,
C000864,2026-07-30,human,Zara,Copper Kitchen,5558484215,POS Validated,Cadence,Christina Lopez,Managing Partner,Weekends only,
C001190,2026-07-02,human,Sana,Persimmon Oyster Bar - Windrow,555.317.0439,POS Validated,Ironclad POS,Nicole Hernandez,Managing Partner,,
C001774,2026-06-10,human,Zara,Stonecutter Cantina,(555) 350-6971,Callback,,,,,
C001346,2026-07-23,human,Hiba,Kinship Kiosk - Miradero,(555) 772-8210,No Answer,,,,,
C001018,2026-06-28,human,Hiba,Sparrow Room,5554938722,POS Validated,cadence flex,,,,
C000191,2026-06-23,human,Zara,Fernwood Trattoria,5556225885,Data capture incomplete,,,,,
C001133,2026-06-09,ai,dialler-03,Persimmon House,555.411.4412,Data capture incomplete,,Luis Vasquez,,,
C000488,2026-06-28,ai,dialler-01,Vesper Dining Room,+15554385425,Callback,,,,,
C000982,2026-07-11,human,Hiba,The Dovetail Room,5558964603,Data capture incomplete,,,,,
C001586,2026-06-10,human,Layla,Redbird Brasserie,5556406608,No Answer,,,,,
C001296,2026-06-29,ai,dialler-03,Salt & Vine Bistro,5554230259,POS Validated,CADENCE,Carlos Johnson,GM,,
C000869,2026-07-23,human,Layla,Salt & Vine House,555-914-5068,Gatekeeper,,,,,
C000232,2026-07-12,human,Sana,Plumb Kiosk 1 Restaurant,+15553102732,POS Validated,Vellum,Ana Martinez,Owner,Mon-Fri 10am-12pm,
C000100,2026-07-15,ai,dialler-02,Bluebird Alehouse,555.729.4285,Gatekeeper,,,,,
C001292,2026-06-30,human,Sana,Fallowfield Dining Room,+1 555 275 2673,Gatekeeper,,,,,
C001783,2026-06-29,ai,dialler-02,Driftwood Dining Room,(555) 933-7403,Not reached,,,,,
C000530,2026-07-30,human,Zara,Cardinal Room - Cedar Cross,555-278-7034,No Answer,,,,,
C000234,2026-07-02,human,Hiba,Dovetail Smokehouse,5556238933,Callback,,,,,
C000390,2026-06-24,ai,dialler-02,Nine Bridges Table,(555) 704-8580,Not reached,,,,,
C001757,2026-06-17,human,Zara,The Bluebird Boba,(555) 291-3459,Data capture incomplete,,,,,
C000753,2026-07-16,ai,dialler-03,Rambler Cantina,555.223.4047,Not reached,,,,,
C000059,2026-07-20,human,Hiba,Lantern Dining Room,555.299.0860,Gatekeeper,,,,,
C000615,2026-07-09,human,Layla,Bluebird Brasserie,(555) 616-7261,POS Validated,cadence flex,,,,
C000145,2026-07-25,human,Layla,Marrow Cantina - Templeton,5555507258,POS Validated,Vellum,Michael Garcia,Co-Owner,,
C001416,2026-06-25,human,Hiba,KETTLE BOBA 1,555.941.8124,No Answer,,,,,
C001267,2026-07-31,human,Hiba,The Gallow Taqueria,+1 555 561 2338,Data capture incomplete,,Linda Haddad,,,
C001357,2026-07-09,ai,dialler-03,Copper Chophouse,555.724.4994,Not reached,,,,,
C000617,2026-06-11,human,Layla,Larkspur Cantina,+15553703382,Callback,,,,,
C000979,2026-06-14,human,Layla,Plumb Tavern,+15553505028,Callback,,,,,
C000741,2026-06-15,ai,dialler-01,Olive & Ash Trattoria - Ferrymead,+15554571339,Data capture incomplete,,,,,
C000842,2026-07-28,ai,dialler-01,Palisade Table,555-321-8989,Not reached,,,,,
C001014,2026-06-20,ai,dialler-02,Warbler House,+15552159729,Not reached,,,,,
C000384,2026-07-02,ai,dialler-01,Quill Cantina,555-480-1308,No Answer,,,,,
C001395,2026-08-01,ai,dialler-02,The Ironwood Coffee,555-535-3027,No Answer,,,,,
C001800,2026-07-14,human,Hiba,Lantern Alehouse,+15551315271,No Answer,,,,,
C001486,2026-06-13,ai,dialler-01,Blue Heron Smokehouse,(555) 607-2815,No Answer,,,,,
C001781,2026-07-27,human,Fatima,Cardinal Cantina,5554865259,No Answer,,,,,
C001742,2026-06-23,human,Fatima,Understory Osteria - Old Mill,+1 555 762 4487,No Answer,,,,,
C000224,2026-07-02,ai,dialler-01,Roan Bistro,+1 555 622 5686,Data capture incomplete,,David Hernandez,,,
C001388,2026-07-13,ai,dialler-02,Cardinal Smokehouse,555.376.4216,No Answer,,,,,
C000465,2026-07-04,human,Sana,Tidewater Osteria Restaurant,+15553967759,Not reached,,,,,
C000874,2026-07-28,human,Sana,PALISADE CAFE 1,555.185.7055,POS Validated,Vellum POS,Michael Bianchi,GM,,
C000120,2026-07-13,ai,dialler-01,Cobalt Taqueria,555.242.1700,POS Validated,Vellum POS,,,,
C000919,2026-07-04,human,Fatima,Rosewater Brasserie,5554237981,No Answer,,,,,
C000367,2026-06-16,ai,dialler-01,Violet Kiosk,+15554628568,Callback,,,,,
C000831,2026-07-01,ai,dialler-03,Pike Steakhouse,555-411-1874,No Answer,,,,,
C001758,2026-07-30,ai,dialler-02,Bluebird Boba,(555) 291-3459,Not reached,,,,,
C001140,2026-07-23,human,Fatima,Plumb Table - Rivera District,555-886-3983,Data capture incomplete,,Daniel Rodriguez,,,
C000930,2026-06-24,ai,dialler-02,Salt & Vine Wine Bar,555.731.7493,Not reached,,,,,
C000474,2026-07-05,ai,dialler-02,Yarrow Donuts - Cedar Cross,5558394390,POS Validated,Northstar,,,,
C000143,2026-07-28,ai,dialler-01,Ironwood Cantina,555-345-3864,Not reached,,,,,
C001850,2026-06-20,ai,dialler-03,Yarrow Table - Sablewood,+15551804773,Not reached,,,,,
C001502,2026-06-13,human,Fatima,Ember Creamery,555.719.2840,Data capture incomplete,,Grace Vasquez,,,
C001646,2026-06-17,ai,dialler-01,Sparrow Grill,5557206330,Gatekeeper,,,,,
C001343,2026-06-28,human,Sana,Understory Chophouse - Greenhithe,+15552137434,Gatekeeper,,,,,
C000897,2026-06-21,human,Hiba,The Silverfin Room,5551274159,Not reached,,,,,
C000503,2026-07-04,ai,dialler-02,Pike Juice Bar,555-300-9825,POS Validated,Northstar,Sofia Torres,General Manager,,
C000768,2026-07-28,ai,dialler-02,Zephyr Supper Club,+1 555 361 9659,Callback,,,,,
C001154,2026-07-01,ai,dialler-01,Lantern Cantina Restaurant,+1 555 832 0667,Not reached,,,,,
C000160,2026-07-22,ai,dialler-01,Tin Roof Alehouse,+15554229272,No Answer,,,,,
C000410,2026-08-02,human,Sana,Jackdaw Room,555.321.1747,Not reached,,,,,
C000076,2026-07-02,ai,dialler-01,Loam Chophouse - Lantern Hill,(555) 728-0731,No Answer,,,,,
C001183,2026-07-16,ai,dialler-01,Thistle Table,+15551110904,Data capture incomplete,,Hassan Singh,,,
C000326,2026-07-12,human,Sana,Tidewater Oyster Bar,+1 555 691 6422,Data capture incomplete,,,,,
C001268,2026-07-08,ai,dialler-03,Rambler Osteria,(555) 198-5829,POS Validated,CADENCE,,,,
C000262,2026-07-31,human,Sana,Thicket Taqueria,+15558136197,POS Validated,Vellum POS,Raj Torres,Owner,,raj.torres@thickettaqueria.example
C001471,2026-07-23,ai,dialler-02,Lantern Tavern,555.575.9656,POS Validated,Ironclad POS,Sean Singh,Co-Owner,,sean.singh@lanterntavern.example
C001279,2026-07-24,ai,dialler-01,Tidewater Coffee,(555) 525-6517,POS Validated,vellum pos,,,,
C000215,2026-07-22,human,Sana,Kinship Tavern,(555) 115-2350,No Answer,,,,,
C001042,2026-06-24,ai,dialler-03,Sable Trattoria,555-161-5414,Not reached,,,,,
C001390,2026-06-22,human,Hiba,Thistle Oyster Bar,+15554198579,POS Validated,Vellum POS,James Doyle,Owner,,
C000395,2026-06-26,human,Sana,Tidewater Kitchen Restaurant,(555) 768-1544,Data capture incomplete,,James Williams,,,
C000696,2026-06-29,ai,dialler-01,Jackdaw Alehouse - Greenhithe,+1 555 940 7431,Callback,,,,,
C001021,2026-07-25,ai,dialler-02,The Motherland Bistro,(555) 147-3588,POS Validated,Cadence,,,,
C001599,2026-07-27,ai,dialler-02,Golden Hour Trattoria Restaurant,(555) 925-6216,POS Validated,Vellum Restaurant,,,,
C001816,2026-07-03,human,Layla,Fallowfield Steakhouse,5553346929,No Answer,,,,,
C000796,2026-08-01,human,Layla,Ironwood House,+1 555 230 3763,POS Validated,NorthStar,Christina Torres,Managing Partner,,
C001338,2026-07-09,ai,dialler-03,The Juniper Creamery,555-375-3850,POS Validated,meridian cloud,Deborah Le,Owner,,
C001225,2026-06-23,ai,dialler-03,Ember Creamery 1,+1 555 392 7654,No Answer,,,,,
C000225,2026-07-28,human,Layla,Roan Bistro,555-622-5686,POS Validated,rivet,,,,
C001569,2026-07-21,ai,dialler-02,SILVERFIN SUPPER CLUB,(555) 982-6948,No Answer,,,,,
C000525,2026-06-25,ai,dialler-02,Ember House,+15556547340,Not reached,,,,,
C000673,2026-06-09,human,Fatima,Magpie Steakhouse,555.135.9326,Callback,,,,,
C001177,2026-07-19,ai,dialler-01,TALLGRASS ROOM,(555) 640-6643,Data capture incomplete,,Katherine Reyes,,,
C001738,2026-07-23,ai,dialler-02,The Inkwell Grill,555.168.2202,POS Validated,Vellum Restaurant,Frank Rodriguez,General Manager,Weekdays after 3pm,
C000026,2026-07-17,human,Zara,UMBER TO GO,5553205303,Data capture incomplete,,,,,
C000103,2026-07-25,human,Hiba,Bluebird Alehouse Verano Bay,555-729-4285,Data capture incomplete,,,,,
C000776,2026-07-12,ai,dialler-01,Copper Room,555.850.5021,No Answer,,,,,
C000201,2026-06-17,human,Zara,Thistle Supper Club Verano Bay,555-846-4523,Callback,,,,,
C001349,2026-07-16,human,Zara,Understory Room,+1 555 283 3537,POS Validated,Cadence POS,Elena Johnson,Owner,,elena.johnson@understoryroom.example
C000920,2026-06-27,human,Zara,Understory Grill Verano Bay,555-754-4296,Callback,,,,,
C000951,2026-06-16,human,Zara,The Little Bear Creamery,(555) 203-9178,Not reached,,,,,
C001330,2026-06-16,human,Fatima,Roan Smoothie,(555) 280-4322,Gatekeeper,,,,,
C000821,2026-07-20,human,Layla,Tallgrass Supper Club,555.773.1214,Callback,,,,,
C001440,2026-07-02,ai,dialler-02,The Mercado Bistro,+15554941684,Data capture incomplete,,,,,
C000691,2026-06-16,ai,dialler-01,Alder Wine Bar - Rivera District,555-886-3833,Callback,,,,,
C001414,2026-07-23,human,Layla,Redbird House Verano Bay,+15559054701,No Answer,,,,,
C000645,2026-07-17,human,Hiba,Nine Bridges Supper Club - Ashgrove,(555) 598-4160,POS Validated,CADENCE,Kevin Hernandez,General Manager,,kevin.hernandez@ninebridgessupperc.example
C001819,2026-06-22,human,Layla,Sparrow Boba - Old Mill,555-995-0970,POS Validated,IRONCLAD,Maria Schmidt,Owner,,
C001049,2026-07-29,ai,dialler-03,The Pike Wine Bar,555.539.4313,POS Validated,northstar,Sofia Nguyen,General Manager,Weekends only,
C001424,2026-06-11,human,Layla,The Nine Bridges Kitchen,(555) 397-8723,Data capture incomplete,,,,,
C000844,2026-07-04,human,Sana,Basil & Bone Chophouse,+1 555 744 8043,No Answer,,,,,
C001060,2026-07-23,ai,dialler-02,Saffron Table,+15558469957,Callback,,,,,
C000574,2026-07-03,ai,dialler-03,Olive & Ash Room,+1 555 173 3531,Gatekeeper,,,,,
C001753,2026-07-05,human,Sana,Redbird Trattoria,+15554776683,No Answer,,,,,
C001476,2026-06-20,ai,dialler-03,Juniper Steakhouse,5556952761,No Answer,,,,,
C001321,2026-07-13,human,Sana,Gallow Osteria - Windrow,+1 555 183 8658,Data capture incomplete,,,,,
C000763,2026-08-01,ai,dialler-02,Wren Oyster Bar,+1 555 495 4355,No Answer,,,,,
C000023,2026-07-15,human,Fatima,Wildwood Dining Room,+15558319889,Callback,,,,,
C000310,2026-06-19,human,Sana,FALLOWFIELD GRILL,555-464-5566,No Answer,,,,,
C001643,2026-07-10,ai,dialler-01,Northbank Chophouse,+15558781411,No Answer,,,,,
C001763,2026-07-20,ai,dialler-02,PLUMB SMOKEHOUSE,+1 555 679 4118,No Answer,,,,,
C001799,2026-07-20,human,Zara,Driftwood Sandwich Shop,555-949-0319,No Answer,,,,,
C000276,2026-06-30,ai,dialler-03,Quarry Juice Bar,+15552100527,No Answer,,,,,
C001109,2026-07-24,human,Hiba,Magpie Chophouse,+1 555 173 3454,No Answer,,,,,
C000527,2026-07-22,human,Sana,The Sparrow Tavern,555-383-5187,POS Validated,IRONCLAD,,,,
C000980,2026-07-02,ai,dialler-03,Plumb Tavern,(555) 350-5028,No Answer,,,,,
C001135,2026-06-25,human,Layla,Sorrel To Go Restaurant,555-501-3751,POS Validated,Meridian Server,Ahmed Andino,Owner,,
C000042,2026-07-04,ai,dialler-03,Zephyr Tavern,+15556050732,Not reached,,,,,
C001044,2026-06-27,ai,dialler-01,Olive & Ash Smoothie,555.216.2459,Data capture incomplete,,,,,
C000628,2026-07-22,ai,dialler-02,Tidewater Deli,555-737-4233,POS Validated,Cadence POS,Nadia Patel,Co-Owner,After 9pm,
C000325,2026-06-15,ai,dialler-03,Jackdaw Steakhouse,+1 555 591 4619,Callback,,,,,
C000181,2026-07-12,human,Layla,Sable Taqueria,+15551052939,POS Validated,Ironclad POS,,,,
C000944,2026-07-26,ai,dialler-03,Tallgrass Dining Room,5558569032,Callback,,,,,
C001615,2026-07-29,human,Hiba,Yarrow Tavern,555.307.2154,POS Validated,VELLUM,Sean Williams,Operations Manager,Weekdays after 3pm,
C000358,2026-07-17,ai,dialler-02,Orchard Trattoria,(555) 175-1932,Callback,,,,,
C000317,2026-06-28,ai,dialler-01,Thistle Wine Bar,555.721.0580,POS Validated,meridian,,,,
C000415,2026-06-09,human,Hiba,Tallgrass Grill,555.961.8056,No Answer,,,,,
C000745,2026-07-11,human,Zara,Cardinal Smoothie,555.456.3086,POS Validated,rivet,Nadia Patel,Managing Partner,Weekdays after 3pm,
C000258,2026-06-24,human,Sana,Sable Bakery,555.682.1882,No Answer,,,,,
C001589,2026-07-12,ai,dialler-01,Harrow Room Verano Bay,555-580-2105,POS Validated,ironclad,,,,
C000794,2026-07-06,human,Sana,The Tin Roof Chophouse,(555) 928-7868,No Answer,,,,,
C001450,2026-06-10,ai,dialler-03,Copper Trattoria,(555) 930-5037,Gatekeeper,,,,,
C000308,2026-06-26,human,Sana,Dovetail Cantina,555.367.2287,No Answer,,,,,
C000175,2026-07-12,ai,dialler-03,Saffron Cantina,+1 555 654 4187,Data capture incomplete,,,,,
C001051,2026-07-15,human,Sana,PIKE WINE BAR,555.539.4313,Callback,,,,,
C001221,2026-06-09,ai,dialler-03,Thistle Cantina,5552469789,No Answer,,,,,
C000510,2026-07-15,human,Hiba,PALISADE CANTINA,(555) 366-2915,No Answer,,,,,
C001794,2026-07-03,ai,dialler-03,ORCHARD SUPPER CLUB,+15556134307,No Answer,,,,,
C000064,2026-07-15,human,Zara,Hearth Food Truck,+15552090782,No Answer,,,,,
C000890,2026-07-04,ai,dialler-02,Amber Kitchen,5557707201,No Answer,,,,,
C001283,2026-06-17,ai,dialler-02,Northbank Bistro,5551508297,Callback,,,,,
C000343,2026-07-29,human,Zara,Olive and Ash Juice Bar 1 2,5559386758,Gatekeeper,,,,,
C001231,2026-06-12,ai,dialler-01,Sparrow Taqueria,+15558521796,Callback,,,,,
C000559,2026-07-14,ai,dialler-01,Dovetail Tavern,+15555003511,POS Validated,Vellum POS,,,,
C001270,2026-06-29,human,Zara,Redbird Steakhouse,555.435.9184,No Answer,,,,,
C000271,2026-06-21,ai,dialler-03,Palisade Tavern,555-691-8651,Data capture incomplete,,,,,
C001173,2026-07-11,human,Zara,Hearth Trattoria - Greenhithe,+15556996744,Gatekeeper,,,,,
C001411,2026-06-09,human,Fatima,Warbler Wine Bar Verano Bay,+15556146957,Not reached,,,,,
C000797,2026-08-02,ai,dialler-01,Nine Bridges House,555-349-7342,No Answer,,,,,
C001466,2026-06-15,ai,dialler-02,Loam Steakhouse,(555) 782-7621,Callback,,,,,
C000443,2026-06-27,ai,dialler-01,Persimmon Room,+15558805470,Not reached,,,,,
C000156,2026-06-23,human,Zara,Olive & Ash Dining Room,555-821-2080,Data capture incomplete,,,,,
C000441,2026-06-11,human,Hiba,Persimmon Room - Lantern Hill,(555) 880-5470,Not reached,,,,,
C001609,2026-07-26,human,Sana,THISTLE DINING ROOM,+1 555 449 0004,Not reached,,,,,
C000961,2026-06-12,ai,dialler-02,Alder Taqueria,(555) 858-5963,Not reached,,,,,
C000387,2026-07-26,human,Hiba,Quill Cantina,555-480-1308,POS Validated,cadence,Luis Williams,Owner,Weekends only,luis.williams@quillcantina.example
C000687,2026-06-17,ai,dialler-02,The Thicket Sandwich Shop,+1 555 900 7607,Not reached,,,,,
C001706,2026-06-11,ai,dialler-01,Bramble Taqueria Verano Bay,5559603193,Not reached,,,,,
C001121,2026-07-25,ai,dialler-01,Cinder Table - Marisol,+15555594833,Not reached,,,,,
C000499,2026-07-04,ai,dialler-02,HALCYON TRATTORIA,+15554063156,No Answer,,,,,
C001473,2026-07-05,ai,dialler-03,Juniper Steakhouse,5556952761,Data capture incomplete,,Linda Chen,,,
C000140,2026-06-09,human,Hiba,Heron Cafe,(555) 956-7375,POS Validated,IRONCLAD,,,,
C000860,2026-07-16,ai,dialler-03,Gallow Bistro,555.546.8797,Not reached,,,,,
C000950,2026-06-14,human,Layla,Little Bear Creamery,5552039178,No Answer,,,,,
C000786,2026-07-11,human,Zara,Nine Bridges Tavern,+15554924989,Not reached,,,,,
C000613,2026-06-24,human,Sana,Bluebird Brasserie,(555) 616-7261,No Answer,,,,,
C000035,2026-06-19,human,Hiba,Understory Steakhouse,555-997-3091,POS Validated,Cadence Mini,,,,
C000971,2026-07-27,human,Zara,Tin Roof Wine Bar,5559528676,No Answer,,,,,
C001503,2026-07-10,ai,dialler-01,Ember Creamery Restaurant,+15557192840,POS Validated,bluecrest pos,,,,
C001162,2026-06-27,human,Sana,Fallowfield Table,5552962646,Callback,,,,,
C000412,2026-06-11,human,Sana,Jackdaw Room,555-321-1747,Callback,,,,,
C001120,2026-08-01,ai,dialler-01,Quarry Oyster Bar - Old Mill,5553658714,POS Validated,ironcladpos,,,,
C001100,2026-07-03,ai,dialler-01,Sorrel House Restaurant,+15554618937,Not reached,,,,,
C000051,2026-07-12,human,Hiba,Amber Coffee 1,555-481-8667,POS Validated,Cadence Mini,,,,
C000333,2026-07-02,ai,dialler-01,Nine Bridges Chophouse,(555) 688-3396,Not reached,,,,,
C000913,2026-07-15,ai,dialler-02,Northbank House,555.821.4370,Not reached,,,,,
C001560,2026-07-28,human,Sana,Marrow Table,+1 555 773 8524,Not reached,,,,,
C000799,2026-06-25,ai,dialler-01,The Persimmon Food Truck,555.767.5585,No Answer,,,,,
C001823,2026-06-14,ai,dialler-02,Redbird Boba 1,(555) 101-7251,Not reached,,,,,
C001131,2026-06-12,human,Hiba,Persimmon House Verano Bay,+1 555 411 4412,Data capture incomplete,,,,,
C001192,2026-07-05,human,Hiba,Nettle Room,+15554117946,No Answer,,,,,
C001667,2026-06-30,ai,dialler-03,Loam Dining Room,+15557491465,No Answer,,,,,
C000955,2026-07-14,ai,dialler-03,Wren Creamery,555.536.3372,Not reached,,,,,
C000416,2026-06-20,ai,dialler-02,The Kettle Grill,555.331.4451,POS Validated,meridian cloud,,,,
C001603,2026-06-14,human,Hiba,The Golden Hour Trattoria,+1 555 925 6216,No Answer,,,,,
C001408,2026-06-18,ai,dialler-02,Warbler Wine Bar,5556146957,Not reached,,,,,
C000569,2026-07-21,human,Zara,Zephyr Smokehouse - Windrow,+1 555 718 2705,Data capture incomplete,,Nadia Le,,,
C000414,2026-06-12,ai,dialler-03,Tallgrass Grill,+1 555 961 8056,Gatekeeper,,,,,
C000824,2026-06-18,human,Layla,Mercado Trattoria,555.973.6840,No Answer,,,,,
C000208,2026-07-21,ai,dialler-02,Northbank Alehouse,555-792-2749,Gatekeeper,,,,,
C000563,2026-07-04,ai,dialler-01,Halcyon Tavern - Cedar Cross,(555) 293-3447,No Answer,,,,,
C000170,2026-07-22,human,Zara,Redbird Wine Bar,5558444150,Data capture incomplete,,,,,
C000267,2026-06-16,human,Layla,Verde Tavern - Templeton,555-453-1243,Data capture incomplete,,,,,
C000672,2026-07-10,human,Sana,Marigold Supper Club - Stillwater,555-356-6368,POS Validated,Cadence,,,,
C001027,2026-07-09,ai,dialler-02,Yarrow Cantina Verano Bay,555-893-5560,Gatekeeper,,,,,
C000656,2026-07-14,human,Layla,Kingfisher Cantina,555.546.7651,Data capture incomplete,,,,,
C001124,2026-07-27,ai,dialler-02,The Mercado Table,555-357-2531,No Answer,,,,,
C000515,2026-07-19,human,Fatima,The Nine Bridges Osteria,+15552019667,Callback,,,,,
C001356,2026-07-28,human,Fatima,Stonecutter Kitchen,+15553638947,Callback,,,,,
C000167,2026-07-28,human,Sana,Dovetail Alehouse Restaurant,5553615085,Callback,,,,,
C000347,2026-07-31,ai,dialler-01,HARROW WINE BAR,+1 555 883 4632,Callback,,,,,
C000646,2026-07-27,ai,dialler-03,Nine Bridges Supper Club,+15555984160,Callback,,,,,
C000582,2026-07-04,human,Hiba,Anchor Alehouse Verano Bay,5554420347,Callback,,,,,
C001716,2026-06-29,human,Fatima,The Nightjar Smoothie 1 2,(555) 699-3720,Not reached,,,,,
C001596,2026-07-01,human,Fatima,Driftwood Bakery,555-425-4748,Callback,,,,,
C001832,2026-06-09,human,Fatima,KINSHIP JUICE BAR 1,+15553636208,No Answer,,,,,
C000608,2026-06-10,human,Zara,Foxglove Bakery,555.169.1942,Not reached,,,,,
C000113,2026-07-29,ai,dialler-03,Juniper Dining Room,(555) 869-2322,No Answer,,,,,
C000433,2026-07-04,ai,dialler-03,Orchard Oyster Bar,5556278100,No Answer,,,,,
C001175,2026-07-16,human,Fatima,Amber Steakhouse,(555) 636-3079,No Answer,,,,,
C000332,2026-06-17,human,Layla,Heron Donuts,+1 555 599 3198,No Answer,,,,,
C001766,2026-07-06,human,Fatima,Sable Bistro,5554467597,Callback,,,,,
C000644,2026-06-09,human,Layla,Nine Bridges Supper Club Restaurant,+15555984160,Callback,,,,,
C000758,2026-06-13,human,Zara,Violet Table - Lantern Hill,+15553638422,POS Validated,Northstar Restaurant,Carlos Reyes,Co-Owner,,
C001708,2026-06-22,ai,dialler-02,Bramble Taqueria - Fox Hollow,5559603193,Not reached,,,,,
C000846,2026-07-17,human,Hiba,Fallowfield Trattoria,5552582067,No Answer,,,,,
C000754,2026-06-10,human,Hiba,Wren Boba,555-628-0282,POS Validated,IRONCLAD,Monica Martinez,Co-Owner,,
C001749,2026-06-26,ai,dialler-01,Pike Supper Club Verano Bay,+1 555 654 0328,No Answer,,,,,
C000373,2026-06-27,human,Fatima,GOLDEN HOUR TABLE,555.569.6778,Callback,,,,,
C000845,2026-07-12,human,Sana,FALLOWFIELD TRATTORIA,5552582067,Callback,,,,,
C000677,2026-06-30,ai,dialler-03,Kinship Dining Room,+1 555 539 0639,Not reached,,,,,
C001530,2026-06-23,ai,dialler-02,Oxbow Cantina,5552335723,Callback,,,,,
C000922,2026-07-17,ai,dialler-01,Understory Grill,555.754.4296,Callback,,,,,
C001818,2026-07-05,human,Zara,Loam Alehouse,(555) 861-3833,No Answer,,,,,
C000295,2026-07-06,ai,dialler-02,Vesper Juice Bar,5554913725,No Answer,,,,,
C001058,2026-07-26,human,Zara,The Golden Hour Oyster Bar,5558227656,No Answer,,,,,
