source_row_id,source_platform,scraped_date,name,address,city,postcode,neighbourhood,phone,website,cuisine,price_band,rating,review_count,fullservice_keyword_filter,fullservice_llm_filter,fullservice_llm_confidence,pos_system,pos_signal,pos_eligibility,chain_size_bucket,restaurant_group
R002103,bookwell,2026-07-27,Sixpence House,1658 W Prospect Ave,Verano Bay,40740,Greenhithe,(555) 437-4643,https://www.sixpencehouse.example,Spanish,$$,4.4,1340,pass,pass,0.88,n/a,none,unknown,SME,
R002581,tablefind,2026-07-20,Juniper Food Truck,1643 W Vance Rd,Verano Bay,40756,Alder Heights,+1 555 642 2905,https://www.juniperfoodtruck.example,Japanese,$$$$,3.6,532,pass,fail,0.76,not found,none,unknown,SME,
R001050,dineline,2026-07-12,Golden Hour Bistro,3160 S Ashfield Ave,Verano Bay,40783,Stillwater,(555) 704-6305,,Indian,$$,3.5,1681,pass,pass,0.82,n/a,none,unknown,SME,
R002315,tablefind,2026-07-23,Hearth Bakery,2271 E Tarrow Road,Verano Bay,40276,Rivera District,+15555499791,,Indian,$$$,4.1,1947,fail,fail,0.9,not found,none,unknown,SME,
R003191,tablefind,2026-07-26,Wildwood Brasserie,7293 W Prospect St,Verano Bay,40139,Templeton,+15559849881,https://www.wildwoodbrasserie.example,Greek,$$,4.4,118,pass,pass,0.89,Northstar,website_fingerprint,pass,mid-cap,Wildwood Group
R002927,roamly,2026-07-12,Quill Donuts 1,1026 S Cortez Blvd,Verano Bay,40343,Stillwater,(555) 219-0959,,Korean,$,4.5,935,fail,fail,0.74,not found,none,unknown,SME,
R001104,dineline,2026-07-15,Verde Brasserie,6612 E Halloway Ave,Verano Bay,40299,Windrow,+1 555 773 5834,https://www.verdebrasserie.example,Thai,$$$,3.7,363,pass,pass,0.87,n/a,none,unknown,SME,
R000962,bookwell,2026-07-02,Sparrow Wine Bar,7862 W Ashfield Blvd,Verano Bay,40528,Cedar Cross,555.449.7952,https://www.sparrowwinebar.example,Greek,$$,4.3,1401,pass,pass,0.86,,none,unknown,SME,
R002254,tablefind,2026-07-06,Fallowfield Express,1141 W Serra Ave,Verano Bay,40503,Stillwater,555-104-8219,https://www.fallowfieldexpress.example,French,$$,4.6,1415,fail,fail,0.97,CADENCE,website_fingerprint,fail,SME,
R001057,bookwell,2026-07-11,The Fernwood Tavern,2018 South Lindmere Ave,Verano Bay,40752,Marisol,555-815-6084,https://www.fernwoodtavern.example,Korean,$$,4.5,561,pass,pass,0.82,UNKNOWN,none,unknown,SME,
R001315,civicpages,2026-07-02,VERDE TRATTORIA,6833 East Wexley Boulevard,Verano Bay,40639,Templeton,555-860-6282,https://www.verdetrattoria.example,Indian,$,3.5,1717,pass,pass,0.73,n/a,none,unknown,SME,
R002121,civicpages,2026-07-18,Quill Bistro Restaurant,1817 W Bayard Boulevard,Verano Bay,40559,Calder Park,+15557297537,https://www.quillbistro.example,Japanese,$$$,4.5,221,pass,pass,0.99,n/a,none,unknown,SME,
R002075,bookwell,2026-07-12,Oxbow Kitchen Verano Bay,4038 S Fennimore Avenue,Verano Bay,40648,Fox Hollow,555.902.9746,,Italian,$$$$,3.9,1295,pass,pass,0.9,not found,none,unknown,SME,
R002680,civicpages,2026-07-15,Oxbow Boba - Stillwater,4810 North Fennimore Road,Verano Bay,40551,Bramble Row,5551616858,,Mediterranean,$$,3.8,1840,pass,fail,0.75,Unknown,none,unknown,SME,
R001423,bookwell,2026-07-02,Olive & Ash Osteria,7580 S Quinton Rd,Verano Bay,40332,Quarry End,555-255-1171,https://www.oliveashosteria.example,French,$$,4.5,905,pass,pass,0.82,UNKNOWN,none,unknown,SME,
R000411,tablefind,2026-07-27,Marigold Osteria,7441 N Lindmere Rd,Verano Bay,40680,Harbor Point,(555) 429-2603,,French,$$,4.3,348,pass,pass,0.94,N/A,none,unknown,SME,
R002519,roamly,2026-07-10,PLUMB KIOSK 1,4449 North Ashfield Street,Verano Bay,40594,Ferrymead,+15553102732,,Mediterranean,$$$,3.4,666,pass,fail,0.78,,none,unknown,SME,
R003153,atlasmaps,2026-07-14,Fallowfield Taqueria - Fox Hollow,3062 W Halloway Ave,Verano Bay,40704,Sablewood,555.902.6105,https://www.fallowfieldtaqueria.example,Mexican,$$$,3.9,835,pass,pass,0.94,not found,none,unknown,mid-cap,Fallowfield Group
R000072,tablefind,2026-07-15,Ember Dining Room,6846 S Tarrow Rd,Verano Bay,40366,Bayview Flats,555-383-0788,https://www.emberdiningroom.example,Mediterranean,$,3.7,1531,pass,pass,0.87,N/A,none,unknown,SME,
R000092,bookwell,2026-07-24,Hearth Brasserie,1812 N Mallow St,Verano Bay,40267,Greenhithe,555.151.6999,https://www.hearthbrasserie.example,Greek,$$$,4.1,449,pass,pass,0.74,unknown,none,unknown,SME,
R003219,roamly,2026-07-20,Yarrow Bistro - Stillwater,"326 S Mallow Rd, Verano Bay",Verano Bay,40561,Greenhithe,555.549.4041,https://www.yarrowbistro.example,Spanish,$,3.6,708,pass,pass,0.84,Unknown,none,unknown,mid-cap,Yarrow Group
R002321,roamly,2026-07-14,The Roan Smoothie,6874 S Ashfield Blvd,Verano Bay,40729,Kingsway,555.280.4322,https://www.roansmoothie.example,Korean,$$,3.4,1706,pass,fail,0.85,not found,none,unknown,SME,
R000359,bookwell,2026-07-02,Rookery Trattoria,3122 E Fennimore Rd,Verano Bay,40453,Quarry End,(555) 367-4877,https://www.rookerytrattoria.example,Steakhouse,$$,4.6,284,pass,pass,0.94,UNKNOWN,none,unknown,SME,
R001312,tablefind,2026-07-27,Ember Wine Bar,"5087 S Cortez Rd, Verano Bay",Verano Bay,40131,Palisade Park,+1 555 376 1703,https://www.emberwinebar.example,Barbecue,$,4.1,1547,pass,pass,0.79,VELLUM,website_fingerprint,pass,SME,
R000459,roamly,2026-07-18,Driftwood Bistro,2927 N Fennimore Rd,Verano Bay,40236,Lantern Hill,555-209-3962,https://www.driftwoodbistro.example,Korean,$$$,4.0,1340,pass,pass,0.73,unknown,none,unknown,SME,
R001117,atlasmaps,2026-07-26,The Heron House,"1781 N Fennimore Rd, Verano Bay",Verano Bay,40217,Cedar Cross,555.644.4032,https://www.heronhouse.example,Greek,$$$,3.8,1179,pass,pass,0.87,not found,none,unknown,SME,
R000848,roamly,2026-07-02,Redbird Dining Room,2378 S Mallow St,Verano Bay,40346,Stillwater,(555) 582-8509,https://www.redbirddiningroom.example,Vietnamese,$$$,4.1,164,pass,pass,0.73,Unknown,none,unknown,SME,
R002347,tablefind,2026-07-03,Vesper Smoothie,3413 W Mallow Ave,Verano Bay,40216,Windrow,5556659005,https://www.vespersmoothie.example,Mediterranean,$$,4.2,607,pass,fail,0.81,n/a,none,unknown,SME,
R001548,civicpages,2026-07-19,Cinder Smokehouse - Greenhithe,"5385 S Mallow Blvd, Verano Bay",Verano Bay,40449,Sablewood,+1 555 707 9022,https://www.cindersmokehouse.example,Seafood,$$,4.4,2073,pass,pass,0.8,unknown,none,unknown,SME,
R003364,atlasmaps,2026-07-18,Harrow Wine Bar,2040 E Fennimore St,Verano Bay,40769,Templeton,,https://www.harrowwinebar.example,French,$$,3.6,1145,pass,pass,0.95,N/A,none,unknown,large,Harrow Inc
R001856,bookwell,2026-07-18,Heron Osteria,5152 N Cortez St,Verano Bay,40214,Marisol,5558316871,https://www.heronosteria.example,Italian,$$$$,3.5,360,pass,pass,0.85,QuillPay,website_fingerprint,pass,SME,
R002055,bookwell,2026-06-30,Juniper Smokehouse,5283 W Rivermead Blvd,Verano Bay,40488,Miradero,555.466.9682,https://www.junipersmokehouse.example,French,$,4.9,1188,pass,pass,0.76,Unknown,none,unknown,SME,
R002124,atlasmaps,2026-07-01,Northbank Taqueria,1328 N Quinton St,Verano Bay,40107,Corvo Heights,555.577.5501,https://www.northbanktaqueria.example,Vietnamese,$,3.8,963,pass,pass,0.79,,none,unknown,SME,
R001941,tablefind,2026-06-30,Zephyr Dining Room - Quarry End,876 East Mallow Street,Verano Bay,40697,Sunfield,5553678226,https://www.zephyrdiningroom.example,Greek,$$$$,3.4,986,pass,pass,0.75,n/a,none,unknown,SME,
R001560,roamly,2026-07-11,Nine Bridges House,1492 East Calder Blvd,Verano Bay,40652,Old Mill,5553497342,https://www.ninebridgeshouse.example,Steakhouse,$$$,3.9,1784,pass,pass,0.88,unknown,none,unknown,SME,
R002038,dineline,2026-07-20,Inkwell Wine Bar,4261 W Fennimore St,Verano Bay,40682,Palisade Park,+15552541760,https://www.inkwellwinebar.example,Japanese,$$$,4.1,756,pass,pass,0.92,cadence,website_fingerprint,fail,SME,
R002262,dineline,2026-07-23,Quarry Creamery Verano Bay,5065 West Lindmere Rd,Verano Bay,40290,Greenhithe,5558458494,https://www.quarrycreamery.example,Italian,$,3.5,184,fail,fail,0.94,UNKNOWN,none,unknown,SME,
R001135,civicpages,2026-07-19,Magpie Taqueria,5941 W Mallow St,Verano Bay,40359,Bramble Row,5559160952,https://www.magpietaqueria.example,Thai,$$,3.9,1001,pass,pass,0.75,,none,unknown,SME,
R001662,atlasmaps,2026-06-30,Silverfin Wine Bar,3260 E Tarrow Ave,Verano Bay,40602,Rivera District,+1 555 120 1242,https://www.silverfinwinebar.example,Contemporary,$$$,4.4,942,pass,pass,0.94,Unknown,none,unknown,SME,
R001197,roamly,2026-07-28,The Nightjar Grill,5852 N Calder Rd,Verano Bay,40284,Sunfield,+1 555 854 0243,https://www.nightjargrill.example,Ethiopian,$$,3.8,45,pass,pass,0.87,Rivet,website_fingerprint,fail,SME,
R003200,tablefind,2026-07-03,Tallgrass Grill Restaurant,2796 N Mallow Street,Verano Bay,40685,Fox Hollow,(555) 961-8056,https://www.tallgrassgrill.example,Contemporary,$$$,3.9,186,pass,pass,0.92,not found,none,unknown,mid-cap,Tallgrass Group
R003305,tablefind,2026-07-15,Saffron Chophouse,2761 S Quinton Rd,Verano Bay,40133,Old Mill,+15552029052,https://www.saffronchophouse.example,Seafood,$$$,4.5,689,pass,pass,0.79,Cadence Mini,website_fingerprint,fail,large,Saffron Inc
R001148,dineline,2026-07-21,Dovetail Bistro,1430 N Prospect Blvd,Verano Bay,40342,Kingsway,+1 555 715 9728,,Contemporary,$$$,4.0,637,pass,pass,0.73,unknown,none,unknown,SME,
R003100,atlasmaps,2026-07-26,Kinship Dining Room,3083 N Calder St,Verano Bay,40574,Harbor Point,+1 555 539 0639,https://www.kinshipdiningroom.example,Indian,$,4.4,1530,pass,pass,0.88,not found,none,unknown,mid-cap,Kinship Group
R000648,tablefind,2026-07-09,Vesper Steakhouse,4834 S Vance Blvd,Verano Bay,40700,Ashgrove,(555) 770-1847,,Spanish,$$,4.2,707,pass,pass,0.96,n/a,none,unknown,SME,
R000930,atlasmaps,2026-07-14,Golden Hour Oyster Bar - Marisol,"4586 E Cortez Ave, Verano Bay",Verano Bay,40276,Templeton,+15558227656,https://www.goldenhouroysterbar.example,Spanish,$$,3.6,370,pass,pass,0.79,UNKNOWN,none,unknown,SME,
R002883,tablefind,2026-07-25,Sparrow Bakery,4868 S Bayard Rd,Verano Bay,40389,Fox Hollow,+15558258849,,Indian,$$,3.2,507,fail,fail,0.73,n/a,none,unknown,SME,
R000273,bookwell,2026-06-30,Nightjar Oyster Bar,3502 S Mallow Blvd,Verano Bay,40484,Kingsway,555.756.4544,https://www.nightjaroysterbar.example,Polish,$$$,4.1,1087,pass,pass,0.74,Quillpay,website_fingerprint,pass,SME,
R000245,atlasmaps,2026-07-15,Salt & Vine Tavern,4211 E Prospect Rd,Verano Bay,40768,Windrow,+1 555 814 2701,https://www.saltvinetavern.example,Barbecue,$,4.5,871,pass,pass,0.9,Unknown,none,unknown,SME,
R001449,roamly,2026-07-15,Alder Table,1471 E Fennimore St,Verano Bay,40222,Sablewood,(555) 144-5820,https://www.aldertable.example,Seafood,$$$$,3.9,1840,pass,pass,0.96,not found,none,unknown,SME,
R001200,tablefind,2026-07-23,Lantern Oyster Bar,5307 W Ashfield Ave,Verano Bay,40102,Calder Park,(555) 592-6669,https://www.lanternoysterbar.example,Peruvian,$$,4.6,1178,pass,pass,0.8,UNKNOWN,none,unknown,SME,
R001492,civicpages,2026-07-25,Rookery Table,6098 E Mallow St,Verano Bay,40122,Stillwater,+1 555 715 9235,https://www.rookerytable.example,Peruvian,$$,4.5,445,pass,pass,0.91,NorthStar,website_fingerprint,pass,SME,
R001980,atlasmaps,2026-07-27,Cardinal Osteria,7697 E Rivermead Blvd,Verano Bay,40781,Bayview Flats,+1 555 274 7438,https://www.cardinalosteria.example,Japanese,$$,4.3,562,pass,pass,0.97,unknown,none,unknown,SME,
R001448,dineline,2026-07-10,Dovetail Wine Bar,1671 E Quinton Rd,Verano Bay,40185,Old Mill,+15558393922,https://www.dovetailwinebar.example,Seafood,$$$,4.2,139,pass,pass,0.86,not found,none,unknown,SME,
R001581,bookwell,2026-07-28,Zephyr Alehouse,4474 E Rivermead Ave,Verano Bay,40661,Bayview Flats,555-784-6767,https://www.zephyralehouse.example,Greek,$$,3.8,434,pass,pass,0.95,-,none,unknown,SME,
R001875,atlasmaps,2026-07-02,Thistle Brasserie,7473 N Bayard St,Verano Bay,40779,Rivera District,+1 555 348 5831,https://www.thistlebrasserie.example,Spanish,$$$,3.5,877,pass,pass,0.99,Meridian (legacy),website_fingerprint,pass,SME,
R000565,atlasmaps,2026-07-17,Copper Supper Club,7032 South Mallow Blvd,Verano Bay,40468,Harbor Point,555.326.7872,https://www.coppersupperclub.example,French,$$$$,3.4,574,pass,pass,0.8,not found,none,unknown,SME,
R003462,civicpages,2026-07-05,Kettle Trattoria,4121 E Halloway Blvd,Port Adair,40165,,555.683.7997,https://www.kettletrattoria.example,Japanese,$$,4.1,1306,pass,pass,0.95,unknown,none,unknown,SME,
R002963,tablefind,2026-07-01,Magpie Cafe,3598 N Calder Ave,Verano Bay,40276,Alder Heights,555.822.2697,https://www.magpiecafe.example,Mediterranean,$$$$,4.6,977,fail,fail,0.83,Fernpost,website_fingerprint,fail,SME,
R002628,tablefind,2026-07-18,Wren Creamery,3429 N Calder St,Verano Bay,40716,Lantern Hill,+15555363372,,Barbecue,$$$,4.3,131,fail,fail,0.84,N/A,none,unknown,SME,
R002056,dineline,2026-07-07,Juniper Smokehouse,"5283 W Rivermead Blvd, Verano Bay",Verano Bay,40296,Miradero,+1 555 466 9682,https://www.junipersmokehouse.example,French,$,4.8,968,pass,pass,0.82,unknown,none,unknown,SME,
R001571,bookwell,2026-07-02,Nightjar Brasserie,5572 W Rivermead St,Verano Bay,40228,Ferrymead,555-457-1425,https://www.nightjarbrasserie.example,Korean,$$,4.2,217,pass,pass,0.96,ironcladpos,website_fingerprint,fail,SME,
R002977,dineline,2026-07-04,GOLDEN HOUR JUICE BAR,1642 W Bayard Road,Verano Bay,40463,Marisol,,https://www.goldenhourjuicebar.example,Peruvian,$$$,4.4,217,fail,fail,0.73,Fernpost,website_fingerprint,fail,SME,
R002032,roamly,2026-07-22,Cobalt Trattoria Restaurant,4156 North Ashfield St,Verano Bay,40224,Rivera District,555-558-7403,https://www.cobalttrattoria.example,Ethiopian,$$,3.8,796,pass,pass,0.87,unknown,none,unknown,SME,
R000206,civicpages,2026-07-05,Olive & Ash Grill,5047 W Halloway Road,Verano Bay,40603,Palisade Park,(555) 969-5652,https://www.oliveashgrill.example,Thai,$,3.4,291,pass,pass,0.97,N/A,none,unknown,SME,
R001339,roamly,2026-07-01,Roan Bistro,6881 North Tarrow Street,Verano Bay,40363,Calder Park,555-622-5686,https://www.roanbistro.example,Contemporary,$$,3.9,414,pass,pass,0.84,rivet,website_fingerprint,fail,SME,
R001243,tablefind,2026-07-26,Sable Wine Bar,2111 S Rivermead Blvd,Verano Bay,40691,Cedar Cross,+1 555 279 4652,,Korean,$$$,4.3,1522,pass,pass,0.84,-,none,unknown,SME,
R002749,dineline,2026-07-27,Tin Roof Sandwich Shop 1,1294 W Lindmere Rd,Verano Bay,40459,Fox Hollow,5551993932,https://www.tinroofsandwichshop1.example,Ethiopian,$$$$,3.8,1763,fail,fail,0.77,n/a,none,unknown,SME,
R003434,bookwell,2026-07-21,Thicket Wine Bar,4848 S Halloway St,Sundermere,40156,,+15557185655,https://www.thicketwinebar.example,Greek,$$$,4.6,107,pass,pass,0.83,ironcladpos,website_fingerprint,fail,SME,
R003231,tablefind,2026-07-15,Copper House,3072 North Quinton Road,Verano Bay,40266,Calder Park,+1 555 300 9087,https://www.copperhouse.example,Mexican,$$,4.4,1008,pass,pass,0.92,Ironclad,website_fingerprint,fail,mid-cap,Copper Group
R002630,bookwell,2026-07-06,Quill Donuts,819 N Mallow Blvd,Verano Bay,40184,Sunfield,+15552874042,https://www.quilldonuts.example,Vietnamese,$$$$,4.5,1240,fail,fail,0.81,Unknown,none,unknown,SME,
R002716,roamly,2026-07-12,Anchor Coffee 1,815 North Fennimore Street,Verano Bay,40304,Harbor Point,555-389-3556,https://www.anchorcoffee1.example,Italian,$$,3.7,316,fail,fail,0.76,Vellum POS,website_fingerprint,pass,SME,
R002742,atlasmaps,2026-07-12,Nettle Juice Bar - Cedar Cross,6311 North Mallow Boulevard,Verano Bay,40614,Quarry End,(555) 986-6546,,French,$$$,4.6,1605,fail,fail,0.78,N/A,none,unknown,SME,
R003076,atlasmaps,2026-07-11,Persimmon Kitchen - Kingsway,6054 West Calder Blvd,Verano Bay,40216,Windrow,+1 555 536 1955,https://www.persimmonkitchen.example,Indian,$,4.6,721,pass,pass,0.83,,none,unknown,mid-cap,Persimmon Group
R002679,bookwell,2026-07-14,Oxbow Boba,4810 N Fennimore Rd,Verano Bay,40543,Bramble Row,5551616858,,Mediterranean,$$,3.9,1565,fail,fail,0.96,Unknown,none,unknown,SME,
R000346,civicpages,2026-07-05,Redbird Wine Bar Restaurant,"4627 E Halloway Blvd, Verano Bay",Verano Bay,40295,Bayview Flats,(555) 844-4150,https://www.redbirdwinebar.example,Thai,$,3.6,1353,pass,pass,0.92,N/A,none,unknown,SME,
R000662,tablefind,2026-07-13,Sparrow Smokehouse,7887 N Cortez Blvd,Verano Bay,40640,Ashgrove,555.764.8181,https://www.sparrowsmokehouse.example,Steakhouse,$$$,4.1,849,pass,pass,0.96,UNKNOWN,none,unknown,SME,
R003017,atlasmaps,2026-07-25,Foxtail Smoothie Verano Bay,3305 South Cortez Road,Verano Bay,40761,Calder Park,5552444031,https://www.foxtailsmoothie.example,Indian,$$$,4.7,570,fail,fail,0.9,-,none,unknown,SME,
R003210,atlasmaps,2026-07-08,Zephyr Osteria,6154 S Tarrow Blvd,Verano Bay,40163,Kingsway,+15558243081,https://www.zephyrosteria.example,Peruvian,$,3.5,1215,pass,pass,0.88,IRONCLAD,website_fingerprint,fail,mid-cap,Zephyr Group
R001132,roamly,2026-07-20,KINGFISHER TAVERN,5371 West Vance Avenue,Verano Bay,40182,Ferrymead,555-115-2219,https://www.kingfishertavern.example,Steakhouse,$$$$,4.1,113,pass,pass,0.84,N/A,none,unknown,SME,
R002698,dineline,2026-07-22,Basil & Bone Cafe,3839 N Halloway Rd,Verano Bay,40154,Cedar Cross,555.370.9634,https://www.basilbonecafe.example,Spanish,$$$,4.1,92,fail,fail,0.75,ORBIT,website_fingerprint,pass,SME,
R002674,tablefind,2026-07-18,Larkspur Counter,5022 West Cortez Road,Verano Bay,40384,Kingsway,+1 555 319 6028,,Greek,$$,4.5,835,pass,fail,0.97,not found,none,unknown,SME,
R000250,bookwell,2026-07-03,Juniper Supper Club,6414 S Fennimore Ave,Verano Bay,40461,Bramble Row,,https://www.junipersupperclub.example,Mediterranean,$$,3.5,1475,pass,pass,0.95,Unknown,none,unknown,SME,
R002125,civicpages,2026-07-12,Northbank Taqueria,1328 N Quinton Street,Verano Bay,40555,Corvo Heights,(555) 577-5501,https://www.northbanktaqueria.example,Vietnamese,$,3.5,963,pass,pass,0.91,UNKNOWN,none,unknown,SME,
R003125,civicpages,2026-07-23,Marrow Tavern,1554 S Rivermead Blvd,Verano Bay,40369,Ferrymead,555.125.1480,https://www.marrowtavern.example,Seafood,$$$,4.5,32,pass,pass,0.91,Northstar,website_fingerprint,pass,mid-cap,Marrow Group
R001908,dineline,2026-07-07,HARROW TABLE,2061 South Lindmere Street,Verano Bay,40500,Sablewood,+15551835255,https://www.harrowtable.example,Vietnamese,$$,4.6,221,pass,pass,0.93,Unknown,none,unknown,SME,
R001920,atlasmaps,2026-07-26,Cinder Tavern Restaurant,5710 West Wexley Avenue,Verano Bay,40498,Ferrymead,+1 555 966 5026,https://www.cindertavern.example,Barbecue,$$$,4.0,1233,pass,pass,0.8,fernpost,website_fingerprint,fail,SME,
R002952,bookwell,2026-07-01,Thicket Juice Bar - Corvo Heights,293 W Quinton Boulevard,Verano Bay,40620,Old Mill,(555) 571-0374,https://www.thicketjuicebar.example,Steakhouse,$$$,3.9,293,pass,fail,0.77,Saltbox,website_fingerprint,fail,SME,
R001191,bookwell,2026-07-03,Nine Bridges Bistro,5405 E Calder Ave,Verano Bay,40216,Ferrymead,+15556940146,https://www.ninebridgesbistro.example,Vietnamese,$$$,4.1,461,pass,pass,0.9,n/a,none,unknown,SME,
R002345,tablefind,2026-07-27,Pike Express,5697 N Mallow Blvd,Verano Bay,40376,Harbor Point,555.828.8303,https://www.pikeexpress.example,Polish,$$,3.7,640,fail,fail,0.88,Cadence Station,website_fingerprint,fail,SME,
R000600,atlasmaps,2026-07-16,KETTLE GRILL,5667 S Lindmere Blvd,Verano Bay,40407,Alder Heights,(555) 331-4451,https://www.kettlegrill.example,Italian,$,3.5,365,pass,pass,0.78,Unknown,none,unknown,SME,
R000737,bookwell,2026-07-21,Foxtail Grill,977 East Lindmere Boulevard,Verano Bay,40326,Fox Hollow,555.192.6335,https://www.foxtailgrill.example,Polish,$$$,4.9,2199,pass,pass,0.98,,none,unknown,SME,
R001996,atlasmaps,2026-07-12,Lantern Taqueria,2587 W Bayard Blvd,Verano Bay,40258,Miradero,+15552903469,,Indian,$$$,4.3,1031,pass,pass,0.96,UNKNOWN,none,unknown,SME,
R000549,dineline,2026-07-09,Orchard Oyster Bar,5335 S Quinton Rd,Verano Bay,40236,Windrow,+15556278100,https://www.orchardoysterbar.example,Thai,$,4.6,387,pass,pass,0.91,-,none,unknown,SME,
R002659,tablefind,2026-07-11,Thicket Donuts,4330 W Prospect St,Verano Bay,40296,Cedar Cross,,https://www.thicketdonuts.example,Greek,$$,3.8,1638,fail,fail,0.74,not found,none,unknown,SME,
R002247,atlasmaps,2026-07-16,Roan Steakhouse,5952 West Lindmere Rd,Verano Bay,40408,Fox Hollow,5556012321,https://www.roansteakhouse.example,Italian,$$,4.7,1252,pass,pass,0.99,-,none,unknown,SME,
R000153,tablefind,2026-07-12,Pike Steakhouse,4275 E Calder Blvd,Verano Bay,40409,Ferrymead,+1 555 411 1874,https://www.pikesteakhouse.example,Polish,$,4.6,1989,pass,pass,0.79,Meridian Server,website_fingerprint,pass,SME,
R001638,dineline,2026-07-17,Heron Wine Bar,482 N Lindmere Blvd,Verano Bay,40495,Corvo Heights,5558142169,https://www.heronwinebar.example,Steakhouse,$$$,4.3,1029,pass,pass,0.76,ORBIT,website_fingerprint,pass,SME,
R000738,roamly,2026-07-20,Little Bear Grill,7609 N Vance Rd,Verano Bay,40475,Greenhithe,5555334184,https://www.littlebeargrill.example,Thai,$$$,3.8,1341,pass,pass,0.92,n/a,none,unknown,SME,
R000970,atlasmaps,2026-07-15,Amber Trattoria,3579 E Fennimore Blvd,Verano Bay,40771,Rivera District,555.396.3860,,Spanish,$$,3.7,454,pass,pass,0.84,,none,unknown,SME,
R001665,dineline,2026-07-20,Silverfin Smokehouse,4142 W Fennimore St,Verano Bay,40581,Harbor Point,555-961-9489,https://www.silverfinsmokehouse.example,Seafood,$$,4.5,592,pass,pass,0.78,-,none,unknown,SME,
R003127,atlasmaps,2026-07-04,The Sparrow Kitchen,610 W Quinton Avenue,Verano Bay,40759,Sablewood,+15558296640,https://www.sparrowkitchen.example,Spanish,$$$$,4.5,1512,pass,pass,0.74,Ironclad,website_fingerprint,fail,mid-cap,Sparrow Group
R002150,civicpages,2026-07-26,Blue Heron House,3639 E Tarrow Rd,Verano Bay,40650,Cedar Cross,5553815052,https://www.blueheronhouse.example,Spanish,$$,4.1,169,pass,pass,0.84,Vellum Restaurant,website_fingerprint,pass,SME,
R002111,atlasmaps,2026-07-24,Sixpence Taqueria,1980 S Calder St,Verano Bay,40649,Sablewood,+1 555 594 9097,https://www.sixpencetaqueria.example,Korean,$$$$,4.1,29,pass,pass,0.75,not found,none,unknown,SME,
R000425,atlasmaps,2026-07-18,Thistle Room - Templeton,669 E Wexley Road,Verano Bay,40591,Greenhithe,+1 555 278 4765,https://www.thistleroom.example,Peruvian,$$$,4.3,225,pass,pass,0.74,not found,none,unknown,SME,
R000052,civicpages,2026-07-05,Prairie Table Verano Bay,"6629 W Prospect St, Verano Bay",Verano Bay,40264,Marisol,+1 555 497 9760,https://www.prairietable.example,Contemporary,$$,4.6,1069,pass,pass,0.95,CADENCE,website_fingerprint,fail,mid-cap,Prairie Table Group
R001151,roamly,2026-07-21,Rambler Grill - Bramble Row,3788 South Rivermead Street,Verano Bay,40680,Marisol,+1 555 803 1171,https://www.ramblergrill.example,Korean,$$,3.9,478,pass,pass,0.84,UNKNOWN,none,unknown,SME,
R000009,dineline,2026-07-09,SABLE DINING ROOM,663 West Quinton Road,Verano Bay,40512,Kingsway,5553171871,https://www.sablediningroom.example,Indian,$$,4.0,1878,pass,pass,0.89,-,none,unknown,mid-cap,Sable Hospitality Group
R000595,bookwell,2026-07-28,Ironwood Brasserie,"7953 N Calder Rd, Verano Bay",Verano Bay,40214,Alder Heights,(555) 200-5279,https://www.ironwoodbrasserie.example,Steakhouse,$$,3.6,99,pass,pass,0.92,N/A,none,unknown,SME,
R002796,civicpages,2026-07-20,VERDE CAFE,2759 E Lindmere St,Verano Bay,40179,Sunfield,+1 555 330 5824,https://www.verdecafe.example,Indian,$$$,3.8,209,pass,fail,0.86,unknown,none,unknown,SME,
R003294,atlasmaps,2026-07-23,Sixpence Trattoria,1177 N Bayard St,Verano Bay,40246,Sunfield,+15555517565,https://www.sixpencetrattoria.example,Seafood,$$$$,5.0,2359,pass,pass,0.75,-,none,unknown,large,Sixpence Inc
R003439,dineline,2026-06-30,Yarrow Osteria - Greenhithe,1934 South Vance Street,Calla Ridge,40339,,+15557234859,https://www.yarrowosteria.example,Thai,$$,4.1,1350,pass,pass,0.8,unknown,none,unknown,SME,
R000688,dineline,2026-07-05,Kettle Supper Club,5206 N Halloway Ave,Verano Bay,40651,Sunfield,555.709.6290,https://www.kettlesupperclub.example,Korean,$$,4.7,1404,pass,pass,0.94,n/a,none,unknown,SME,
R000432,dineline,2026-07-07,Understory Osteria,7915 N Fennimore Ave,Verano Bay,40162,Miradero,+15557624487,https://www.understoryosteria.example,Polish,$$$,4.1,1459,pass,pass,0.88,N/A,none,unknown,SME,
R002379,atlasmaps,2026-07-13,Heron Donuts,5115 W Bayard Ave,Verano Bay,40234,Ferrymead,5555993198,https://www.herondonuts.example,Indian,$$$,3.6,2074,fail,fail,0.88,Unknown,none,unknown,SME,
R001206,dineline,2026-07-16,Foxtail Oyster Bar,883 E Ashfield Ave,Verano Bay,40423,Kingsway,(555) 202-7919,,Mediterranean,$$,4.5,1473,pass,pass,0.78,Unknown,none,unknown,SME,
R003024,atlasmaps,2026-07-14,The Mercado Boba 1,7060 W Ashfield St,Verano Bay,40168,Kingsway,555.483.8661,https://www.mercadoboba1.example,Contemporary,$$$$,4.0,225,fail,fail,0.97,-,none,unknown,SME,
R000942,atlasmaps,2026-07-19,Orchard Steakhouse,7209 S Ashfield St,Verano Bay,40298,Bramble Row,555-864-0367,https://www.orchardsteakhouse.example,Mediterranean,$$,4.0,570,pass,pass,0.84,tessera,website_fingerprint,pass,SME,
R000981,civicpages,2026-07-12,Sorrel House - Stillwater,110 South Serra Street,Verano Bay,40153,Sablewood,+15554618937,https://www.sorrelhouse.example,Korean,$$$,3.6,168,pass,pass,0.78,ironclad,website_fingerprint,fail,SME,
R001684,tablefind,2026-06-30,Bramble Room,2022 S Fennimore Ave,Verano Bay,40728,Fox Hollow,(555) 407-6967,https://www.brambleroom.example,Mediterranean,$$$,3.5,502,pass,pass,0.82,ORBIT,website_fingerprint,pass,SME,
R002090,atlasmaps,2026-07-01,Fallowfield Steakhouse,7747 N Serra Ave,Verano Bay,40356,Ashgrove,+1 555 334 6929,https://www.fallowfieldsteakhouse.example,Contemporary,$$$,4.1,826,pass,pass,0.72,,none,unknown,SME,
R002434,tablefind,2026-07-04,Palisade Cafe 1,938 S Vance Street,Verano Bay,40732,Calder Park,+1 555 185 7055,https://www.palisadecafe1.example,Spanish,$$$,4.1,1099,pass,fail,0.73,vellum pos,website_fingerprint,pass,SME,
R002553,atlasmaps,2026-07-21,Basil & Bone Donuts,437 E Quinton St,Verano Bay,40772,Bramble Row,555-296-4406,,Japanese,$$$$,4.6,401,pass,fail,0.77,Unknown,none,unknown,SME,
R001145,tablefind,2026-07-03,The Foxglove Oyster Bar,5968 East Vance Boulevard,Verano Bay,40475,Miradero,555.667.9857,https://www.foxgloveoysterbar.example,Seafood,$$,4.7,896,pass,pass,0.92,,none,unknown,SME,
R002449,roamly,2026-07-08,Plumb Bakery,1296 N Calder St,Verano Bay,40473,Marisol,+15552007616,https://www.plumbbakery.example,Italian,$$,4.5,461,pass,fail,0.88,Unknown,none,unknown,SME,
R001018,civicpages,2026-07-09,Sable Table,7859 N Quinton Blvd,Verano Bay,40620,Stillwater,+15556061120,https://www.sabletable.example,Ethiopian,$$,4.0,682,pass,pass,0.9,n/a,none,unknown,SME,
R001207,atlasmaps,2026-07-27,The Foxtail Oyster Bar,"883 E Ashfield Ave, Verano Bay",Verano Bay,40178,Kingsway,+1 555 202 7919,,Mediterranean,$$,4.5,1329,pass,pass,0.84,n/a,none,unknown,SME,
R000849,dineline,2026-07-15,Quarry Osteria,7991 S Quinton Rd,Verano Bay,40456,Harbor Point,5554684021,https://www.quarryosteria.example,Polish,$$$$,4.5,412,pass,pass,0.73,,none,unknown,SME,
R000905,dineline,2026-07-22,JACKDAW TAQUERIA,215 N Vance St,Verano Bay,40704,Harbor Point,+15551098830,https://www.jackdawtaqueria.example,Korean,$$,3.9,1317,pass,pass,0.96,Ironclad POS,website_fingerprint,fail,SME,
R000198,roamly,2026-07-03,Vesper Smokehouse,2960 E Rivermead Street,Verano Bay,40243,Old Mill,5555407227,,Japanese,$$$,4.0,1010,pass,pass,0.95,-,none,unknown,SME,
R001943,atlasmaps,2026-07-27,Juniper House,5769 E Mallow Blvd,Verano Bay,40385,Calder Park,5556783413,,Peruvian,$$,3.6,290,pass,pass,0.91,unknown,none,unknown,SME,
R003155,tablefind,2026-07-09,Loam Room - Windrow,5792 W Bayard Road,Verano Bay,40427,Windrow,555.949.4642,https://www.loamroom.example,Italian,$,3.7,1135,pass,pass,0.81,Unknown,none,unknown,mid-cap,Loam Group
R000968,bookwell,2026-07-11,Plumb Brasserie,6567 E Rivermead Rd,Verano Bay,40100,Templeton,555-285-4236,https://www.plumbbrasserie.example,Ethiopian,$$$$,3.4,2231,pass,pass,0.73,Unknown,none,unknown,SME,
R002448,bookwell,2026-07-15,TIN ROOF SANDWICH SHOP,4175 W Fennimore Avenue,Verano Bay,40414,Calder Park,555.217.5216,https://www.tinroofsandwichshop.example,Polish,$$,4.1,908,pass,fail,0.9,N/A,none,unknown,SME,
R001831,atlasmaps,2026-07-20,Rosewater Kitchen,7432 North Ashfield Rd,Verano Bay,40579,Old Mill,,,Mediterranean,$$,4.5,2127,pass,pass,0.75,n/a,none,unknown,SME,
R003084,dineline,2026-07-12,Dovetail Dining Room,6682 N Mallow Ave,Verano Bay,40416,Ashgrove,5557809412,https://www.dovetaildiningroom.example,Ethiopian,$,4.8,1508,pass,pass,0.8,UNKNOWN,none,unknown,mid-cap,Dovetail Group
R002915,bookwell,2026-07-14,Zephyr Juice Bar 1 Verano Bay,"4567 E Tarrow St, Verano Bay",Verano Bay,40206,Fox Hollow,555-505-5284,https://www.zephyrjuicebar1.example,Spanish,$$,4.2,967,fail,fail,0.91,Meridian,website_fingerprint,pass,SME,
R001685,roamly,2026-07-25,The Bramble Room,2022 S Fennimore Ave,Verano Bay,40199,Fox Hollow,5554076967,https://www.brambleroom.example,Mediterranean,$$$,3.5,560,pass,pass,0.96,Orbit Systems,website_fingerprint,pass,SME,
R003278,bookwell,2026-07-19,Warbler Supper Club,806 North Halloway Blvd,Verano Bay,40531,Miradero,+1 555 904 2749,https://www.warblersupperclub.example,Steakhouse,$$$,4.4,653,pass,pass,0.95,CADENCE,website_fingerprint,fail,large,Warbler Inc
R000038,roamly,2026-07-08,Halcyon Oyster Bar,1180 N Tarrow Rd,Verano Bay,40382,Fox Hollow,+1 555 983 0210,https://www.halcyonoysterbar.example,Polish,$$$,3.6,392,pass,pass,0.76,Ironclad,website_fingerprint,fail,SME,Halcyon Dining
R000460,roamly,2026-07-24,Sorrel Grill,7986 N Calder Rd,Verano Bay,40270,Sablewood,+1 555 968 9127,https://www.sorrelgrill.example,Indian,$$$,4.2,1020,pass,pass,0.81,ironcladpos,website_fingerprint,fail,SME,
R001321,atlasmaps,2026-07-11,Tin Roof Wine Bar,5532 E Serra Ave,Verano Bay,40560,Alder Heights,555-952-8676,https://www.tinroofwinebar.example,Greek,$$$,4.7,1709,pass,pass,0.88,n/a,none,unknown,SME,
R000320,civicpages,2026-07-27,Foxglove Steakhouse,2821 N Halloway Ave,Verano Bay,40427,Cedar Cross,+15553471083,https://www.foxglovesteakhouse.example,Italian,$$$,4.1,97,pass,pass,0.95,not found,none,unknown,SME,
R002704,tablefind,2026-07-14,Marigold Sandwich Shop,4325 E Vance Road,Verano Bay,40411,Rivera District,555.192.6770,,Ethiopian,$$$$,4.3,543,fail,fail,0.93,unknown,none,unknown,SME,
R001663,bookwell,2026-07-27,The Silverfin Wine Bar,3260 East Tarrow Avenue,Verano Bay,40226,Rivera District,555-120-1242,https://www.silverfinwinebar.example,Contemporary,$$$,4.3,1011,pass,pass,0.83,n/a,none,unknown,SME,
R000896,tablefind,2026-07-02,Copper Grill,4804 E Fennimore St,Verano Bay,40632,Fox Hollow,555-518-8277,https://www.coppergrill.example,Spanish,$$,4.3,205,pass,pass,0.88,,none,unknown,SME,
R001889,tablefind,2026-07-23,Tidewater Trattoria Verano Bay,6545 N Ashfield Street,Verano Bay,40448,Stillwater,+1 555 798 0119,https://www.tidewatertrattoria.example,Indian,$$$,4.1,66,pass,pass,0.91,,none,unknown,SME,
R000789,civicpages,2026-07-11,Wren Brasserie,1414 W Tarrow Ave,Verano Bay,40466,Greenhithe,(555) 392-2127,https://www.wrenbrasserie.example,Thai,$$,4.6,829,pass,pass,0.88,unknown,none,unknown,SME,
R000573,bookwell,2026-07-26,Rosewater Room,5285 W Ashfield Ave,Verano Bay,40267,Bayview Flats,+15559849171,https://www.rosewaterroom.example,Vietnamese,$$$$,3.5,850,pass,pass,0.78,N/A,none,unknown,SME,
R001640,bookwell,2026-07-13,Palisade Bistro,5907 East Mallow Avenue,Verano Bay,40638,Corvo Heights,+1 555 372 8108,,Peruvian,$$$,4.1,702,pass,pass,0.95,N/A,none,unknown,SME,
R002156,atlasmaps,2026-07-19,Quarry Tavern,2402 E Tarrow Blvd,Verano Bay,40237,Windrow,+15557903296,https://www.quarrytavern.example,Italian,$$$,4.1,946,pass,pass,0.87,vellum pos,website_fingerprint,pass,SME,
R000559,atlasmaps,2026-07-27,Hearth Trattoria,4647 S Wexley Ave,Verano Bay,40665,Quarry End,555.699.6744,https://www.hearthtrattoria.example,Ethiopian,$,4.0,883,pass,pass,0.75,Salt Box,website_fingerprint,fail,SME,
R001997,roamly,2026-07-13,Lantern Taqueria - Quarry End,2587 W Bayard Blvd,Verano Bay,40736,Miradero,+1 555 290 3469,,Indian,$$$,4.4,1186,pass,pass,0.89,not found,none,unknown,SME,
R003244,roamly,2026-07-05,Bluebird Supper Club,3799 W Halloway Ave,Verano Bay,40301,Templeton,(555) 630-9806,https://www.bluebirdsupperclub.example,Peruvian,$$$$,4.8,1622,pass,pass,0.83,n/a,none,unknown,mid-cap,Bluebird Group
R000904,civicpages,2026-07-06,Jackdaw Taqueria,215 N Vance St,Verano Bay,40393,Harbor Point,+15551098830,https://www.jackdawtaqueria.example,Korean,$$,4.0,1272,pass,pass,0.84,N/A,none,unknown,SME,
R003285,roamly,2026-07-02,Kinship Oyster Bar,1708 S Cortez Blvd,Verano Bay,40301,Greenhithe,555.458.3854,https://www.kinshipoysterbar.example,Barbecue,$$$$,3.9,240,pass,pass,0.93,Unknown,none,unknown,large,Kinship Inc
R001443,bookwell,2026-07-05,Motherland Bistro,583 S Rivermead Ave,Verano Bay,40586,Bramble Row,+1 555 147 3588,,Vietnamese,$,4.4,1312,pass,pass,0.72,,none,unknown,SME,
R000575,dineline,2026-07-03,Cinder Kitchen,344 E Prospect St,Verano Bay,40140,Marisol,5555451514,https://www.cinderkitchen.example,Japanese,$$$,3.7,692,pass,pass,0.76,cadence,website_fingerprint,fail,SME,
R000068,civicpages,2026-07-01,Quill Cantina,5998 N Calder Blvd,Verano Bay,40732,Miradero,555-480-1308,https://www.quillcantina.example,Spanish,$$$,4.6,574,pass,pass,0.89,unknown,none,unknown,SME,
R002697,atlasmaps,2026-06-30,Yarrow Express,6414 E Bayard Blvd,Verano Bay,40496,Cedar Cross,+1 555 199 2756,https://www.yarrowexpress.example,Seafood,$$$$,3.5,752,fail,fail,0.75,Cadence,website_fingerprint,fail,SME,
R001910,civicpages,2026-07-15,Foxglove Tavern,1908 N Calder Ave,Verano Bay,40467,Templeton,555-601-9822,https://www.foxglovetavern.example,Thai,$$,4.1,1305,pass,pass,0.96,UNKNOWN,none,unknown,SME,
R000212,roamly,2026-07-02,Tidewater Chophouse - Stillwater,3963 East Calder Street,Verano Bay,40435,Templeton,555-948-7955,https://www.tidewaterchophouse.example,Greek,$$,4.5,360,pass,pass,0.74,UNKNOWN,none,unknown,SME,
R000716,tablefind,2026-07-10,Persimmon Steakhouse,4275 E Cortez Ave,Verano Bay,40558,Corvo Heights,555-808-5136,https://www.persimmonsteakhouse.example,Italian,$$$,4.3,1547,pass,pass,0.95,UNKNOWN,none,unknown,SME,
R002533,bookwell,2026-07-21,Copper Kiosk,7681 E Ashfield Blvd,Verano Bay,40524,Sunfield,(555) 497-6981,,Mexican,$$,4.5,679,fail,fail,0.78,UNKNOWN,none,unknown,SME,
R001359,tablefind,2026-07-01,Warbler Cantina,4161 W Lindmere Rd,Verano Bay,40286,Windrow,+1 555 929 9863,https://www.warblercantina.example,Steakhouse,$$$,4.6,1285,pass,pass,0.98,n/a,none,unknown,SME,
R001211,dineline,2026-07-06,Zephyr Supper Club Verano Bay,247 East Calder Avenue,Verano Bay,40335,Bayview Flats,,,Japanese,$$,4.3,1240,pass,pass,0.75,,none,unknown,SME,
R001028,dineline,2026-07-18,Little Bear Trattoria,4328 E Cortez Ave,Verano Bay,40730,Quarry End,5558848515,https://www.littlebeartrattoria.example,Thai,$$$,4.3,612,pass,pass,0.84,Ironclad POS,website_fingerprint,fail,SME,
R000987,civicpages,2026-07-19,Nettle House Verano Bay,3668 East Quinton Boulevard,Verano Bay,40525,Sablewood,+15554969540,https://www.nettlehouse.example,Vietnamese,$$$,3.7,2349,pass,pass,0.95,N/A,none,unknown,SME,
R002513,bookwell,2026-07-07,Vesper Juice Bar 1,7439 W Serra Rd,Verano Bay,40261,Lantern Hill,555-501-1046,,Thai,$,4.3,1297,pass,fail,0.81,not found,none,unknown,SME,
R000175,tablefind,2026-07-03,Silverfin Trattoria,6085 W Lindmere St,Verano Bay,40390,Bayview Flats,5554973534,https://www.silverfintrattoria.example,Spanish,$$,3.7,565,pass,pass,0.84,,none,unknown,SME,
R002756,roamly,2026-07-09,Rosewater Sandwich Shop,2204 S Wexley St,Verano Bay,40456,Palisade Park,555.238.0589,,Greek,$$,3.6,2028,fail,fail,0.8,-,none,unknown,SME,
R000690,roamly,2026-07-03,KETTLE SUPPER CLUB,5206 North Halloway Avenue,Verano Bay,40399,Sunfield,5557096290,https://www.kettlesupperclub.example,Korean,$$,4.6,2069,pass,pass,0.86,UNKNOWN,none,unknown,SME,
R001678,bookwell,2026-07-18,Dovetail Trattoria,218 E Quinton Rd,Verano Bay,40761,Lantern Hill,555.500.3879,https://www.dovetailtrattoria.example,Japanese,$$,4.3,190,pass,pass,0.8,N/A,none,unknown,SME,
R002245,roamly,2026-07-05,ROAN STEAKHOUSE,5952 West Lindmere Road,Verano Bay,40760,Fox Hollow,(555) 601-2321,https://www.roansteakhouse.example,Italian,$$,4.7,1261,pass,pass,0.88,Unknown,none,unknown,SME,
R001441,dineline,2026-07-23,Amber Grill Verano Bay,1603 North Quinton Road,Verano Bay,40285,Alder Heights,(555) 344-3772,https://www.ambergrill.example,Italian,$$$,3.6,1609,pass,pass,0.78,n/a,none,unknown,SME,
R000791,bookwell,2026-07-22,Persimmon Osteria,4607 E Quinton Blvd,Verano Bay,40752,Bayview Flats,,https://www.persimmonosteria.example,Thai,$$,4.3,1002,pass,pass,0.93,Unknown,none,unknown,SME,
R001421,roamly,2026-07-19,Gallow Wine Bar,5935 S Serra St,Verano Bay,40401,Windrow,,https://www.gallowwinebar.example,Ethiopian,$,4.4,1701,pass,pass,0.9,UNKNOWN,none,unknown,SME,
R001953,dineline,2026-07-10,Sorrel Chophouse,6018 N Serra Rd,Verano Bay,40420,Sablewood,5558022177,,Contemporary,$$$,4.0,367,pass,pass,0.98,n/a,none,unknown,SME,
R003388,tablefind,2026-07-14,Halcyon Smokehouse,2766 S Wexley Ave,Port Adair,40344,,(555) 714-6302,https://www.halcyonsmokehouse.example,Indian,$$$,3.9,169,pass,pass,0.92,-,none,unknown,SME,
R000804,tablefind,2026-07-24,Oxbow Bistro Restaurant,4410 W Mallow St,Verano Bay,40517,Palisade Park,555.831.3051,https://www.oxbowbistro.example,Barbecue,$$,3.8,784,pass,pass,0.96,IRONCLAD,website_fingerprint,fail,SME,
R000622,bookwell,2026-07-24,Salt & Vine Cantina,6577 East Vance Boulevard,Verano Bay,40258,Corvo Heights,+15559492127,https://www.saltvinecantina.example,Vietnamese,$$$$,4.4,1142,pass,pass,0.98,Ironclad,website_fingerprint,fail,SME,
R003367,roamly,2026-07-28,TALLGRASS KITCHEN,4723 N Cortez St,Verano Bay,40618,Windrow,555.461.1580,https://www.tallgrasskitchen.example,Barbecue,$,4.0,561,pass,pass,0.78,n/a,none,unknown,large,Tallgrass Inc
R000310,roamly,2026-07-04,Yarrow Oyster Bar - Sablewood,3790 West Bayard Road,Verano Bay,40228,Bayview Flats,555-634-2622,https://www.yarrowoysterbar.example,Peruvian,$$$,4.1,1513,pass,pass,0.82,Unknown,none,unknown,SME,
R002609,roamly,2026-06-30,Basil & Bone Donuts 1 Verano Bay,4063 East Rivermead Road,Verano Bay,40200,Miradero,5551093237,https://www.basilbonedonuts1.example,Italian,$$,3.4,1238,fail,fail,0.84,UNKNOWN,none,unknown,SME,
R002227,atlasmaps,2026-07-13,Dovetail Chophouse,6301 W Wexley Blvd,Verano Bay,40706,Ferrymead,+1 555 142 0806,https://www.dovetailchophouse.example,Seafood,$$,4.2,807,pass,pass,0.87,Cadence,website_fingerprint,fail,SME,
R001859,dineline,2026-07-17,Orchard Smokehouse,4936 N Lindmere Rd,Verano Bay,40539,Fox Hollow,+15559533041,,Thai,$$,4.3,991,pass,pass,0.96,unknown,none,unknown,SME,
R001085,atlasmaps,2026-07-08,Tidewater Osteria,1183 N Serra Ave,Verano Bay,40315,Cedar Cross,,https://www.tidewaterosteria.example,Contemporary,$$,4.1,2131,pass,pass,0.97,N/A,none,unknown,SME,
R000719,dineline,2026-07-27,Magpie Chophouse Restaurant,5269 S Bayard Road,Verano Bay,40753,Calder Park,(555) 173-3454,,Italian,$$,4.1,1704,pass,pass,0.91,UNKNOWN,none,unknown,SME,
R000431,bookwell,2026-07-19,Sixpence Room - Sunfield,4684 W Cortez Road,Verano Bay,40688,Lantern Hill,+1 555 870 6960,https://www.sixpenceroom.example,Contemporary,$$$,4.2,745,pass,pass,0.92,Vellum,website_fingerprint,pass,SME,
R001411,roamly,2026-07-07,YARROW WINE BAR,390 South Wexley Street,Verano Bay,40386,Corvo Heights,(555) 439-7505,https://www.yarrowwinebar.example,Italian,$$$,4.4,1059,pass,pass,0.88,not found,none,unknown,SME,
R001630,civicpages,2026-07-12,Fallowfield Smokehouse,5446 W Lindmere St,Verano Bay,40580,Corvo Heights,555.975.6310,https://www.fallowfieldsmokehouse.example,Ethiopian,$$,4.6,739,pass,pass,0.77,ironclad,website_fingerprint,fail,SME,
R002371,tablefind,2026-07-13,Yarrow Counter,7824 W Halloway Blvd,Verano Bay,40684,Bramble Row,5552341656,https://www.yarrowcounter.example,Indian,$$$,4.5,85,pass,fail,0.88,N/A,none,unknown,SME,
R001644,civicpages,2026-07-13,Sable Supper Club - Sablewood,6953 S Serra Blvd,Verano Bay,40135,Corvo Heights,5557171578,https://www.sablesupperclub.example,Japanese,$$$,4.0,873,pass,pass,0.95,Unknown,none,unknown,SME,
R001341,roamly,2026-07-26,Thistle Grill,4746 W Mallow Rd,Verano Bay,40407,Stillwater,5556908109,,Polish,$$,4.3,2117,pass,pass,0.75,not found,none,unknown,SME,
R003275,tablefind,2026-07-12,Fallowfield Wine Bar,2425 W Lindmere Rd,Verano Bay,40654,Stillwater,+1 555 363 8823,https://www.fallowfieldwinebar.example,Thai,$$,4.4,566,pass,pass,0.88,UNKNOWN,none,unknown,large,Fallowfield Inc
R003247,civicpages,2026-07-20,Larkspur Steakhouse - Fox Hollow,"2942 N Fennimore Rd, Verano Bay",Verano Bay,40233,Cedar Cross,555-295-6959,https://www.larkspursteakhouse.example,Korean,$$,4.6,1076,pass,pass,0.76,n/a,none,unknown,mid-cap,Larkspur Group
R000555,bookwell,2026-07-05,VERDE TAVERN,3655 W Prospect Street,Verano Bay,40288,Corvo Heights,(555) 453-1243,https://www.verdetavern.example,Ethiopian,$,3.7,837,pass,pass,0.78,Unknown,none,unknown,SME,
R003135,dineline,2026-07-25,Jackdaw Alehouse Restaurant,3989 East Prospect Boulevard,Verano Bay,40609,Ferrymead,+15559407431,https://www.jackdawalehouse.example,Steakhouse,$$,3.6,1044,pass,pass,0.92,Meridian Cloud,website_fingerprint,pass,mid-cap,Jackdaw Group
R002388,roamly,2026-07-03,Yarrow Counter 1 2,6003 S Calder Road,Verano Bay,40543,Ashgrove,5551605720,https://www.yarrowcounter12.example,Korean,$$,4.3,871,fail,fail,0.77,n/a,none,unknown,SME,
R002095,atlasmaps,2026-07-27,Violet Tavern,1446 E Ashfield Blvd,Verano Bay,40246,Sablewood,5555255390,https://www.violettavern.example,Steakhouse,$$,4.4,1537,pass,pass,0.96,not found,none,unknown,SME,
R003326,roamly,2026-07-13,Plumb Dining Room,1468 N Quinton Blvd,Verano Bay,40693,Cedar Cross,(555) 894-7075,https://www.plumbdiningroom.example,Mediterranean,$$$,3.8,206,pass,pass,0.75,N/A,none,unknown,large,Plumb Inc
R003152,dineline,2026-07-02,Fallowfield Taqueria,3062 W Halloway Ave,Verano Bay,40395,Sablewood,555-902-6105,https://www.fallowfieldtaqueria.example,Mexican,$$$,3.9,858,pass,pass,0.74,n/a,none,unknown,mid-cap,Fallowfield Group
R000140,dineline,2026-07-04,The Ember Chophouse,"108 N Ashfield Rd, Verano Bay",Verano Bay,40671,Bramble Row,+1 555 211 1847,https://www.emberchophouse.example,Steakhouse,$$,4.7,1053,pass,pass,0.9,Unknown,none,unknown,SME,
R001196,civicpages,2026-07-16,Nightjar Grill,5852 N Calder Rd,Verano Bay,40648,Sunfield,555.854.0243,https://www.nightjargrill.example,Ethiopian,$$,3.9,61,pass,pass,0.84,Rivet,website_fingerprint,fail,SME,
R003037,bookwell,2026-07-11,Sixpence Sandwich Shop,5686 N Mallow Blvd,Verano Bay,40707,Marisol,555.742.2018,https://www.sixpencesandwichshop.example,Vietnamese,$$,4.2,1630,fail,fail,0.83,N/A,none,unknown,SME,
R003197,atlasmaps,2026-07-26,Tallgrass Grill,2796 N Mallow St,Verano Bay,40708,Fox Hollow,5559618056,https://www.tallgrassgrill.example,Contemporary,$$$,3.9,121,pass,pass,0.84,not found,none,unknown,mid-cap,Tallgrass Group
R001278,dineline,2026-07-04,Heron Kitchen,7424 N Tarrow Ave,Verano Bay,40600,Alder Heights,+15551113944,https://www.heronkitchen.example,Italian,$$$,3.5,683,pass,pass,0.73,Cadence Mini,website_fingerprint,fail,SME,
R003218,civicpages,2026-07-08,YARROW BISTRO,326 S Mallow Road,Verano Bay,40639,Greenhithe,+15555494041,https://www.yarrowbistro.example,Spanish,$,3.7,726,pass,pass,0.93,UNKNOWN,none,unknown,mid-cap,Yarrow Group
R001822,bookwell,2026-07-19,Tin Roof Cantina,1698 W Halloway Rd,Verano Bay,40740,Windrow,(555) 250-5310,,Korean,$$,3.9,496,pass,pass,0.99,UNKNOWN,none,unknown,SME,
R000540,atlasmaps,2026-07-27,Golden Hour Kitchen - Stillwater,3348 E Vance Boulevard,Verano Bay,40520,Greenhithe,555-230-0824,https://www.goldenhourkitchen.example,Peruvian,$$,4.7,1173,pass,pass,0.85,,none,unknown,SME,
R002425,civicpages,2026-07-26,Violet Express Restaurant,1454 S Fennimore Street,Verano Bay,40762,Cedar Cross,+1 555 193 5927,https://www.violetexpress.example,Japanese,$$,3.6,818,pass,fail,0.83,,none,unknown,SME,
R000792,civicpages,2026-07-14,Persimmon Osteria Restaurant,4607 E Quinton Blvd,Verano Bay,40249,Bayview Flats,555-520-0806,https://www.persimmonosteria.example,Thai,$$,4.3,953,pass,pass,0.8,fernpost,website_fingerprint,fail,SME,
R001013,bookwell,2026-07-19,Stonecutter Room,6814 S Serra Ave,Verano Bay,40375,Fox Hollow,,https://www.stonecutterroom.example,Mediterranean,$$,4.1,107,pass,pass,0.79,,none,unknown,SME,
R003273,bookwell,2026-07-27,Tidewater Smokehouse - Old Mill,2268 S Halloway Street,Verano Bay,40650,Windrow,555.355.2431,https://www.tidewatersmokehouse.example,Contemporary,$,4.8,832,pass,pass,0.9,Meridian Cloud,website_fingerprint,pass,large,Tidewater Inc
R003091,bookwell,2026-07-19,Nightjar Bistro,7305 S Halloway St,Verano Bay,40190,Stillwater,(555) 302-7405,https://www.nightjarbistro.example,Korean,$,4.4,393,pass,pass,0.99,N/A,none,unknown,mid-cap,Nightjar Group
R002413,dineline,2026-07-14,HERON SANDWICH SHOP,6341 S Tarrow Street,Verano Bay,40411,Palisade Park,5556265711,https://www.heronsandwichshop.example,Barbecue,$$,4.4,1385,pass,fail,0.74,not found,none,unknown,SME,
R001793,bookwell,2026-07-14,Saffron Smokehouse - Templeton,4717 South Calder Avenue,Verano Bay,40681,Ferrymead,555.522.5870,https://www.saffronsmokehouse.example,French,$$$,4.7,44,pass,pass,0.91,Tessera Express,website_fingerprint,pass,SME,
R001177,roamly,2026-07-23,Golden Hour Trattoria,6896 W Calder St,Verano Bay,40799,Palisade Park,(555) 925-6216,https://www.goldenhourtrattoria.example,Korean,$$$$,3.8,1185,pass,pass,0.94,-,none,unknown,SME,
R003316,tablefind,2026-07-07,Gallow Oyster Bar,3900 North Wexley Street,Verano Bay,40326,Bayview Flats,+15552877453,https://www.gallowoysterbar.example,Italian,$$$,4.7,545,pass,pass,0.83,Ironclad POS,website_fingerprint,fail,large,Gallow Inc
R003088,dineline,2026-06-30,Plumb Taqueria - Fox Hollow,7445 S Calder Road,Verano Bay,40673,Cedar Cross,5559151393,https://www.plumbtaqueria.example,Italian,$$$$,3.6,484,pass,pass,0.92,,none,unknown,mid-cap,Plumb Group
R001983,bookwell,2026-07-03,Tallgrass Trattoria,6308 South Cortez Rd,Verano Bay,40175,Sunfield,+1 555 526 1226,https://www.tallgrasstrattoria.example,Spanish,$$,4.1,381,pass,pass,0.95,UNKNOWN,none,unknown,SME,
R001646,dineline,2026-07-12,Bluebird House,1928 S Quinton Rd,Verano Bay,40548,Alder Heights,555-150-9784,https://www.bluebirdhouse.example,Mexican,$$$,4.1,226,pass,pass,0.97,FERNPOST,website_fingerprint,fail,SME,
R001055,civicpages,2026-07-25,STONECUTTER SMOKEHOUSE,563 S Quinton Avenue,Verano Bay,40168,Ashgrove,555-387-2709,,Vietnamese,$$$$,3.5,21,pass,pass,0.77,not found,none,unknown,SME,
R002275,tablefind,2026-07-09,Olive & Ash Counter,1312 N Quinton St,Verano Bay,40177,Palisade Park,+1 555 949 2965,https://www.oliveashcounter.example,Peruvian,$,4.9,102,fail,fail,0.87,,none,unknown,SME,
R000592,tablefind,2026-07-19,Little Bear Steakhouse,"5291 W Bayard St, Verano Bay",Verano Bay,40651,Sablewood,555-116-9089,https://www.littlebearsteakhouse.example,Japanese,$,3.7,1055,pass,pass,0.75,not found,none,unknown,SME,
R002920,dineline,2026-07-12,Rosewater Boba,4572 S Lindmere Ave,Verano Bay,40335,Quarry End,555-636-9654,https://www.rosewaterboba.example,Peruvian,$,4.8,286,fail,fail,0.79,n/a,none,unknown,SME,
R002266,atlasmaps,2026-07-02,Marrow Smoothie,2376 E Fennimore Ave,Verano Bay,40343,Stillwater,555.373.2776,https://www.marrowsmoothie.example,Vietnamese,$$,4.5,411,pass,fail,0.88,n/a,none,unknown,SME,
R002753,atlasmaps,2026-07-17,Sparrow Juice Bar,3482 S Lindmere Blvd,Verano Bay,40275,Quarry End,+15557324126,,Japanese,$$$$,3.8,750,fail,fail,0.84,,none,unknown,SME,
R002639,civicpages,2026-07-23,Oxbow Smoothie,2148 N Tarrow Ave,Verano Bay,40770,Bayview Flats,+1 555 683 6554,https://www.oxbowsmoothie.example,Thai,$,4.4,249,pass,fail,0.77,ironclad,website_fingerprint,fail,SME,
R002621,atlasmaps,2026-07-27,Lantern Food Truck,4835 W Serra Avenue,Verano Bay,40584,Harbor Point,5559886886,https://www.lanternfoodtruck.example,Mediterranean,$,3.9,1074,pass,fail,0.84,unknown,none,unknown,SME,
R001629,civicpages,2026-06-30,Magpie Kitchen,2425 S Mallow Rd,Verano Bay,40649,Sablewood,+15556333160,,Polish,$$,3.6,279,pass,pass,0.9,,none,unknown,SME,
R002967,civicpages,2026-06-30,Dovetail Food Truck 1,2711 E Serra St,Verano Bay,40756,Miradero,555-660-7692,,Contemporary,$$$$,4.1,84,pass,fail,0.9,-,none,unknown,SME,
R000466,roamly,2026-07-26,Verde Smokehouse - Marisol,"2365 S Lindmere Blvd, Verano Bay",Verano Bay,40395,Alder Heights,,https://www.verdesmokehouse.example,Japanese,$$,4.7,715,pass,pass,0.86,,none,unknown,SME,
R000200,civicpages,2026-07-03,Roan Cantina,2095 N Cortez Blvd,Verano Bay,40106,Sunfield,+1 555 998 7918,https://www.roancantina.example,Korean,$$$,4.3,1788,pass,pass,0.87,not found,none,unknown,SME,
R000961,roamly,2026-07-16,Sparrow Wine Bar,7862 W Ashfield Blvd,Verano Bay,40556,Cedar Cross,5554497952,https://www.sparrowwinebar.example,Greek,$$,4.2,952,pass,pass,0.96,N/A,none,unknown,SME,
R001292,roamly,2026-06-30,Harrow Smokehouse Verano Bay,1115 North Tarrow Avenue,Verano Bay,40661,Quarry End,555.611.2831,https://www.harrowsmokehouse.example,Thai,$$$,4.5,2307,pass,pass,0.82,-,none,unknown,SME,
R001043,dineline,2026-07-18,Prairie House,1145 N Serra Rd,Verano Bay,40595,Stillwater,+1 555 140 0334,https://www.prairiehouse.example,Barbecue,$$,4.1,827,pass,pass,0.85,-,none,unknown,SME,
R001860,bookwell,2026-07-06,Orchard Smokehouse - Ferrymead,4936 N Lindmere Rd,Verano Bay,40267,Fox Hollow,555-953-3041,,Thai,$$,4.4,953,pass,pass,0.92,Unknown,none,unknown,SME,
R002147,bookwell,2026-07-16,Cinder Wine Bar,2255 S Halloway St,Verano Bay,40500,Cedar Cross,+1 555 612 9570,,Thai,$,4.8,869,pass,pass,0.94,-,none,unknown,SME,
R002931,bookwell,2026-07-25,Magpie Kiosk - Quarry End,1827 East Calder Avenue,Verano Bay,40571,Alder Heights,(555) 377-2256,,Barbecue,$$,4.1,73,fail,fail,0.78,n/a,none,unknown,SME,
R001289,civicpages,2026-07-17,Cardinal Cantina,6307 E Halloway Blvd,Verano Bay,40471,Kingsway,555.486.5259,https://www.cardinalcantina.example,Barbecue,$$$,3.7,569,pass,pass,0.88,n/a,none,unknown,SME,
R000024,dineline,2026-07-19,Northbank Table,109 N Lindmere Blvd,Verano Bay,40579,Greenhithe,555-339-0537,https://www.northbanktable.example,Japanese,$,3.6,781,pass,pass,0.91,n/a,none,unknown,SME,Northbank Concepts
R002851,roamly,2026-07-17,Sixpence Donuts,6764 E Tarrow Blvd,Verano Bay,40612,Alder Heights,+1 555 664 6149,https://www.sixpencedonuts.example,Peruvian,$,4.7,1209,pass,fail,0.74,Unknown,none,unknown,SME,
R000317,civicpages,2026-07-07,Vesper Taqueria Verano Bay,669 North Wexley Boulevard,Verano Bay,40786,Windrow,555.987.3835,https://www.vespertaqueria.example,Peruvian,$$$,3.4,247,pass,pass,0.98,not found,none,unknown,SME,
R002148,tablefind,2026-07-17,Cinder Wine Bar,2255 South Halloway Street,Verano Bay,40350,Cedar Cross,555.612.9570,,Thai,$,4.6,814,pass,pass,0.78,not found,none,unknown,SME,
R000365,atlasmaps,2026-07-11,Olive & Ash House,4456 N Quinton Blvd,Verano Bay,40226,Harbor Point,(555) 267-3680,https://www.oliveashhouse.example,Steakhouse,$$,3.9,284,pass,pass,0.82,,none,unknown,SME,
R003170,civicpages,2026-07-23,Amber Taqueria,6870 S Calder Rd,Verano Bay,40256,Fox Hollow,555.688.6635,https://www.ambertaqueria.example,Spanish,$,4.2,215,pass,pass,0.95,-,none,unknown,mid-cap,Amber Group
R000171,tablefind,2026-07-24,Bellwether Kitchen,5966 W Ashfield Ave,Verano Bay,40487,Windrow,(555) 996-7188,https://www.bellwetherkitchen.example,Mexican,$$,4.6,714,pass,pass,0.76,,none,unknown,SME,
R002233,bookwell,2026-07-07,Orchard Supper Club Verano Bay,"2487 N Mallow Ave, Verano Bay",Verano Bay,40182,Greenhithe,5556134307,https://www.orchardsupperclub.example,Mexican,$$$,3.3,551,pass,pass,0.8,Unknown,none,unknown,SME,
R001599,tablefind,2026-07-19,Inkwell Bistro,2317 S Tarrow Ave,Verano Bay,40161,Bayview Flats,(555) 481-3966,https://www.inkwellbistro.example,Greek,$$$,4.4,2215,pass,pass,0.73,UNKNOWN,none,unknown,SME,
R002532,civicpages,2026-07-10,Pike Counter,6258 E Vance Ave,Verano Bay,40260,Sablewood,555.781.1905,https://www.pikecounter.example,Spanish,$,4.3,1848,fail,fail,0.9,,none,unknown,SME,
R000650,civicpages,2026-07-28,Silverfin Supper Club,5066 W Prospect St,Verano Bay,40336,Ferrymead,555-982-6948,https://www.silverfinsupperclub.example,Seafood,$$$,3.7,1848,pass,pass,0.92,unknown,none,unknown,SME,
R003071,atlasmaps,2026-07-17,Sorrel Steakhouse,7291 S Fennimore Ave,Verano Bay,40756,Corvo Heights,5553235042,https://www.sorrelsteakhouse.example,Thai,$$$,4.4,1755,pass,pass,0.88,N/A,none,unknown,mid-cap,Sorrel Group
R000599,dineline,2026-07-25,Kettle Grill,5667 S Lindmere Blvd,Verano Bay,40324,Alder Heights,+1 555 331 4451,https://www.kettlegrill.example,Italian,$,3.8,403,pass,pass,0.99,UNKNOWN,none,unknown,SME,
R001433,bookwell,2026-07-17,Tin Roof Bistro,6518 S Vance Rd,Verano Bay,40506,Old Mill,(555) 236-6045,https://www.tinroofbistro.example,Greek,$$,4.9,1613,pass,pass,0.93,n/a,none,unknown,SME,
R000777,atlasmaps,2026-07-10,The Tallgrass Room,7789 E Bayard Avenue,Verano Bay,40157,Templeton,555-640-6643,https://www.tallgrassroom.example,Steakhouse,$$,4.4,190,pass,pass,0.92,UNKNOWN,none,unknown,SME,
R001734,dineline,2026-07-07,Quarry Oyster Bar,3506 W Tarrow Blvd,Verano Bay,40349,Sunfield,+1 555 365 8714,https://www.quarryoysterbar.example,Contemporary,$$,4.3,1352,pass,pass,0.73,Ironclad,website_fingerprint,fail,SME,
R001752,roamly,2026-07-14,Marigold Supper Club,3174 E Quinton St,Verano Bay,40148,Windrow,5553566368,https://www.marigoldsupperclub.example,Korean,$,4.6,98,pass,pass,0.93,,none,unknown,SME,
R001232,atlasmaps,2026-07-02,Kettle Brasserie,4356 W Bayard St,Verano Bay,40352,Sablewood,(555) 985-8445,https://www.kettlebrasserie.example,Indian,$$$,3.7,529,pass,pass,0.78,fernpost,website_fingerprint,fail,SME,
R001764,civicpages,2026-06-30,Palisade Chophouse,7801 W Calder Rd,Verano Bay,40721,Ashgrove,+15559862359,,Italian,$$,3.4,349,pass,pass,0.79,UNKNOWN,none,unknown,SME,
R001134,atlasmaps,2026-07-13,Jackdaw Bistro,6617 E Vance Blvd,Verano Bay,40381,Templeton,+1 555 995 9984,,Contemporary,$$$,3.8,1443,pass,pass,0.93,Unknown,none,unknown,SME,
R001726,atlasmaps,2026-07-13,Violet Grill,766 North Vance Rd,Verano Bay,40493,Miradero,5551734875,,Ethiopian,$$,4.7,1589,pass,pass,0.73,Unknown,none,unknown,SME,
R003464,atlasmaps,2026-07-25,Ember Room,6170 N Wexley Ave,Calla Ridge,40364,,5555410735,https://www.emberroom.example,Japanese,$$,4.0,1232,pass,pass,0.95,unknown,none,unknown,SME,
R000363,atlasmaps,2026-06-30,Cardinal Trattoria,"2469 S Rivermead St, Verano Bay",Verano Bay,40631,Miradero,5559319919,https://www.cardinaltrattoria.example,Greek,$$$$,4.5,1602,pass,pass,0.81,Unknown,none,unknown,SME,
R000493,civicpages,2026-07-14,Heron Steakhouse,3177 W Bayard Blvd,Verano Bay,40457,Alder Heights,(555) 842-9338,https://www.heronsteakhouse.example,Spanish,$,3.7,1957,pass,pass,0.88,,none,unknown,SME,
R002071,bookwell,2026-07-22,Sable Bistro,2181 N Mallow Street,Verano Bay,40334,Templeton,5554467597,https://www.sablebistro.example,Seafood,$$,4.5,1382,pass,pass,0.82,UNKNOWN,none,unknown,SME,
R003188,civicpages,2026-07-10,Tidewater Taqueria - Corvo Heights,154 E Cortez Rd,Verano Bay,40767,Harbor Point,+1 555 976 8780,https://www.tidewatertaqueria.example,Italian,$$,3.6,1066,pass,pass,0.84,Ironclad POS,website_fingerprint,fail,mid-cap,Tidewater Group
R001171,tablefind,2026-07-20,Redbird Oyster Bar,3222 N Fennimore Ave,Verano Bay,40158,Windrow,555-476-3841,https://www.redbirdoysterbar.example,Steakhouse,$$$,3.3,1432,pass,pass,0.78,northstar,website_fingerprint,pass,SME,
R001654,dineline,2026-07-22,Dovetail Room,4262 W Lindmere Rd,Verano Bay,40289,Old Mill,+1 555 896 4603,https://www.dovetailroom.example,Steakhouse,$$$,3.9,1750,pass,pass,0.91,unknown,none,unknown,SME,
R000403,tablefind,2026-07-01,Golden Hour Room - Windrow,7216 E Halloway Avenue,Verano Bay,40547,Bramble Row,+15555758332,https://www.goldenhourroom.example,Steakhouse,$,3.8,1302,pass,pass,0.72,N/A,none,unknown,SME,
R001150,civicpages,2026-07-15,Rambler Grill,3788 S Rivermead St,Verano Bay,40328,Marisol,+1 555 803 1171,https://www.ramblergrill.example,Korean,$$,3.6,591,pass,pass,0.76,UNKNOWN,none,unknown,SME,
R002496,dineline,2026-07-16,Rookery Sandwich Shop,7653 W Serra Boulevard,Verano Bay,40616,Rivera District,+1 555 439 5987,https://www.rookerysandwichshop.example,Vietnamese,$$$$,4.1,831,pass,fail,0.73,unknown,none,unknown,SME,
R003087,roamly,2026-07-26,Plumb Taqueria,7445 S Calder Rd,Verano Bay,40193,Cedar Cross,+1 555 915 1393,https://www.plumbtaqueria.example,Italian,$$$$,3.5,780,pass,pass,0.8,vellum,website_fingerprint,pass,mid-cap,Plumb Group
R001008,dineline,2026-07-27,Golden Hour Grill,1031 W Vance St,Verano Bay,40126,Palisade Park,+1 555 847 6830,https://www.goldenhourgrill.example,Seafood,$$,4.5,1267,pass,pass,0.93,Ironclad POS,website_fingerprint,fail,SME,
R000126,tablefind,2026-07-15,Mercado Kitchen,3406 E Bayard Rd,Verano Bay,40294,Calder Park,(555) 491-4619,https://www.mercadokitchen.example,Indian,$$,4.7,338,pass,pass,0.98,unknown,none,unknown,SME,
R002856,roamly,2026-07-08,Pike Cafe - Bramble Row,6909 West Fennimore Street,Verano Bay,40388,Harbor Point,5559865999,,Japanese,$$,4.1,990,fail,fail,0.98,unknown,none,unknown,SME,
R003104,civicpages,2026-07-17,Heron Tavern,1939 N Vance Ave,Verano Bay,40497,Harbor Point,5558183588,https://www.herontavern.example,Polish,$$$$,3.7,1688,pass,pass,0.82,cadence,website_fingerprint,fail,mid-cap,Heron Group
R002140,roamly,2026-07-16,Jackdaw Chophouse,3415 S Bayard Street,Verano Bay,40315,Miradero,555.410.4852,,Indian,$$$,3.5,743,pass,pass,0.94,Unknown,none,unknown,SME,
R002884,bookwell,2026-07-03,Sparrow Bakery Restaurant,4868 S Bayard Road,Verano Bay,40330,Fox Hollow,+15558258849,,Indian,$$,3.3,387,pass,fail,0.93,n/a,none,unknown,SME,
R000461,bookwell,2026-07-11,Basil & Bone House,5623 S Bayard St,Verano Bay,40760,Fox Hollow,5559183068,,Japanese,$,4.1,1143,pass,pass,0.84,n/a,none,unknown,SME,
R002397,atlasmaps,2026-07-15,Motherland Boba,1518 S Vance Road,Verano Bay,40144,Lantern Hill,+15553499784,https://www.motherlandboba.example,Vietnamese,$$,4.1,266,pass,fail,0.86,,none,unknown,SME,
R001561,civicpages,2026-07-05,Jackdaw Tavern,1834 W Quinton Ave,Verano Bay,40578,Ashgrove,555-281-5028,https://www.jackdawtavern.example,Japanese,$$$,4.2,815,pass,pass,0.9,ironcladpos,website_fingerprint,fail,SME,
R001205,civicpages,2026-07-22,Rookery Alehouse,3040 N Lindmere Rd,Verano Bay,40647,Miradero,+1 555 400 2959,https://www.rookeryalehouse.example,Seafood,$$$,4.2,635,pass,pass,0.91,,none,unknown,SME,
R001349,tablefind,2026-07-09,The Pike House,5046 East Cortez Boulevard,Verano Bay,40254,Windrow,(555) 427-0852,https://www.pikehouse.example,Thai,$$,3.9,898,pass,pass,0.81,n/a,none,unknown,SME,
R000255,tablefind,2026-07-05,Verde Bistro,828 South Serra Boulevard,Verano Bay,40698,Bramble Row,5557995761,https://www.verdebistro.example,Vietnamese,$$$$,3.5,1364,pass,pass,0.8,UNKNOWN,none,unknown,SME,
R000603,tablefind,2026-07-25,Copper Taqueria,7714 W Rivermead Rd,Verano Bay,40785,Marisol,5559566985,https://www.coppertaqueria.example,Ethiopian,$$,4.6,740,pass,pass,0.72,unknown,none,unknown,SME,
R002941,bookwell,2026-07-25,Quarry Cafe,699 W Bayard St,Verano Bay,40298,Harbor Point,555-419-7246,https://www.quarrycafe.example,Italian,$$$,4.4,646,fail,fail,0.95,-,none,unknown,SME,
R000085,bookwell,2026-07-06,Rambler Bistro,644 South Quinton Avenue,Verano Bay,40151,Greenhithe,555-228-6455,,Italian,$$,3.5,1085,pass,pass,0.9,unknown,none,unknown,SME,
R002855,dineline,2026-07-04,Pike Cafe,6909 West Fennimore Street,Verano Bay,40455,Harbor Point,+1 555 986 5999,,Japanese,$$,4.5,882,pass,fail,0.75,UNKNOWN,none,unknown,SME,
R002791,atlasmaps,2026-07-24,Lantern Sandwich Shop - Corvo Heights,800 West Bayard Boulevard,Verano Bay,40125,Quarry End,555-770-9347,,Italian,$,4.3,1339,fail,fail,0.78,n/a,none,unknown,SME,
R001294,civicpages,2026-07-28,Orchard Taqueria Verano Bay,7068 S Tarrow Ave,Verano Bay,40536,Sablewood,555-758-3881,https://www.orchardtaqueria.example,Spanish,$$,3.6,679,pass,pass,0.86,UNKNOWN,none,unknown,SME,
R000253,civicpages,2026-07-22,Verde Bistro,828 S Serra Blvd,Verano Bay,40508,Bramble Row,555-799-5761,https://www.verdebistro.example,Vietnamese,$$$$,3.6,1981,pass,pass,0.77,CADENCE,website_fingerprint,fail,SME,
R002164,atlasmaps,2026-07-23,Redbird Brasserie,6025 W Serra St,Verano Bay,40406,Palisade Park,(555) 640-6608,https://www.redbirdbrasserie.example,Spanish,$$,3.8,1348,pass,pass,0.87,Meridian Cloud,website_fingerprint,pass,SME,
R000729,bookwell,2026-07-09,Blue Heron Supper Club,7119 W Halloway St,Verano Bay,40411,Ferrymead,555.349.3646,https://www.blueheronsupperclub.example,Mediterranean,$$$$,4.5,364,pass,pass,0.88,n/a,none,unknown,SME,
R003224,civicpages,2026-07-17,Understory House,958 N Cortez Ave,Verano Bay,40192,Lantern Hill,+1 555 925 5333,https://www.understoryhouse.example,Greek,$$$$,3.9,1618,pass,pass,0.95,meridian cloud,website_fingerprint,pass,mid-cap,Understory Group
R000850,bookwell,2026-07-09,QUARRY OSTERIA,7991 South Quinton Rd,Verano Bay,40403,Harbor Point,+1 555 468 4021,https://www.quarryosteria.example,Polish,$$$$,4.5,328,pass,pass,0.77,ironclad,website_fingerprint,fail,SME,
R001710,tablefind,2026-07-18,Bellwether Room,1300 S Tarrow Ave,Verano Bay,40501,Ashgrove,555-815-1704,https://www.bellwetherroom.example,Seafood,$$$,4.6,194,pass,pass,0.87,UNKNOWN,none,unknown,SME,
R003427,civicpages,2026-07-25,Bellwether House,327 W Vance St,Port Adair,40382,,+1 555 258 8569,https://www.bellwetherhouse.example,Spanish,$$,4.4,89,pass,pass,0.8,unknown,none,unknown,SME,
R001955,bookwell,2026-07-14,Larkspur Alehouse,2436 N Quinton Rd,Verano Bay,40518,Miradero,+1 555 989 5944,https://www.larkspuralehouse.example,Greek,$$$$,3.5,1570,pass,pass,0.92,cadence,website_fingerprint,fail,SME,
R001469,civicpages,2026-07-16,SIXPENCE OYSTER BAR,1524 S Prospect Avenue,Verano Bay,40275,Harbor Point,555-300-9205,https://www.sixpenceoysterbar.example,Greek,$$$,4.7,2289,pass,pass,0.91,Ironclad,website_fingerprint,fail,SME,
R000032,tablefind,2026-07-03,Marrow House,2137 S Prospect Ave,Verano Bay,40638,Sablewood,+1 555 474 3374,https://www.marrowhouse.example,Vietnamese,$$$,4.5,1243,pass,pass,0.79,,none,unknown,SME,Marrow & Co
R000352,dineline,2026-07-27,Umber House,2879 S Halloway Ave,Verano Bay,40641,Quarry End,+1 555 890 9956,https://www.umberhouse.example,Seafood,$$$,3.7,427,pass,pass,0.86,N/A,none,unknown,SME,
R001077,bookwell,2026-07-15,Quarry Brasserie,3121 N Serra St,Verano Bay,40469,Miradero,555.414.6701,https://www.quarrybrasserie.example,Indian,$$$,4.7,831,pass,pass,0.74,UNKNOWN,none,unknown,SME,
R001840,dineline,2026-07-04,Bellwether Bistro,2066 W Halloway St,Verano Bay,40471,Old Mill,555.147.9823,https://www.bellwetherbistro.example,Steakhouse,$,3.7,1734,pass,pass,0.86,Cadence,website_fingerprint,fail,SME,
R002668,atlasmaps,2026-07-13,OLIVE & ASH SMOOTHIE,3063 West Rivermead Road,Verano Bay,40131,Cedar Cross,5552162459,https://www.oliveashsmoothie.example,French,$$,4.2,1734,fail,fail,0.88,,none,unknown,SME,
R002073,roamly,2026-07-18,Oxbow Kitchen,4038 S Fennimore Ave,Verano Bay,40395,Fox Hollow,+15559029746,,Italian,$$$$,4.1,1019,pass,pass,0.81,N/A,none,unknown,SME,
R000782,tablefind,2026-07-08,The Quill Grill,791 North Halloway Blvd,Verano Bay,40138,Greenhithe,555.733.8680,https://www.quillgrill.example,Japanese,$$,4.1,1123,pass,pass,0.77,,none,unknown,SME,
R002614,atlasmaps,2026-07-24,Magpie Donuts,7341 S Quinton St,Verano Bay,40422,Bayview Flats,+15553556421,https://www.magpiedonuts.example,Spanish,$,4.1,502,pass,fail,0.75,meridian cloud,website_fingerprint,pass,SME,
R002728,civicpages,2026-07-18,Magpie Express,184 W Vance Blvd,Verano Bay,40290,Ferrymead,5558570402,,Contemporary,$$,4.4,893,pass,fail,0.79,n/a,none,unknown,SME,
R001326,civicpages,2026-07-09,Thicket Room,3297 S Fennimore Rd,Verano Bay,40558,Lantern Hill,+1 555 150 0056,https://www.thicketroom.example,Seafood,$$$,3.9,1426,pass,pass,0.83,northstar,website_fingerprint,pass,SME,
R001566,dineline,2026-07-15,Inkwell Table,7846 W Fennimore Blvd,Verano Bay,40703,Sunfield,555.754.6610,https://www.inkwelltable.example,Mexican,$$,4.2,1477,pass,pass,0.76,unknown,none,unknown,SME,
R002800,roamly,2026-07-18,The Plumb Smoothie,1092 South Bayard Road,Verano Bay,40117,Rivera District,555-941-3785,https://www.plumbsmoothie.example,Greek,$$,4.1,1173,pass,fail,0.77,ironcladpos,website_fingerprint,fail,SME,
R001854,bookwell,2026-07-06,Sable Grill,908 S Fennimore Rd,Verano Bay,40506,Fox Hollow,+1 555 610 5450,,Polish,$,3.8,932,pass,pass,0.95,,none,unknown,SME,
R001830,civicpages,2026-07-21,Rosewater Kitchen - Quarry End,7432 N Ashfield Road,Verano Bay,40494,Old Mill,+15554456886,,Mediterranean,$$,4.5,1843,pass,pass,0.76,-,none,unknown,SME,
R000401,roamly,2026-07-13,Harrow Bistro,7898 East Wexley Street,Verano Bay,40488,Palisade Park,5552857918,https://www.harrowbistro.example,Peruvian,$$$,4.8,1204,pass,pass,0.83,unknown,none,unknown,SME,
R000429,roamly,2026-07-27,Sixpence Room,4684 W Cortez Rd,Verano Bay,40167,Lantern Hill,555-870-6960,https://www.sixpenceroom.example,Contemporary,$$$,4.2,1088,pass,pass,0.97,,none,unknown,SME,
R003028,dineline,2026-07-17,Nettle Deli 1,2450 E Halloway Blvd,Verano Bay,40523,Palisade Park,+1 555 532 9902,,Mediterranean,$$$,3.8,297,pass,fail,0.86,unknown,none,unknown,SME,
R001233,civicpages,2026-07-13,Kettle Brasserie,4356 West Bayard St,Verano Bay,40535,Sablewood,555-985-8445,https://www.kettlebrasserie.example,Indian,$$$,3.7,526,pass,pass,0.94,-,none,unknown,SME,
R001316,dineline,2026-07-03,Nettle Trattoria,2102 E Fennimore Blvd,Verano Bay,40584,Alder Heights,555.941.2356,,Barbecue,$$,4.1,1504,pass,pass,0.72,unknown,none,unknown,SME,
R001668,roamly,2026-07-26,Verde Supper Club,4120 S Fennimore St,Verano Bay,40357,Harbor Point,+15557298715,https://www.verdesupperclub.example,Steakhouse,$$,4.1,1134,pass,pass,0.9,UNKNOWN,none,unknown,SME,
R000104,civicpages,2026-07-28,Saffron Kitchen - Ashgrove,1246 South Calder Boulevard,Verano Bay,40670,Rivera District,+1 555 998 2953,https://www.saffronkitchen.example,Peruvian,$$$$,4.0,226,pass,pass,0.89,unknown,none,unknown,SME,
R002544,dineline,2026-07-07,Umber Smoothie,1079 N Vance Rd,Verano Bay,40382,Sablewood,(555) 794-9396,,French,$,4.4,1241,fail,fail,0.78,-,none,unknown,SME,
R002741,bookwell,2026-06-30,Nettle Juice Bar,6311 N Mallow Blvd,Verano Bay,40715,Quarry End,555-986-6546,,French,$$$,4.6,1068,fail,fail,0.72,,none,unknown,SME,
R003182,roamly,2026-07-05,Basil & Bone Steakhouse,6676 N Halloway Rd,Verano Bay,40480,Lantern Hill,+15554112176,https://www.basilbonesteakhouse.example,Korean,$$$,4.7,1346,pass,pass,0.91,unknown,none,unknown,mid-cap,Basil Group
R002646,bookwell,2026-07-05,OLIVE & ASH SANDWICH SHOP,"4829 W Mallow St, Verano Bay",Verano Bay,40740,Fox Hollow,(555) 445-6225,https://www.oliveashsandwichshop.example,Contemporary,$,4.1,324,fail,fail,0.85,UNKNOWN,none,unknown,SME,
R002483,tablefind,2026-07-16,PALISADE SANDWICH SHOP,1970 West Prospect Blvd,Verano Bay,40486,Ashgrove,+1 555 831 8486,https://www.palisadesandwichshop.example,Contemporary,$$,4.3,326,pass,fail,0.81,Unknown,none,unknown,SME,
R000999,civicpages,2026-07-05,Cobalt Oyster Bar,5121 N Fennimore Rd,Verano Bay,40512,Stillwater,555.969.8742,https://www.cobaltoysterbar.example,French,$$,4.2,684,pass,pass,0.83,,none,unknown,SME,
R000088,atlasmaps,2026-07-10,Cardinal Taqueria,207 N Wexley Ave,Verano Bay,40788,Rivera District,+1 555 307 7951,https://www.cardinaltaqueria.example,Spanish,$$,3.8,1469,pass,pass,0.94,Cadence Station,website_fingerprint,fail,SME,
R002228,civicpages,2026-07-23,Palisade Brasserie,249 W Fennimore Blvd,Verano Bay,40205,Sablewood,+1 555 478 2819,https://www.palisadebrasserie.example,Peruvian,$$$,3.6,927,pass,pass,0.74,unknown,none,unknown,SME,
R002220,dineline,2026-07-26,Roan Chophouse,5038 S Bayard Ave,Verano Bay,40144,Rivera District,+1 555 702 1453,,Polish,$,4.3,622,pass,pass,0.79,N/A,none,unknown,SME,
R001760,dineline,2026-07-13,Sorrel Trattoria,6218 S Quinton Blvd,Verano Bay,40208,Harbor Point,+15555746286,https://www.sorreltrattoria.example,Indian,$$,4.3,277,pass,pass,0.77,cadence flex,website_fingerprint,fail,SME,
R000109,roamly,2026-07-03,Kingfisher Bistro,181 South Vance Street,Verano Bay,40757,Miradero,(555) 374-0494,https://www.kingfisherbistro.example,French,$,4.4,394,pass,pass,0.8,-,none,unknown,SME,
R001787,atlasmaps,2026-07-11,Redbird Bistro,1957 W Bayard Avenue,Verano Bay,40697,Sunfield,(555) 320-7541,https://www.redbirdbistro.example,Thai,$$$,4.8,1512,pass,pass,0.94,unknown,none,unknown,SME,
R002846,atlasmaps,2026-07-07,Kinship Juice Bar,6232 W Cortez Rd,Verano Bay,40410,Miradero,+1 555 714 1833,,Italian,$$,3.9,134,fail,fail,0.88,Unknown,none,unknown,SME,
R001347,bookwell,2026-07-07,Zephyr Brasserie - Harbor Point,1595 West Bayard Ave,Verano Bay,40193,Marisol,+15557482588,https://www.zephyrbrasserie.example,Indian,$$$,4.3,557,pass,pass,0.79,,none,unknown,SME,
R003289,roamly,2026-07-13,Tallgrass Oyster Bar - Cedar Cross,1645 East Quinton Boulevard,Verano Bay,40395,Stillwater,+15553310203,https://www.tallgrassoysterbar.example,Mexican,$$$,3.9,877,pass,pass,0.83,n/a,none,unknown,large,Tallgrass Inc
R003085,tablefind,2026-07-20,Dovetail Dining Room Restaurant,"6682 N Mallow Ave, Verano Bay",Verano Bay,40714,Ashgrove,+1 555 780 9412,https://www.dovetaildiningroom.example,Ethiopian,$,4.7,1308,pass,pass,0.86,not found,none,unknown,mid-cap,Dovetail Group
R000800,dineline,2026-07-08,Vesper Chophouse,2449 W Calder Blvd,Verano Bay,40761,Cedar Cross,555-942-8416,https://www.vesperchophouse.example,Seafood,$$$,4.6,111,pass,pass,0.86,N/A,none,unknown,SME,
R003453,atlasmaps,2026-07-23,Basil & Bone Brasserie,4611 N Wexley Blvd,Calla Ridge,40553,,5559798000,https://www.basilbonebrasserie.example,Japanese,$$,4.4,943,pass,pass,0.76,ironclad,website_fingerprint,fail,SME,
R000417,tablefind,2026-07-13,Nine Bridges Chophouse,7672 E Quinton Blvd,Verano Bay,40355,Cedar Cross,+15556883396,https://www.ninebridgeschophouse.example,Vietnamese,$$,3.7,382,pass,pass,0.98,N/A,none,unknown,SME,
R002187,dineline,2026-07-24,Kinship House,6924 E Tarrow Ave,Verano Bay,40117,Miradero,555-973-8022,https://www.kinshiphouse.example,Steakhouse,$$$,4.3,901,pass,pass,0.81,meridian cloud,website_fingerprint,pass,SME,
R002235,roamly,2026-07-16,Quill Osteria Verano Bay,3306 South Ashfield Street,Verano Bay,40272,Calder Park,,https://www.quillosteria.example,Korean,$$$,4.3,215,pass,pass,0.9,unknown,none,unknown,SME,
R002323,bookwell,2026-07-12,Roan Counter,2196 E Fennimore Blvd,Verano Bay,40731,Fox Hollow,5559706194,https://www.roancounter.example,Barbecue,$$$,3.6,729,fail,fail,0.83,Cadence POS,website_fingerprint,fail,SME,
R001508,bookwell,2026-07-27,Cardinal Room Verano Bay,1872 East Serra Road,Verano Bay,40134,Ashgrove,(555) 278-7034,,Vietnamese,$$,3.4,1252,pass,pass,0.93,-,none,unknown,SME,
R001012,civicpages,2026-07-09,Plumb Kitchen Verano Bay,7039 W Calder Blvd,Verano Bay,40547,Windrow,555.796.8259,https://www.plumbkitchen.example,Barbecue,$$$$,3.7,1382,pass,pass,0.99,not found,none,unknown,SME,
R000161,roamly,2026-07-16,Juniper Brasserie,4452 E Serra St,Verano Bay,40708,Calder Park,5557279760,https://www.juniperbrasserie.example,Contemporary,$,4.8,76,pass,pass,0.93,,none,unknown,SME,
R001563,roamly,2026-07-15,Warbler Tavern - Sablewood,4018 North Ashfield Street,Verano Bay,40603,Kingsway,555-146-9904,,Indian,$$,4.0,1166,pass,pass,0.86,UNKNOWN,none,unknown,SME,
R003467,roamly,2026-07-18,Tin Roof Room,5581 N Wexley Blvd,Northmoor,40365,,(555) 895-0456,https://www.tinroofroom.example,Japanese,$$$,4.8,1408,pass,pass,0.91,UNKNOWN,none,unknown,SME,
R001867,dineline,2026-07-18,Violet Alehouse,2010 N Ashfield Street,Verano Bay,40356,Old Mill,,https://www.violetalehouse.example,Italian,$,4.6,355,pass,pass,0.73,Unknown,none,unknown,SME,
R002078,tablefind,2026-07-22,Ironwood Supper Club,1424 W Rivermead Ave,Verano Bay,40529,Sablewood,(555) 708-4176,https://www.ironwoodsupperclub.example,Peruvian,$,4.6,1411,pass,pass,0.98,Unknown,none,unknown,SME,
R001804,roamly,2026-07-08,The Wildwood Oyster Bar,3440 South Quinton Boulevard,Verano Bay,40744,Kingsway,+1 555 614 6703,,Japanese,$,4.3,1912,pass,pass,0.72,not found,none,unknown,SME,
R001528,bookwell,2026-07-13,Gallow Taqueria,3479 North Mallow Road,Verano Bay,40372,Cedar Cross,5555612338,https://www.gallowtaqueria.example,Italian,$$$$,4.0,1085,pass,pass,0.83,-,none,unknown,SME,
R000644,dineline,2026-07-13,Rookery Taqueria,6382 S Serra Rd,Verano Bay,40619,Lantern Hill,5554170616,https://www.rookerytaqueria.example,Mexican,$$,3.5,967,pass,pass,0.86,,none,unknown,SME,
R001446,civicpages,2026-07-20,Alder Smokehouse,7834 N Cortez Blvd,Verano Bay,40265,Kingsway,+15555645975,,Greek,$$$$,5.0,1385,pass,pass,0.78,unknown,none,unknown,SME,
R002108,roamly,2026-07-28,Rosewater Osteria,2965 N Mallow Rd,Verano Bay,40180,Rivera District,+1 555 992 0679,https://www.rosewaterosteria.example,Contemporary,$$,3.6,1227,pass,pass,0.86,N/A,none,unknown,SME,
R001193,bookwell,2026-07-16,Inkwell Taqueria Restaurant,4298 South Mallow Street,Verano Bay,40464,Stillwater,5552912428,https://www.inkwelltaqueria.example,Mexican,$$$$,3.7,759,pass,pass,0.93,-,none,unknown,SME,
R003310,roamly,2026-07-01,Plumb Oyster Bar,3057 N Wexley Ave,Verano Bay,40700,Harbor Point,555-663-7630,https://www.plumboysterbar.example,Japanese,$$,3.9,1695,pass,pass,0.79,Cadence POS,website_fingerprint,fail,large,Plumb Inc
R001023,tablefind,2026-07-06,Stonecutter Taqueria,6098 W Ashfield Rd,Verano Bay,40751,Calder Park,(555) 751-8163,https://www.stonecuttertaqueria.example,Korean,$$$,4.8,850,pass,pass,0.94,ironcladpos,website_fingerprint,fail,SME,
R002105,bookwell,2026-07-07,Plumb Wine Bar,5225 S Mallow Street,Verano Bay,40166,Windrow,555.632.4586,https://www.plumbwinebar.example,French,$$$,4.4,321,pass,pass,0.76,UNKNOWN,none,unknown,SME,
R002221,roamly,2026-07-01,Roan Chophouse,5038 S Bayard Avenue,Verano Bay,40203,Rivera District,555-702-1453,,Polish,$,4.6,636,pass,pass,0.91,UNKNOWN,none,unknown,SME,
R000647,bookwell,2026-06-30,Rookery Taqueria - Ferrymead,6382 S Serra Road,Verano Bay,40479,Lantern Hill,555.417.0616,https://www.rookerytaqueria.example,Mexican,$$,3.7,1367,pass,pass,0.79,UNKNOWN,none,unknown,SME,
R002936,roamly,2026-07-19,Larkspur Deli,6525 E Cortez Rd,Verano Bay,40781,Cedar Cross,+1 555 862 2944,https://www.larkspurdeli.example,Ethiopian,$$,4.2,1803,pass,fail,0.95,Unknown,none,unknown,SME,
R000410,dineline,2026-07-17,Umber Bistro,5068 N Vance Street,Verano Bay,40682,Bayview Flats,+15556336146,,Mediterranean,$,3.5,1393,pass,pass,0.78,-,none,unknown,SME,
R001470,civicpages,2026-07-03,Heron Room,2943 N Tarrow Blvd,Verano Bay,40735,Quarry End,555-948-7735,https://www.heronroom.example,Barbecue,$$$,3.5,292,pass,pass,0.94,meridian,website_fingerprint,pass,SME,
R002790,civicpages,2026-07-21,Lantern Sandwich Shop - Sablewood,"800 W Bayard Blvd, Verano Bay",Verano Bay,40119,Quarry End,(555) 770-9347,,Italian,$,4.1,1884,fail,fail,0.98,-,none,unknown,SME,
R001771,roamly,2026-07-20,Nightjar Kitchen,630 S Tarrow Street,Verano Bay,40395,Old Mill,5553574301,https://www.nightjarkitchen.example,Steakhouse,$,3.9,574,pass,pass,0.9,,none,unknown,SME,
R003026,atlasmaps,2026-07-23,Wren Kiosk,2329 N Tarrow Blvd,Verano Bay,40588,Bramble Row,5559861651,,Contemporary,$,3.4,1457,pass,fail,0.98,Unknown,none,unknown,SME,
R001795,civicpages,2026-07-02,Cardinal Kitchen,844 S Mallow Blvd,Verano Bay,40667,Ashgrove,555-480-3326,https://www.cardinalkitchen.example,Thai,$,3.8,604,pass,pass,0.73,not found,none,unknown,SME,
R002658,roamly,2026-07-20,The Gallow Bakery,129 S Tarrow Boulevard,Verano Bay,40313,Lantern Hill,,https://www.gallowbakery.example,Indian,$$$,3.9,1768,fail,fail,0.79,n/a,none,unknown,SME,
R001883,atlasmaps,2026-07-27,Marrow Room - Alder Heights,3777 North Tarrow St,Verano Bay,40247,Templeton,+15557988603,https://www.marrowroom.example,Contemporary,$,4.0,2265,pass,pass,0.72,Unknown,none,unknown,SME,
R002546,civicpages,2026-07-13,Umber Smoothie,"1079 N Vance Rd, Verano Bay",Verano Bay,40691,Sablewood,(555) 794-9396,,French,$,4.4,2138,fail,fail,0.9,,none,unknown,SME,
R003284,dineline,2026-07-17,Warbler Trattoria,3631 South Halloway Avenue,Verano Bay,40203,Miradero,555-203-6871,https://www.warblertrattoria.example,Contemporary,$$$,4.0,1846,pass,pass,0.75,,none,unknown,large,Warbler Inc
R001156,bookwell,2026-07-25,Bluebird Cantina,7885 East Mallow Street,Verano Bay,40259,Stillwater,+15553971523,,Spanish,$$$,4.2,998,pass,pass,0.95,not found,none,unknown,SME,
R000642,civicpages,2026-07-12,Wren Smokehouse,2798 N Rivermead Ave,Verano Bay,40383,Sunfield,+1 555 380 1343,https://www.wrensmokehouse.example,Mediterranean,$$,4.6,948,pass,pass,0.81,not found,none,unknown,SME,
R002766,civicpages,2026-06-30,The Wren Donuts,"5645 S Lindmere Ave, Verano Bay",Verano Bay,40272,Miradero,+1 555 831 2912,,Barbecue,$$$$,4.0,1739,pass,fail,0.96,unknown,none,unknown,SME,
R002541,civicpages,2026-07-05,Palisade Kiosk 1,5390 W Cortez Rd,Verano Bay,40105,Quarry End,+1 555 652 7642,https://www.palisadekiosk1.example,Greek,$,4.5,1952,fail,fail,0.82,N/A,none,unknown,SME,
R003479,bookwell,2026-07-22,Northbank Oyster Bar,3728 E Cortez St,Port Adair,40508,,(555) 766-2446,https://www.northbankoysterbar.example,French,$$$$,4.7,1987,pass,pass,0.78,not found,none,unknown,SME,
R001416,tablefind,2026-07-20,Vesper Tavern Verano Bay,5772 N Fennimore Street,Verano Bay,40471,Bayview Flats,555.757.9028,https://www.vespertavern.example,Korean,$$,4.4,881,pass,pass,0.76,Unknown,none,unknown,SME,
R000076,civicpages,2026-07-13,KINGFISHER STEAKHOUSE,1721 W Serra St,Verano Bay,40172,Quarry End,,https://www.kingfishersteakhouse.example,Seafood,$$$,4.5,64,pass,pass,0.98,-,none,unknown,SME,
R000220,dineline,2026-07-18,Sixpence Steakhouse,4719 W Rivermead Rd,Verano Bay,40260,Greenhithe,+15552921112,https://www.sixpencesteakhouse.example,Korean,$$$,4.4,1271,pass,pass,0.92,,none,unknown,SME,
R000827,roamly,2026-07-14,Tallgrass Smokehouse - Rivera District,4011 N Prospect Road,Verano Bay,40144,Lantern Hill,555-195-0408,https://www.tallgrasssmokehouse.example,Mexican,$$,4.1,1433,pass,pass,0.81,N/A,none,unknown,SME,
R002854,civicpages,2026-07-13,PIKE CAFE,6909 W Fennimore St,Verano Bay,40634,Harbor Point,555-986-5999,,Japanese,$$,4.2,1083,pass,fail,0.73,n/a,none,unknown,SME,
R002465,atlasmaps,2026-07-16,Roan Donuts,2029 N Halloway Blvd,Verano Bay,40521,Windrow,(555) 320-4553,https://www.roandonuts.example,French,$$$,3.6,927,pass,fail,0.74,Unknown,none,unknown,SME,
R000289,bookwell,2026-07-13,Rambler Wine Bar,1859 E Serra St,Verano Bay,40151,Rivera District,+1 555 258 2965,https://www.ramblerwinebar.example,Seafood,$,3.7,868,pass,pass,0.91,UNKNOWN,none,unknown,SME,
R003268,tablefind,2026-07-05,Wildwood Tavern,6873 E Tarrow Ave,Verano Bay,40191,Palisade Park,555.604.9155,https://www.wildwoodtavern.example,Peruvian,$$$$,3.8,172,pass,pass,0.82,n/a,none,unknown,large,Wildwood Inc
R000734,bookwell,2026-07-08,Loam Alehouse,3327 S Ashfield Blvd,Verano Bay,40716,Templeton,,,Greek,$$$$,4.3,864,pass,pass,0.83,,none,unknown,SME,
R001495,dineline,2026-07-21,Rookery Table,"6098 E Mallow St, Verano Bay",Verano Bay,40143,Stillwater,+1 555 715 9235,https://www.rookerytable.example,Peruvian,$$,4.2,450,pass,pass,0.94,Northstar,website_fingerprint,pass,SME,
R000557,dineline,2026-06-30,Nettle Wine Bar,1605 S Cortez Rd,Verano Bay,40248,Bramble Row,5555155154,https://www.nettlewinebar.example,Polish,$,4.2,1067,pass,pass,0.74,,none,unknown,SME,
R000842,bookwell,2026-07-19,Hearth Bistro,5033 East Lindmere St,Verano Bay,40408,Fox Hollow,+15558207049,https://www.hearthbistro.example,Indian,$$,3.8,357,pass,pass,0.97,,none,unknown,SME,
R000173,dineline,2026-07-16,Violet Bistro Verano Bay,1345 West Mallow Street,Verano Bay,40423,Marisol,555-412-0168,https://www.violetbistro.example,Korean,$,4.1,1060,pass,pass,0.85,n/a,none,unknown,SME,
R000709,civicpages,2026-07-19,Ironwood Chophouse - Cedar Cross,6885 North Tarrow Blvd,Verano Bay,40509,Bramble Row,+1 555 761 3970,,Ethiopian,$$$,3.6,495,pass,pass,0.79,Unknown,none,unknown,SME,
R002240,dineline,2026-07-12,Sorrel Alehouse Restaurant,2211 E Mallow Ave,Verano Bay,40479,Greenhithe,,https://www.sorrelalehouse.example,Barbecue,$$,4.4,183,pass,pass,0.9,Ironclad POS,website_fingerprint,fail,SME,
R000554,tablefind,2026-07-17,Verde Tavern,3655 W Prospect St,Verano Bay,40490,Corvo Heights,555-453-1243,https://www.verdetavern.example,Ethiopian,$,3.6,505,pass,pass,0.93,n/a,none,unknown,SME,
R002357,tablefind,2026-07-01,Quarry Creamery 1,144 S Calder Street,Verano Bay,40303,Old Mill,555-618-4435,https://www.quarrycreamery1.example,Spanish,$$,4.3,1582,fail,fail,0.92,IRONCLAD,website_fingerprint,fail,SME,
R000472,tablefind,2026-07-05,Tidewater Supper Club,2154 W Quinton Blvd,Verano Bay,40635,Old Mill,+15558946054,https://www.tidewatersupperclub.example,Barbecue,$$,3.7,456,pass,pass,0.79,Northstar POS,website_fingerprint,pass,SME,
R000209,atlasmaps,2026-07-27,Silverfin Kitchen - Ferrymead,1686 W Prospect Blvd,Verano Bay,40608,Old Mill,+1 555 698 0614,https://www.silverfinkitchen.example,Korean,$$$$,3.8,575,pass,pass,0.74,Ironclad POS,website_fingerprint,fail,SME,
R001537,atlasmaps,2026-07-03,Magpie Trattoria Restaurant,"2365 S Wexley Ave, Verano Bay",Verano Bay,40238,Harbor Point,+1 555 446 9376,https://www.magpietrattoria.example,French,$$$,3.5,392,pass,pass,0.81,Unknown,none,unknown,SME,
R000149,bookwell,2026-07-12,Salt & Vine Brasserie,5256 E Halloway Ave,Verano Bay,40287,Alder Heights,(555) 726-1196,,Japanese,$$$$,4.6,1267,pass,pass,0.98,-,none,unknown,SME,
R000673,bookwell,2026-07-26,Persimmon Taqueria,2591 E Bayard St,Verano Bay,40420,Windrow,+15557927801,https://www.persimmontaqueria.example,Greek,$$$,4.2,494,pass,pass,0.78,,none,unknown,SME,
R001069,bookwell,2026-07-14,FERNWOOD ROOM,4018 W Bayard Street,Verano Bay,40142,Ferrymead,(555) 404-3277,,Steakhouse,$$,3.2,1050,pass,pass,0.94,N/A,none,unknown,SME,
R000507,bookwell,2026-07-13,SALT & VINE STEAKHOUSE,2561 South Rivermead Boulevard,Verano Bay,40256,Bramble Row,555.175.5379,,Ethiopian,$$,3.7,820,pass,pass,0.96,,none,unknown,SME,
R000044,roamly,2026-06-30,Prairie Cantina,4537 South Serra Avenue,Verano Bay,40674,Stillwater,,https://www.prairiecantina.example,Seafood,$,4.2,1815,pass,pass,0.73,Cadence Station,website_fingerprint,fail,mid-cap,Prairie Table Group
R001297,tablefind,2026-07-24,LANTERN CANTINA,"1638 E Cortez Blvd, Verano Bay",Verano Bay,40343,Lantern Hill,+15558320667,https://www.lanterncantina.example,Polish,$$$,4.7,1461,pass,pass,0.97,Unknown,none,unknown,SME,
R003281,tablefind,2026-07-08,Bellwether Grill,"2647 N Serra St, Verano Bay",Verano Bay,40225,Sablewood,+1 555 113 6053,https://www.bellwethergrill.example,Greek,$$,4.2,1238,pass,pass,0.91,Ironclad POS,website_fingerprint,fail,large,Bellwether Inc
R003303,dineline,2026-07-10,Anchor Brasserie,789 S Ashfield St,Verano Bay,40650,Kingsway,+15556391315,https://www.anchorbrasserie.example,Italian,$$$,3.9,326,pass,pass,0.79,N/A,none,unknown,large,Anchor Inc
R000674,atlasmaps,2026-07-22,Persimmon Taqueria Restaurant,2591 East Bayard Street,Verano Bay,40410,Windrow,(555) 792-7801,https://www.persimmontaqueria.example,Greek,$$$,4.2,543,pass,pass,0.82,,none,unknown,SME,
R000824,bookwell,2026-06-30,Marigold Table,5917 E Fennimore Blvd,Verano Bay,40162,Bayview Flats,5552851379,,Seafood,$$$,3.9,1868,pass,pass,0.93,n/a,none,unknown,SME,
R002162,atlasmaps,2026-07-15,Bluebird Osteria,6047 S Rivermead Ave,Verano Bay,40753,Sablewood,555.681.3012,https://www.bluebirdosteria.example,Ethiopian,$$$$,4.2,1236,pass,pass,0.96,not found,none,unknown,SME,
R002577,bookwell,2026-07-05,Amber Bakery Verano Bay,7888 E Fennimore Ave,Verano Bay,40326,Corvo Heights,5558521546,,Ethiopian,$$$,4.0,641,pass,fail,0.81,UNKNOWN,none,unknown,SME,
R000157,dineline,2026-07-03,Cobalt Bistro,1328 North Halloway Boulevard,Verano Bay,40192,Corvo Heights,555-578-1650,https://www.cobaltbistro.example,Spanish,$$$,4.1,1228,pass,pass,0.8,N/A,none,unknown,SME,
R000901,bookwell,2026-07-02,Yarrow Chophouse,1666 N Ashfield Rd,Verano Bay,40445,Calder Park,,https://www.yarrowchophouse.example,Thai,$$$$,4.3,1831,pass,pass,0.83,Unknown,none,unknown,SME,
R003220,tablefind,2026-07-28,Yarrow Bistro Verano Bay,326 S Mallow Road,Verano Bay,40701,Greenhithe,555-549-4041,https://www.yarrowbistro.example,Spanish,$,3.8,653,pass,pass,0.87,-,none,unknown,mid-cap,Yarrow Group
R002362,atlasmaps,2026-07-09,Zephyr Kiosk,3636 E Calder Ave,Verano Bay,40431,Cedar Cross,555-125-0894,https://www.zephyrkiosk.example,Japanese,$$,4.3,1677,fail,fail,0.93,NorthStar,website_fingerprint,pass,SME,
R001252,roamly,2026-07-28,Understory Taqueria,4108 E Serra Rd,Verano Bay,40236,Kingsway,+15559132558,https://www.understorytaqueria.example,French,$$$,4.5,376,pass,pass,0.89,Unknown,none,unknown,SME,
R001615,dineline,2026-07-14,Golden Hour Chophouse,7027 N Cortez Rd,Verano Bay,40167,Old Mill,555.837.6695,https://www.goldenhourchophouse.example,Vietnamese,$$$,3.7,499,pass,pass,0.93,Ironclad,website_fingerprint,fail,SME,
R002484,bookwell,2026-07-03,Palisade Sandwich Shop,1970 W Prospect Boulevard,Verano Bay,40594,Ashgrove,+15558318486,https://www.palisadesandwichshop.example,Contemporary,$$,4.2,403,fail,fail,0.86,UNKNOWN,none,unknown,SME,
R001636,dineline,2026-07-07,Blue Heron Oyster Bar,6990 N Tarrow Rd,Verano Bay,40431,Harbor Point,555-665-0346,https://www.blueheronoysterbar.example,Ethiopian,$$$,4.3,752,pass,pass,0.77,,none,unknown,SME,
R001079,dineline,2026-07-04,Foxtail Brasserie,7559 W Ashfield Rd,Verano Bay,40473,Rivera District,555-414-3065,https://www.foxtailbrasserie.example,Ethiopian,$$,4.1,268,pass,pass,0.94,N/A,none,unknown,SME,
R002612,bookwell,2026-07-28,TALLGRASS COFFEE 1,975 East Wexley Blvd,Verano Bay,40659,Greenhithe,+15555244709,https://www.tallgrasscoffee1.example,Thai,$$,4.6,1310,fail,fail,0.9,not found,none,unknown,SME,
R001624,atlasmaps,2026-07-22,Foxtail Bistro,2940 S Fennimore Ave,Verano Bay,40690,Alder Heights,+1 555 616 0581,,Polish,$$,4.2,1092,pass,pass,0.86,N/A,none,unknown,SME,
R002251,bookwell,2026-07-10,Amber Cantina,3512 North Calder Blvd,Verano Bay,40437,Sablewood,+1 555 723 8052,,Japanese,$$,4.4,149,pass,pass,0.85,unknown,none,unknown,SME,
R001001,tablefind,2026-07-07,FOXTAIL TABLE,6682 North Vance Street,Verano Bay,40706,Lantern Hill,(555) 851-0642,,Indian,$$,4.8,1087,pass,pass,0.77,,none,unknown,SME,
R001366,bookwell,2026-07-06,Ironwood Osteria,1385 S Quinton Ave,Verano Bay,40791,Kingsway,5551639561,https://www.ironwoodosteria.example,Spanish,$$$$,4.4,526,pass,pass,0.8,unknown,none,unknown,SME,
R000241,atlasmaps,2026-07-23,Blue Heron Room,5234 North Halloway Blvd,Verano Bay,40753,Old Mill,+15555498674,,Barbecue,$,4.4,433,pass,pass,0.99,N/A,none,unknown,SME,
R001003,roamly,2026-07-22,Violet Oyster Bar,6303 N Cortez Blvd,Verano Bay,40330,Ashgrove,555-690-1522,,Thai,$$$,3.9,1178,pass,pass,0.77,N/A,none,unknown,SME,
R002137,tablefind,2026-07-03,Jackdaw Chophouse,3415 S Bayard St,Verano Bay,40705,Miradero,,,Indian,$$$,3.4,862,pass,pass,0.97,-,none,unknown,SME,
R002279,roamly,2026-07-23,Wren To Go,3724 S Prospect St,Verano Bay,40676,Alder Heights,+1 555 832 5134,https://www.wrentogo.example,Contemporary,$,3.6,1486,fail,fail,0.8,,none,unknown,SME,
R001288,civicpages,2026-07-06,Lantern Steakhouse,3492 N Lindmere Blvd,Verano Bay,40573,Templeton,555.379.9112,https://www.lanternsteakhouse.example,Peruvian,$,4.0,248,pass,pass,0.84,-,none,unknown,SME,
R000080,dineline,2026-07-20,Ironwood Table,1575 South Halloway Avenue,Verano Bay,40637,Alder Heights,555.362.4886,https://www.ironwoodtable.example,Greek,$$$$,4.6,598,pass,pass,0.92,,none,unknown,SME,
R002955,tablefind,2026-07-11,Wren Deli 1,"7681 N Fennimore Ave, Verano Bay",Verano Bay,40748,Corvo Heights,555-618-4711,https://www.wrendeli1.example,Seafood,$$$,4.2,1276,pass,fail,0.82,Rivet Pay,website_fingerprint,fail,SME,
R000563,roamly,2026-07-08,Copper Supper Club,7032 S Mallow Blvd,Verano Bay,40543,Harbor Point,+15553267872,https://www.coppersupperclub.example,French,$$$$,3.8,468,pass,pass,0.74,Orbit Systems,website_fingerprint,pass,SME,
R002021,dineline,2026-07-08,Tallgrass House,2692 E Wexley St,Verano Bay,40627,Stillwater,+1 555 813 0946,https://www.tallgrasshouse.example,Mediterranean,$$,3.5,1877,pass,pass,0.89,N/A,none,unknown,SME,
R002962,bookwell,2026-07-01,Saffron Deli,2275 E Tarrow St,Verano Bay,40725,Bayview Flats,555-348-2891,https://www.saffrondeli.example,Italian,$$$$,3.4,205,pass,fail,0.8,Unknown,none,unknown,SME,
R000240,dineline,2026-07-27,Blue Heron Room,5234 N Halloway Blvd,Verano Bay,40250,Old Mill,+15555498674,,Barbecue,$,4.2,488,pass,pass,0.77,unknown,none,unknown,SME,
R000546,atlasmaps,2026-07-13,Harrow Kitchen,"379 W Prospect Blvd, Verano Bay",Verano Bay,40317,Stillwater,(555) 716-0675,https://www.harrowkitchen.example,Thai,$,3.7,1657,pass,pass,0.89,n/a,none,unknown,SME,
R002468,bookwell,2026-07-01,Nettle Creamery,3441 E Quinton Avenue,Verano Bay,40641,Templeton,(555) 549-8429,,Contemporary,$$$,3.8,336,fail,fail,0.81,Unknown,none,unknown,SME,
R003025,tablefind,2026-07-14,Marrow Kiosk 1,1328 E Vance St,Verano Bay,40327,Cedar Cross,555-983-9270,https://www.marrowkiosk1.example,Vietnamese,$,3.9,646,fail,fail,0.82,,none,unknown,SME,
R001076,atlasmaps,2026-07-03,Plumb Osteria - Kingsway,5975 North Rivermead Rd,Verano Bay,40325,Cedar Cross,555.611.8854,https://www.plumbosteria.example,Seafood,$,3.6,973,pass,pass,0.92,Unknown,none,unknown,SME,
R001935,atlasmaps,2026-07-11,Umber Trattoria,2608 W Wexley St,Verano Bay,40642,Corvo Heights,5557699100,,Indian,$$,4.7,1687,pass,pass,0.96,,none,unknown,SME,
R000182,bookwell,2026-07-02,Zephyr Cantina,3607 W Quinton St,Verano Bay,40669,Miradero,555.562.9604,,Contemporary,$$,4.6,1068,pass,pass,0.82,-,none,unknown,SME,
R002775,dineline,2026-07-21,Umber To Go,6023 E Rivermead St,Verano Bay,40609,Bramble Row,(555) 320-5303,https://www.umbertogo.example,Italian,$$$,4.3,1673,pass,fail,0.77,Ironclad,website_fingerprint,fail,SME,
R001959,civicpages,2026-07-04,Jackdaw Osteria - Lantern Hill,"3723 E Calder Rd, Verano Bay",Verano Bay,40748,Corvo Heights,(555) 138-9885,https://www.jackdawosteria.example,Italian,$$,4.6,760,pass,pass,0.78,n/a,none,unknown,SME,
R001999,atlasmaps,2026-07-12,Rambler Tavern,3685 W Cortez St,Verano Bay,40678,Cedar Cross,+1 555 494 2134,https://www.ramblertavern.example,Barbecue,$$$,3.5,509,pass,pass,0.97,N/A,none,unknown,SME,
R001015,atlasmaps,2026-07-14,The Stonecutter Room,6814 South Serra Ave,Verano Bay,40333,Fox Hollow,5558357786,https://www.stonecutterroom.example,Mediterranean,$$,4.2,125,pass,pass,0.89,n/a,none,unknown,SME,
R000898,atlasmaps,2026-07-16,Zephyr Tavern,3027 N Cortez St,Verano Bay,40748,Palisade Park,+1 555 605 0732,https://www.zephyrtavern.example,Barbecue,$$,3.9,914,pass,pass,0.97,rivet,website_fingerprint,fail,SME,
R001798,atlasmaps,2026-06-30,Halcyon Trattoria,2921 E Mallow Blvd,Verano Bay,40438,Old Mill,555.406.3156,https://www.halcyontrattoria.example,Peruvian,$,4.6,1186,pass,pass,0.9,-,none,unknown,SME,
R001694,dineline,2026-07-02,Quill Smokehouse,5195 W Calder Blvd,Verano Bay,40315,Old Mill,555-594-4173,https://www.quillsmokehouse.example,Greek,$,3.8,1501,pass,pass,0.8,Ironclad POS,website_fingerprint,fail,SME,
R002995,roamly,2026-06-30,Marrow Express,3000 E Bayard Ave,Verano Bay,40279,Kingsway,(555) 435-7360,https://www.marrowexpress.example,Contemporary,$$$$,3.8,19,fail,fail,0.76,n/a,none,unknown,SME,
R001112,atlasmaps,2026-07-25,Driftwood Taqueria - Old Mill,"2451 N Prospect St, Verano Bay",Verano Bay,40362,Windrow,+1 555 531 6381,https://www.driftwoodtaqueria.example,Vietnamese,$$,3.4,366,pass,pass,0.74,meridian cloud,website_fingerprint,pass,SME,
R001282,dineline,2026-07-09,Bramble Kitchen,274 W Calder Blvd,Verano Bay,40787,Corvo Heights,+15555961384,https://www.bramblekitchen.example,Spanish,$$$$,4.2,526,pass,pass,0.9,unknown,none,unknown,SME,
R002460,civicpages,2026-07-25,Yarrow Coffee,745 S Bayard St,Verano Bay,40486,Greenhithe,555.289.4482,https://www.yarrowcoffee.example,Indian,$,3.7,1397,fail,fail,0.81,Cadence POS,website_fingerprint,fail,SME,
R002626,dineline,2026-07-15,Ember Cafe 1,991 N Prospect St,Verano Bay,40676,Rivera District,555-176-5649,https://www.embercafe1.example,Peruvian,$$$$,3.8,884,fail,fail,0.82,-,none,unknown,SME,
R002375,civicpages,2026-07-27,Redbird Sandwich Shop,1022 S Serra Blvd,Verano Bay,40357,Corvo Heights,+15558275254,https://www.redbirdsandwichshop.example,Peruvian,$$,4.4,860,pass,fail,0.86,,none,unknown,SME,
R002845,dineline,2026-07-19,Magpie To Go Verano Bay,6208 South Bayard Street,Verano Bay,40710,Templeton,5552778052,,Barbecue,$$$$,3.6,1312,pass,fail,0.9,UNKNOWN,none,unknown,SME,
R001364,tablefind,2026-07-06,ANCHOR TAVERN,6789 W Cortez Rd,Verano Bay,40143,Stillwater,5554910517,https://www.anchortavern.example,French,$$,4.7,283,pass,pass,0.85,n/a,none,unknown,SME,
R003131,atlasmaps,2026-06-30,Violet Trattoria,5811 S Rivermead Rd,Verano Bay,40484,Palisade Park,+1 555 767 3529,https://www.violettrattoria.example,Mediterranean,$$,4.1,1203,pass,pass,0.76,N/A,none,unknown,mid-cap,Violet Group
R000106,bookwell,2026-07-03,Golden Hour Supper Club,6771 N Quinton Ave,Verano Bay,40413,Fox Hollow,555.857.2650,https://www.goldenhoursupperclub.example,Spanish,$$,3.6,1454,pass,pass,0.84,N/A,none,unknown,SME,
R001357,atlasmaps,2026-07-11,Bluebird Alehouse,2869 W Prospect St,Verano Bay,40425,Quarry End,5557294285,,Ethiopian,$,3.8,1316,pass,pass,0.94,not found,none,unknown,SME,
R002497,dineline,2026-07-28,Rosewater Express,433 N Wexley Blvd,Verano Bay,40120,Rivera District,+15557259732,https://www.rosewaterexpress.example,Ethiopian,$$,4.9,1713,pass,fail,0.9,Unknown,none,unknown,SME,
R001786,bookwell,2026-07-19,Redbird Bistro,1957 West Bayard Ave,Verano Bay,40405,Sunfield,555-320-7541,https://www.redbirdbistro.example,Thai,$$$,4.8,1352,pass,pass,0.75,UNKNOWN,none,unknown,SME,
R000315,roamly,2026-07-04,Zephyr Table,1941 W Bayard Ave,Verano Bay,40735,Fox Hollow,(555) 631-6744,https://www.zephyrtable.example,Korean,$$,4.2,724,pass,pass,0.81,-,none,unknown,SME,
R003374,atlasmaps,2026-07-19,Magpie Grill - Lantern Hill,5591 West Ashfield Avenue,Verano Bay,40496,Lantern Hill,5558276295,https://www.magpiegrill.example,Seafood,$$,3.6,1466,pass,pass,0.88,-,none,unknown,large,Magpie Inc
R002329,dineline,2026-07-18,Kinship Deli - Ashgrove,2132 E Ashfield Blvd,Verano Bay,40276,Marisol,+1 555 447 9502,,Mexican,$$$,5.0,1346,pass,fail,0.83,,none,unknown,SME,
R000950,bookwell,2026-07-07,Thistle Smokehouse - Kingsway,"6089 W Mallow Rd, Verano Bay",Verano Bay,40264,Corvo Heights,555-678-4395,https://www.thistlesmokehouse.example,Polish,$$$,4.0,1039,pass,pass,0.74,,none,unknown,SME,
R001400,bookwell,2026-07-18,Little Bear Supper Club,7561 N Wexley Boulevard,Verano Bay,40575,Miradero,555-732-7979,https://www.littlebearsupperclub.example,Ethiopian,$$$$,3.8,107,pass,pass,0.82,UNKNOWN,none,unknown,SME,
R001743,civicpages,2026-07-26,Tin Roof Steakhouse - Ashgrove,"924 S Wexley Rd, Verano Bay",Verano Bay,40637,Templeton,555.980.6648,https://www.tinroofsteakhouse.example,Japanese,$$,4.3,645,pass,pass,0.92,not found,none,unknown,SME,
R001929,atlasmaps,2026-07-27,Rosewater Cantina - Harbor Point,"247 N Bayard Blvd, Verano Bay",Verano Bay,40168,Stillwater,+1 555 480 2708,https://www.rosewatercantina.example,Peruvian,$,3.3,1163,pass,pass,0.82,unknown,none,unknown,SME,
R000022,civicpages,2026-07-10,Verde Chophouse,7062 N Halloway Ave,Verano Bay,40535,Windrow,+1 555 518 3257,https://www.verdechophouse.example,Contemporary,$,4.6,72,pass,pass,0.76,UNKNOWN,none,unknown,SME,Verde Restaurant Group
R001427,bookwell,2026-07-25,Bellwether Trattoria - Windrow,5870 South Serra Avenue,Verano Bay,40164,Windrow,555-561-5616,https://www.bellwethertrattoria.example,Peruvian,$$,3.9,1168,pass,pass,0.78,IRONCLAD,website_fingerprint,fail,SME,
R003241,roamly,2026-07-18,Stonecutter Kitchen,1088 W Wexley St,Verano Bay,40216,Greenhithe,555-363-8947,https://www.stonecutterkitchen.example,Spanish,$$,3.9,1275,pass,pass,0.87,unknown,none,unknown,mid-cap,Stonecutter Group
R001398,dineline,2026-07-24,Saffron Table - Quarry End,4535 W Bayard Road,Verano Bay,40271,Bramble Row,5558469957,https://www.saffrontable.example,Steakhouse,$,3.6,449,pass,pass,0.79,UNKNOWN,none,unknown,SME,
R000335,civicpages,2026-07-24,Cardinal Grill,3900 E Cortez Ave,Verano Bay,40385,Old Mill,555-993-7383,https://www.cardinalgrill.example,Greek,$$,3.7,796,pass,pass,0.75,UNKNOWN,none,unknown,SME,
R002368,dineline,2026-07-12,Bramble To Go,3039 South Wexley Rd,Verano Bay,40600,Bayview Flats,555-819-8128,,Mediterranean,$$$,3.5,1343,fail,fail,0.76,n/a,none,unknown,SME,
R002690,tablefind,2026-07-07,Bluebird Express 1,6357 N Mallow Rd,Verano Bay,40524,Greenhithe,+15551851390,https://www.bluebirdexpress1.example,Vietnamese,$$$,4.6,874,fail,fail,0.94,Unknown,none,unknown,SME,
R002768,tablefind,2026-07-06,Ember To Go,2653 E Serra Avenue,Verano Bay,40691,Bayview Flats,5559826300,,Ethiopian,$$,4.2,1167,fail,fail,0.83,n/a,none,unknown,SME,
R002122,dineline,2026-07-28,The Quill Bistro,1817 W Bayard Boulevard,Verano Bay,40777,Calder Park,5557297537,https://www.quillbistro.example,Japanese,$$$,4.5,244,pass,pass,0.95,Cadence Mini,website_fingerprint,fail,SME,
R000978,bookwell,2026-07-13,Little Bear Bistro,433 E Serra Rd,Verano Bay,40421,Sablewood,555.723.9310,https://www.littlebearbistro.example,Polish,$$,4.8,962,pass,pass,0.94,n/a,none,unknown,SME,
R002324,atlasmaps,2026-07-14,Wildwood Donuts,5622 W Rivermead Ave,Verano Bay,40533,Sunfield,(555) 789-6527,https://www.wildwooddonuts.example,Ethiopian,$$$$,4.2,1002,pass,fail,0.9,-,none,unknown,SME,
R003337,civicpages,2026-07-16,Persimmon Grill,6742 N Prospect Blvd,Verano Bay,40367,Bramble Row,5558385577,https://www.persimmongrill.example,Italian,$,4.2,1765,pass,pass,0.85,N/A,none,unknown,large,Persimmon Inc
R002592,civicpages,2026-07-24,Marigold Juice Bar,3525 W Fennimore St,Verano Bay,40273,Sunfield,555.460.0707,https://www.marigoldjuicebar.example,Italian,$$$,3.6,643,fail,fail,0.92,not found,none,unknown,SME,
R000160,civicpages,2026-07-07,Lantern Grill,290 N Bayard Ave,Verano Bay,40144,Bayview Flats,+1 555 661 7407,https://www.lanterngrill.example,Polish,$$$$,4.1,593,pass,pass,0.79,n/a,none,unknown,SME,
R001521,bookwell,2026-07-05,Quill Chophouse,1218 E Tarrow Ave,Verano Bay,40199,Harbor Point,+1 555 110 7057,https://www.quillchophouse.example,French,$$$,4.6,553,pass,pass,0.86,cadence,website_fingerprint,fail,SME,
R001725,dineline,2026-07-04,Violet Grill,766 N Vance Rd,Verano Bay,40615,Miradero,555-173-4875,,Ethiopian,$$,4.5,1552,pass,pass,0.93,unknown,none,unknown,SME,
R000195,civicpages,2026-07-24,Palisade Cantina,2319 East Prospect Street,Verano Bay,40513,Cedar Cross,555.366.2915,https://www.palisadecantina.example,Thai,$$$,4.0,254,pass,pass,0.92,,none,unknown,SME,
R002211,dineline,2026-07-02,Vesper Trattoria,3173 S Vance Rd,Verano Bay,40441,Corvo Heights,+15559993782,https://www.vespertrattoria.example,Thai,$$$$,3.7,196,pass,pass,0.9,,none,unknown,SME,
R003072,civicpages,2026-07-26,Sorrel Steakhouse - Quarry End,7291 South Fennimore Avenue,Verano Bay,40181,Corvo Heights,555.323.5042,https://www.sorrelsteakhouse.example,Thai,$$$,4.3,1324,pass,pass,0.9,Unknown,none,unknown,mid-cap,Sorrel Group
R001362,civicpages,2026-07-06,Anchor Tavern,6789 W Cortez Rd,Verano Bay,40389,Stillwater,555-491-0517,https://www.anchortavern.example,French,$$,4.7,444,pass,pass,0.87,Ironclad,website_fingerprint,fail,SME,
R001976,dineline,2026-07-28,The Sorrel Osteria,7811 E Serra Boulevard,Verano Bay,40243,Fox Hollow,(555) 268-9509,https://www.sorrelosteria.example,Ethiopian,$,4.2,1231,pass,pass,0.74,n/a,none,unknown,SME,
R001284,roamly,2026-07-03,Bramble Kitchen,"274 W Calder Blvd, Verano Bay",Verano Bay,40257,Corvo Heights,555-596-1384,https://www.bramblekitchen.example,Spanish,$$$$,4.4,736,pass,pass,0.96,-,none,unknown,SME,
R003209,roamly,2026-07-07,Salt & Vine Grill Verano Bay,"7173 W Prospect Rd, Verano Bay",Verano Bay,40440,Cedar Cross,(555) 738-7765,https://www.saltvinegrill.example,Barbecue,$$,4.7,1162,pass,pass,0.75,UNKNOWN,none,unknown,mid-cap,Salt Group
R003089,bookwell,2026-07-17,The Plumb Taqueria,7445 S Calder Road,Verano Bay,40568,Cedar Cross,(555) 915-1393,https://www.plumbtaqueria.example,Italian,$$$$,3.7,711,pass,pass,0.92,unknown,none,unknown,mid-cap,Plumb Group
R000846,bookwell,2026-07-09,Motherland Taqueria,4793 W Prospect St,Verano Bay,40619,Calder Park,+15557543479,,Barbecue,$$$,4.3,1388,pass,pass,0.85,UNKNOWN,none,unknown,SME,
R003067,roamly,2026-07-11,Lantern Smokehouse,3145 W Calder Ave,Verano Bay,40472,Lantern Hill,555-545-3647,https://www.lanternsmokehouse.example,Italian,$$$$,3.4,179,pass,pass,0.75,meridian cloud,website_fingerprint,pass,mid-cap,Lantern Group
R001666,atlasmaps,2026-07-09,The Silverfin Smokehouse,4142 W Fennimore St,Verano Bay,40393,Harbor Point,+1 555 961 9489,https://www.silverfinsmokehouse.example,Seafood,$$,4.6,743,pass,pass,0.99,-,none,unknown,SME,
R000979,roamly,2026-07-07,Tidewater Cantina,2073 S Cortez Blvd,Verano Bay,40311,Kingsway,+15557261706,https://www.tidewatercantina.example,Mexican,$$$,4.0,1683,pass,pass,0.96,-,none,unknown,SME,
R001029,civicpages,2026-07-15,The Little Bear Trattoria,"4328 E Cortez Ave, Verano Bay",Verano Bay,40479,Quarry End,5558848515,https://www.littlebeartrattoria.example,Thai,$$$,4.3,566,pass,pass,0.98,UNKNOWN,none,unknown,SME,
R000405,bookwell,2026-07-24,Yarrow Room,4170 W Tarrow St,Verano Bay,40618,Ashgrove,+15554572353,https://www.yarrowroom.example,Peruvian,$$$,4.3,1631,pass,pass,0.82,-,none,unknown,SME,
R000844,tablefind,2026-07-04,Northbank Cantina,6912 W Quinton Blvd,Verano Bay,40272,Greenhithe,+15554804006,https://www.northbankcantina.example,Mexican,$$$$,4.8,628,pass,pass,0.84,unknown,none,unknown,SME,
R002098,dineline,2026-07-23,BASIL & BONE ALEHOUSE,5433 W Fennimore St,Verano Bay,40603,Alder Heights,+1 555 469 0835,,Greek,$$,3.4,805,pass,pass,0.83,UNKNOWN,none,unknown,SME,
R003466,tablefind,2026-07-27,Jackdaw Cantina,3682 N Fennimore Ave,Calla Ridge,40729,,555.999.3719,https://www.jackdawcantina.example,Peruvian,$$$$,4.9,357,pass,pass,0.78,N/A,none,unknown,SME,
R002426,atlasmaps,2026-07-11,Violet Express,"1454 S Fennimore St, Verano Bay",Verano Bay,40154,Cedar Cross,555-193-5927,https://www.violetexpress.example,Japanese,$$,3.5,565,pass,fail,0.95,unknown,none,unknown,SME,
R000508,civicpages,2026-07-28,Salt & Vine Steakhouse Restaurant,2561 South Rivermead Boulevard,Verano Bay,40465,Bramble Row,555.175.5379,,Ethiopian,$$,3.4,1366,pass,pass,0.95,-,none,unknown,SME,
R001739,bookwell,2026-07-10,Cardinal Smokehouse,1618 E Bayard St,Verano Bay,40253,Bayview Flats,5553764216,https://www.cardinalsmokehouse.example,Japanese,$$,4.2,639,pass,pass,0.73,UNKNOWN,none,unknown,SME,
R002250,civicpages,2026-07-16,Amber Cantina,3512 N Calder Blvd,Verano Bay,40410,Sablewood,(555) 723-8052,,Japanese,$$,4.4,146,pass,pass,0.78,,none,unknown,SME,
R003075,dineline,2026-07-13,Persimmon Kitchen,6054 W Calder Blvd,Verano Bay,40499,Windrow,5555361955,https://www.persimmonkitchen.example,Indian,$,4.6,1064,pass,pass,0.94,-,none,unknown,mid-cap,Persimmon Group
R003193,bookwell,2026-07-12,Sixpence Tavern,3810 N Ashfield Blvd,Verano Bay,40707,Old Mill,(555) 248-6437,https://www.sixpencetavern.example,Thai,$,4.2,599,pass,pass,0.82,ironclad,website_fingerprint,fail,mid-cap,Sixpence Group
R003299,civicpages,2026-07-05,Tidewater Brasserie,6650 W Wexley Blvd,Verano Bay,40511,Sablewood,(555) 733-1082,https://www.tidewaterbrasserie.example,Barbecue,$$,4.7,1401,pass,pass,0.82,meridian cloud,website_fingerprint,pass,large,Tidewater Inc
R003333,roamly,2026-07-13,Palisade Alehouse Verano Bay,215 S Lindmere Street,Verano Bay,40454,Kingsway,555.415.9584,https://www.palisadealehouse.example,Thai,$$$$,4.4,887,pass,pass,0.89,-,none,unknown,large,Palisade Inc
R003442,roamly,2026-07-05,Jackdaw House,5852 N Halloway Ave,Kestrel Falls,40346,,+1 555 389 8574,https://www.jackdawhouse.example,Polish,$$$,4.3,737,pass,pass,0.98,IRONCLAD,website_fingerprint,fail,SME,
R000430,civicpages,2026-07-09,The Sixpence Room,4684 West Cortez Road,Verano Bay,40410,Lantern Hill,+1 555 870 6960,https://www.sixpenceroom.example,Contemporary,$$$,4.1,816,pass,pass,0.74,vellum,website_fingerprint,pass,SME,
R002485,tablefind,2026-07-26,Lantern Kiosk,3613 W Cortez Blvd,Verano Bay,40658,Calder Park,+1 555 704 7064,,French,$$$,4.0,916,fail,fail,0.85,not found,none,unknown,SME,
R003159,dineline,2026-07-11,Magpie Wine Bar,7824 W Mallow St,Verano Bay,40157,Old Mill,5553637092,https://www.magpiewinebar.example,Polish,$$,4.4,1505,pass,pass,0.91,n/a,none,unknown,mid-cap,Magpie Group
R003287,civicpages,2026-07-20,Orchard Brasserie - Alder Heights,"1171 S Mallow St, Verano Bay",Verano Bay,40564,Greenhithe,5559991448,https://www.orchardbrasserie.example,Mexican,$$$,4.1,763,pass,pass,0.81,Meridian Cloud POS,website_fingerprint,pass,large,Orchard Inc
R000378,tablefind,2026-07-20,Ember Cantina,7265 S Serra Ave,Verano Bay,40760,Old Mill,+15559360005,https://www.embercantina.example,Korean,$$$,4.9,1229,pass,pass,0.88,-,none,unknown,SME,
R003438,roamly,2026-07-01,Yarrow Osteria,1934 S Vance St,Calla Ridge,40121,,,https://www.yarrowosteria.example,Thai,$$,4.1,1094,pass,pass,0.74,-,none,unknown,SME,
R003495,dineline,2026-07-19,test restaurant 2,7038 E Rivermead Blvd,Verano Bay,40552,Kingsway,+15551300417,,Contemporary,$$$$,4.1,886,pass,pass,0.8,unknown,none,unknown,SME,
R002109,tablefind,2026-07-17,The Rosewater Osteria,2965 N Mallow Rd,Verano Bay,40207,Rivera District,+1 555 992 0679,https://www.rosewaterosteria.example,Contemporary,$$,3.6,1955,pass,pass,0.79,IRONCLAD,website_fingerprint,fail,SME,
R003309,atlasmaps,2026-07-11,Magpie Brasserie,3301 E Wexley Avenue,Verano Bay,40290,Greenhithe,5554959793,https://www.magpiebrasserie.example,French,$$$$,3.8,814,pass,pass,0.75,,none,unknown,large,Magpie Inc
R000468,dineline,2026-07-20,Basil & Bone Table,7544 E Lindmere Ave,Verano Bay,40595,Rivera District,5551799775,https://www.basilbonetable.example,Steakhouse,$$$$,3.9,468,pass,pass,0.98,-,none,unknown,SME,
R002996,civicpages,2026-07-16,Gallow Deli,5477 W Cortez Ave,Verano Bay,40297,Miradero,(555) 723-6254,https://www.gallowdeli.example,Barbecue,$$,4.0,1437,pass,fail,0.9,not found,none,unknown,SME,
R003259,dineline,2026-07-05,Rosewater Alehouse,7608 W Serra St,Verano Bay,40178,Ashgrove,555.114.4960,https://www.rosewateralehouse.example,Korean,$$,3.8,2034,pass,pass,0.88,N/A,none,unknown,mid-cap,Rosewater Group
R001975,roamly,2026-07-14,Sorrel Osteria,7811 E Serra Blvd,Verano Bay,40366,Fox Hollow,555-268-9509,https://www.sorrelosteria.example,Ethiopian,$,3.9,750,pass,pass,0.94,not found,none,unknown,SME,
R001022,tablefind,2026-07-22,YARROW KITCHEN,3663 S Cortez Rd,Verano Bay,40606,Stillwater,5556613400,https://www.yarrowkitchen.example,Contemporary,$,4.3,1050,pass,pass,0.79,,none,unknown,SME,
R002223,roamly,2026-07-07,Gallow Chophouse,2070 E Serra St,Verano Bay,40763,Greenhithe,555-498-6160,,Steakhouse,$$$,3.4,708,pass,pass,0.89,not found,none,unknown,SME,
R002876,tablefind,2026-07-25,Stonecutter Coffee 1 - Fox Hollow,7237 N Bayard Boulevard,Verano Bay,40327,Old Mill,555.983.5438,https://www.stonecuttercoffee1.example,Korean,$$$,4.1,141,fail,fail,0.92,N/A,none,unknown,SME,
R000156,roamly,2026-07-15,Cobalt Bistro,1328 N Halloway Blvd,Verano Bay,40264,Corvo Heights,555-578-1650,https://www.cobaltbistro.example,Spanish,$$$,4.0,1335,pass,pass,0.95,not found,none,unknown,SME,
R002293,bookwell,2026-07-02,Anchor Counter,835 North Calder Road,Verano Bay,40700,Alder Heights,(555) 151-0267,,Mediterranean,$$$,5.0,1418,fail,fail,0.74,UNKNOWN,none,unknown,SME,
R001516,bookwell,2026-07-03,Marrow Steakhouse,3299 S Tarrow Rd,Verano Bay,40343,Palisade Park,5552646034,https://www.marrowsteakhouse.example,Barbecue,$$$,4.4,972,pass,pass,0.89,Unknown,none,unknown,SME,
R000743,civicpages,2026-07-18,Wildwood Alehouse,2936 S Mallow St,Verano Bay,40125,Corvo Heights,+15557445147,https://www.wildwoodalehouse.example,Seafood,$$$,3.5,877,pass,pass,0.91,not found,none,unknown,SME,
R002828,bookwell,2026-07-04,The Bellwether Bakery,6724 W Tarrow Avenue,Verano Bay,40264,Ferrymead,+15555672017,,Barbecue,$$$,4.5,1042,pass,fail,0.74,n/a,none,unknown,SME,
R002068,bookwell,2026-07-02,Heron Cantina,5508 N Bayard St,Verano Bay,40625,Old Mill,+1 555 119 7849,https://www.heroncantina.example,Thai,$,4.4,502,pass,pass,0.93,UNKNOWN,none,unknown,SME,
R000457,dineline,2026-07-02,The Oxbow Wine Bar,5992 East Ashfield St,Verano Bay,40210,Alder Heights,+15551724615,https://www.oxbowwinebar.example,French,$,3.9,1782,pass,pass,0.99,-,none,unknown,SME,
R000360,civicpages,2026-07-23,Rookery Trattoria Restaurant,3122 E Fennimore Rd,Verano Bay,40275,Quarry End,(555) 367-4877,https://www.rookerytrattoria.example,Steakhouse,$$,4.5,308,pass,pass,0.99,Meridian Cloud,website_fingerprint,pass,SME,
R002594,tablefind,2026-07-14,Little Bear Creamery,2277 E Mallow Blvd,Verano Bay,40260,Ferrymead,555-203-9178,https://www.littlebearcreamery.example,Japanese,$$,5.0,158,pass,fail,0.93,-,none,unknown,SME,
R003487,civicpages,2026-07-08,Violet Dining Room,2235 E Quinton Ave,Northmoor,40387,,+15556947674,https://www.violetdiningroom.example,Ethiopian,$$$$,3.4,1158,pass,pass,0.73,,none,unknown,SME,
R002739,tablefind,2026-07-21,Sixpence Deli,727 W Bayard Boulevard,Verano Bay,40543,Greenhithe,+1 555 623 1825,https://www.sixpencedeli.example,Contemporary,$$$$,4.4,501,fail,fail,0.76,N/A,none,unknown,SME,
R000602,civicpages,2026-07-20,Thicket Table,6182 N Tarrow St,Verano Bay,40676,Templeton,(555) 339-3209,https://www.thickettable.example,Mexican,$$$$,4.8,157,pass,pass,0.85,,none,unknown,SME,
R001885,roamly,2026-07-16,Thicket Cantina - Corvo Heights,1046 E Wexley St,Verano Bay,40328,Ashgrove,555-308-9172,https://www.thicketcantina.example,Japanese,$$,4.0,2239,pass,pass,0.97,n/a,none,unknown,SME,
R001890,roamly,2026-07-22,Kingfisher Trattoria,130 S Halloway Rd,Verano Bay,40148,Windrow,555.203.1076,https://www.kingfishertrattoria.example,Contemporary,$$,4.2,286,pass,pass,0.98,vellum pos,website_fingerprint,pass,SME,
R000755,dineline,2026-07-05,Motherland Supper Club,3768 S Mallow Ave,Verano Bay,40288,Palisade Park,555.432.9915,,French,$$,3.6,1065,pass,pass,0.88,UNKNOWN,none,unknown,SME,
R000934,atlasmaps,2026-07-27,Salt & Vine House,7933 W Mallow St,Verano Bay,40553,Cedar Cross,(555) 914-5068,https://www.saltvinehouse.example,Thai,$$$,3.7,526,pass,pass,0.98,Unknown,none,unknown,SME,
R002334,roamly,2026-07-13,Nightjar Smoothie,1518 S Ashfield Blvd,Verano Bay,40780,Lantern Hill,+1 555 398 0032,https://www.nightjarsmoothie.example,Korean,$$$$,4.5,1491,pass,fail,0.76,IRONCLAD,website_fingerprint,fail,SME,
R001320,bookwell,2026-07-10,Marrow Grill,4829 E Quinton Ave,Verano Bay,40351,Kingsway,555-109-9297,https://www.marrowgrill.example,Peruvian,$$$$,4.5,1703,pass,pass,0.98,not found,none,unknown,SME,
R001862,civicpages,2026-07-20,Alder Alehouse,2582 S Mallow Rd,Verano Bay,40267,Cedar Cross,+15554530531,,French,$$$$,4.8,946,pass,pass,0.9,,none,unknown,SME,
R003223,roamly,2026-07-05,Heron Dining Room,2086 S Prospect Rd,Verano Bay,40415,Bramble Row,+15554098444,https://www.herondiningroom.example,Polish,$$$,4.6,1478,pass,pass,0.78,N/A,none,unknown,mid-cap,Heron Group
R002934,atlasmaps,2026-07-08,Understory Food Truck,3636 S Prospect Rd,Verano Bay,40214,Old Mill,555.157.7807,,Steakhouse,$$,3.6,1599,fail,fail,0.84,UNKNOWN,none,unknown,SME,
R003040,bookwell,2026-07-28,Sorrel Coffee,3538 S Wexley Boulevard,Verano Bay,40623,Harbor Point,+1 555 743 2154,,Contemporary,$$$,4.7,1240,pass,fail,0.82,unknown,none,unknown,SME,
R001612,atlasmaps,2026-07-08,Saffron Cantina,7522 E Prospect Blvd,Verano Bay,40198,Miradero,(555) 654-4187,https://www.saffroncantina.example,Vietnamese,$,3.6,1806,pass,pass,0.92,not found,none,unknown,SME,
R000502,tablefind,2026-07-17,Foxglove Trattoria - Palisade Park,5281 North Cortez St,Verano Bay,40183,Ashgrove,,https://www.foxglovetrattoria.example,Barbecue,$$$$,3.4,1124,pass,pass,0.93,n/a,none,unknown,SME,
R000117,dineline,2026-07-22,Blue Heron Smokehouse,1798 W Halloway Rd,Verano Bay,40325,Kingsway,5556072815,https://www.blueheronsmokehouse.example,Italian,$$,4.6,1770,pass,pass,0.75,Ironclad,website_fingerprint,fail,SME,
R003315,dineline,2026-07-24,Gallow Oyster Bar,3900 N Wexley St,Verano Bay,40529,Bayview Flats,+1 555 287 7453,https://www.gallowoysterbar.example,Italian,$$$,4.7,588,pass,pass,0.92,Unknown,none,unknown,large,Gallow Inc
R002649,atlasmaps,2026-07-11,Olive & Ash Juice Bar 1 Restaurant,"6149 N Halloway Ave, Verano Bay",Verano Bay,40279,Ferrymead,,https://www.oliveashjuicebar1.example,Vietnamese,$$$,4.1,2160,fail,fail,0.99,UNKNOWN,none,unknown,SME,
R000163,atlasmaps,2026-07-08,Dovetail Table,3812 North Serra Boulevard,Verano Bay,40127,Cedar Cross,+1 555 701 6626,https://www.dovetailtable.example,Seafood,$,4.7,992,pass,pass,0.95,,none,unknown,SME,
R002889,bookwell,2026-07-18,Rosewater Creamery,2771 W Vance Ave,Verano Bay,40571,Cedar Cross,555.641.1306,https://www.rosewatercreamery.example,Mexican,$$,3.4,1905,fail,fail,0.88,Cadence Mini,website_fingerprint,fail,SME,
R001895,bookwell,2026-07-24,Violet Chophouse,3015 East Prospect Blvd,Verano Bay,40235,Rivera District,555-790-1402,https://www.violetchophouse.example,Mediterranean,$$,4.5,172,pass,pass,0.98,UNKNOWN,none,unknown,SME,
R001940,roamly,2026-07-07,Zephyr Dining Room,876 E Mallow St,Verano Bay,40415,Sunfield,+1 555 367 8226,https://www.zephyrdiningroom.example,Greek,$$$$,3.3,744,pass,pass,0.74,,none,unknown,SME,
R000150,tablefind,2026-07-28,Salt & Vine Brasserie Verano Bay,5256 E Halloway Ave,Verano Bay,40326,Alder Heights,5557261196,,Japanese,$$$$,4.5,1213,pass,pass,0.74,UNKNOWN,none,unknown,SME,
R002524,dineline,2026-07-09,Tallgrass Food Truck - Bramble Row,674 South Prospect Rd,Verano Bay,40315,Palisade Park,,,Mexican,$$,3.8,943,pass,fail,0.95,n/a,none,unknown,SME,
R001162,roamly,2026-07-22,Sixpence Smokehouse,2190 North Wexley Ave,Verano Bay,40647,Corvo Heights,+15553865315,,Polish,$$,3.7,718,pass,pass,0.87,Unknown,none,unknown,SME,
R002992,tablefind,2026-07-16,Tin Roof Donuts,3956 E Bayard Ave,Verano Bay,40530,Windrow,5558390754,,Seafood,$$$$,4.8,1211,fail,fail,0.86,unknown,none,unknown,SME,
R001761,roamly,2026-07-06,Sorrel Trattoria Verano Bay,6218 South Quinton Boulevard,Verano Bay,40349,Harbor Point,(555) 574-6286,https://www.sorreltrattoria.example,Indian,$$,4.4,276,pass,pass,0.93,-,none,unknown,SME,
R000420,dineline,2026-07-07,Nine Bridges Kitchen,6519 E Quinton Rd,Verano Bay,40281,Sunfield,+1 555 397 8723,https://www.ninebridgeskitchen.example,Mexican,$,4.3,758,pass,pass,0.76,Ironclad POS,website_fingerprint,fail,SME,
R000427,atlasmaps,2026-07-25,ROSEWATER BRASSERIE,3525 W Bayard Street,Verano Bay,40414,Ashgrove,5554237981,https://www.rosewaterbrasserie.example,Greek,$$$,4.6,1408,pass,pass,0.97,Unknown,none,unknown,SME,
R002380,civicpages,2026-07-16,Heron Donuts,5115 West Bayard Avenue,Verano Bay,40692,Ferrymead,+1 555 599 3198,https://www.herondonuts.example,Indian,$$$,3.6,1469,pass,fail,0.85,UNKNOWN,none,unknown,SME,
R000860,roamly,2026-07-25,Sixpence Bistro,5009 W Mallow Ave,Verano Bay,40450,Palisade Park,5555117298,https://www.sixpencebistro.example,Polish,$$,3.8,1126,pass,pass,0.74,unknown,none,unknown,SME,
R003207,civicpages,2026-07-05,Alder Wine Bar,3708 North Prospect Street,Verano Bay,40382,Alder Heights,+15558863833,https://www.alderwinebar.example,Italian,$$,4.0,674,pass,pass,0.92,meridian cloud,website_fingerprint,pass,mid-cap,Alder Group
R001972,roamly,2026-07-17,Wildwood Bistro,1146 S Ashfield St,Verano Bay,40775,Bramble Row,+15555641735,https://www.wildwoodbistro.example,Mediterranean,$$,4.7,605,pass,pass,0.95,Unknown,none,unknown,SME,
R000691,dineline,2026-07-03,Rookery Cantina,2956 W Wexley Ave,Verano Bay,40621,Stillwater,5551280494,https://www.rookerycantina.example,Vietnamese,$$,4.2,615,pass,pass,0.84,Unknown,none,unknown,SME,
R001328,bookwell,2026-07-23,Amber Supper Club,5925 W Rivermead Blvd,Verano Bay,40196,Marisol,555.237.9823,https://www.ambersupperclub.example,Peruvian,$$$,3.7,1239,pass,pass,0.98,unknown,none,unknown,SME,
R001213,tablefind,2026-07-25,Zephyr Supper Club,247 E Calder Ave,Verano Bay,40752,Bayview Flats,555-361-9659,,Japanese,$$,4.1,1210,pass,pass,0.9,n/a,none,unknown,SME,
R001718,atlasmaps,2026-07-27,Golden Hour Table,650 W Mallow Blvd,Verano Bay,40371,Corvo Heights,+15555696778,https://www.goldenhourtable.example,Barbecue,$$$$,4.7,1601,pass,pass,0.8,Meridian Cloud POS,website_fingerprint,pass,SME,
R001596,atlasmaps,2026-07-28,Salt & Vine Chophouse - Corvo Heights,"4026 N Tarrow Blvd, Verano Bay",Verano Bay,40265,Corvo Heights,555.186.5292,,Vietnamese,$$$,4.5,972,pass,pass,0.84,Unknown,none,unknown,SME,
R003366,civicpages,2026-07-28,Tallgrass Kitchen,4723 N Cortez St,Verano Bay,40593,Windrow,5554611580,https://www.tallgrasskitchen.example,Barbecue,$,3.8,479,pass,pass,0.92,-,none,unknown,large,Tallgrass Inc
R000880,atlasmaps,2026-07-19,Tidewater Dining Room Restaurant,2494 S Halloway Rd,Verano Bay,40257,Kingsway,(555) 694-2624,https://www.tidewaterdiningroom.example,Italian,$$$,3.7,999,pass,pass,0.95,,none,unknown,SME,
R001412,atlasmaps,2026-07-16,The Yarrow Wine Bar,390 South Wexley St,Verano Bay,40736,Corvo Heights,+15554397505,https://www.yarrowwinebar.example,Italian,$$$,4.5,947,pass,pass,0.9,not found,none,unknown,SME,
R003128,dineline,2026-07-04,Sparrow Kitchen,610 W Quinton Avenue,Verano Bay,40515,Sablewood,(555) 829-6640,https://www.sparrowkitchen.example,Spanish,$$$$,4.4,1060,pass,pass,0.75,IRONCLAD,website_fingerprint,fail,mid-cap,Sparrow Group
R000033,atlasmaps,2026-07-19,Marrow Wine Bar,5494 S Quinton Blvd,Verano Bay,40704,Bayview Flats,5557876812,https://www.marrowwinebar.example,Barbecue,$$$,4.4,1322,pass,pass,0.79,n/a,none,unknown,SME,Marrow & Co
R000949,civicpages,2026-07-16,Thistle Smokehouse - Harbor Point,6089 W Mallow Rd,Verano Bay,40401,Corvo Heights,5556784395,https://www.thistlesmokehouse.example,Polish,$$$,4.0,892,pass,pass,0.8,Salt Box,website_fingerprint,fail,SME,
R001434,dineline,2026-07-10,Tin Roof Bistro Restaurant,6518 S Vance Road,Verano Bay,40187,Old Mill,+15552366045,https://www.tinroofbistro.example,Greek,$$,4.9,2037,pass,pass,0.84,n/a,none,unknown,SME,
R001172,roamly,2026-07-08,Orchard Table,502 E Mallow Ave,Verano Bay,40583,Harbor Point,,,Contemporary,$$,4.7,1602,pass,pass,0.98,n/a,none,unknown,SME,
R003036,civicpages,2026-06-30,Violet Counter,6575 South Halloway Street,Verano Bay,40744,Kingsway,(555) 359-9356,https://www.violetcounter.example,Peruvian,$$$,3.6,1573,pass,fail,0.82,unknown,none,unknown,SME,
R000696,roamly,2026-07-11,Palisade Wine Bar,415 N Mallow Blvd,Verano Bay,40370,Ferrymead,+15553002960,https://www.palisadewinebar.example,French,$$,3.8,1246,pass,pass,0.93,Northstar POS,website_fingerprint,pass,SME,
R000034,dineline,2026-07-16,Marrow Osteria,7754 S Fennimore Ave,Verano Bay,40502,Miradero,5558100779,https://www.marrowosteria.example,Barbecue,$$,3.8,172,pass,pass,0.74,Unknown,none,unknown,SME,Marrow & Co
R001701,roamly,2026-07-26,The Harrow Trattoria,3605 N Fennimore Street,Verano Bay,40630,Miradero,,,Spanish,$$,4.1,503,pass,pass,0.88,not found,none,unknown,SME,
R000125,bookwell,2026-07-23,Sparrow Alehouse,"7320 E Calder St, Verano Bay",Verano Bay,40576,Corvo Heights,(555) 940-3998,https://www.sparrowalehouse.example,Barbecue,$$$$,3.8,93,pass,pass,0.73,-,none,unknown,SME,
R003370,atlasmaps,2026-07-22,Nettle Osteria - Alder Heights,1431 West Ashfield Street,Verano Bay,40509,Greenhithe,555.972.2429,https://www.nettleosteria.example,Peruvian,$,3.5,99,pass,pass,0.8,not found,none,unknown,large,Nettle Inc
R000935,tablefind,2026-07-20,Salt & Vine House,7933 West Mallow Street,Verano Bay,40767,Cedar Cross,(555) 914-5068,https://www.saltvinehouse.example,Thai,$$$,3.5,567,pass,pass,0.9,N/A,none,unknown,SME,
R002391,roamly,2026-07-20,Ember Sandwich Shop,5880 E Calder Boulevard,Verano Bay,40605,Cedar Cross,+15555472861,https://www.embersandwichshop.example,Indian,$$$,4.2,603,pass,fail,0.87,UNKNOWN,none,unknown,SME,
R003451,tablefind,2026-07-12,SAFFRON TAQUERIA,5034 S Bayard Boulevard,Port Adair,40229,,555-836-3341,https://www.saffrontaqueria.example,Spanish,$$$,4.2,237,pass,pass,0.75,n/a,none,unknown,SME,
R001745,bookwell,2026-07-22,Pike Cantina,376 E Lindmere Blvd,Verano Bay,40344,Cedar Cross,+1 555 484 7090,https://www.pikecantina.example,Mexican,$$$,4.9,589,pass,pass,0.94,ORBIT,website_fingerprint,pass,SME,
R003189,dineline,2026-07-11,Saffron Osteria,2368 E Bayard Blvd,Verano Bay,40257,Stillwater,555-676-5973,https://www.saffronosteria.example,Contemporary,$$$$,4.0,1286,pass,pass,0.82,,none,unknown,mid-cap,Saffron Group
R003452,dineline,2026-07-19,Oxbow Osteria,7362 S Serra St,Calla Ridge,40567,,555.816.5105,https://www.oxbowosteria.example,Polish,$$$,4.9,512,pass,pass,0.85,Ironclad,website_fingerprint,fail,SME,
R001403,bookwell,2026-07-11,Kinship Smokehouse,4481 N Serra Ave,Verano Bay,40550,Stillwater,555-728-6928,https://www.kinshipsmokehouse.example,Japanese,$$$$,4.3,687,pass,pass,0.83,,none,unknown,SME,
R000477,bookwell,2026-07-18,Saffron Bistro - Kingsway,770 South Tarrow Ave,Verano Bay,40427,Sunfield,555-776-2023,https://www.saffronbistro.example,French,$$$,4.1,1138,pass,pass,0.81,,none,unknown,SME,
R000145,tablefind,2026-07-03,Quarry Taqueria,787 E Mallow St,Verano Bay,40737,Calder Park,5554363278,,Polish,$$$,4.8,978,pass,pass,0.97,-,none,unknown,SME,
R003297,civicpages,2026-07-13,Bellwether Wine Bar,7324 E Vance Ave,Verano Bay,40217,Marisol,+15551914544,https://www.bellwetherwinebar.example,Mediterranean,$$$,3.6,331,pass,pass,0.81,-,none,unknown,large,Bellwether Inc
R000162,bookwell,2026-07-26,Dovetail Table,3812 N Serra Blvd,Verano Bay,40165,Cedar Cross,555-701-6626,https://www.dovetailtable.example,Seafood,$,4.3,771,pass,pass,0.94,tessera,website_fingerprint,pass,SME,
R000061,atlasmaps,2026-07-19,Ironwood Bistro,2936 E Rivermead Ave,Verano Bay,40586,Calder Park,555-737-6319,https://www.ironwoodbistro.example,Thai,$,4.5,661,pass,pass,0.78,UNKNOWN,none,unknown,SME,Ironwood Hospitality
R003406,dineline,2026-07-18,Redbird Smokehouse,4018 W Prospect Rd,Calla Ridge,40619,,(555) 598-6512,https://www.redbirdsmokehouse.example,Vietnamese,$,4.4,1153,pass,pass,0.91,n/a,none,unknown,SME,
R002819,bookwell,2026-07-06,Tin Roof To Go Restaurant,7222 W Serra Boulevard,Verano Bay,40740,Kingsway,(555) 755-1960,https://www.tinrooftogo.example,Polish,$,4.4,518,pass,fail,0.97,Cadence,website_fingerprint,fail,SME,
R000767,civicpages,2026-07-08,The Wren Cantina,4889 North Wexley Avenue,Verano Bay,40394,Sunfield,555.513.6215,,Vietnamese,$,4.7,2005,pass,pass,0.77,not found,none,unknown,SME,
R000996,roamly,2026-07-26,Magpie Supper Club,4462 E Ashfield Ave,Verano Bay,40255,Harbor Point,555.429.7633,https://www.magpiesupperclub.example,Spanish,$$$,4.1,2072,pass,pass,0.92,,none,unknown,SME,
R000522,roamly,2026-07-21,Motherland Steakhouse,2861 S Bayard Ave,Verano Bay,40309,Bayview Flats,(555) 510-4238,https://www.motherlandsteakhouse.example,Greek,$,4.0,1602,pass,pass,0.89,n/a,none,unknown,SME,
R003340,bookwell,2026-07-08,Olive & Ash Cantina,3660 W Wexley Blvd,Verano Bay,40530,Templeton,555.267.7916,https://www.oliveashcantina.example,Vietnamese,$$$,4.3,963,pass,pass,0.79,N/A,none,unknown,large,Olive Inc
R002512,roamly,2026-07-15,Vesper Juice Bar 1,7439 W Serra Rd,Verano Bay,40758,Lantern Hill,5555011046,,Thai,$,4.0,806,pass,fail,0.89,unknown,none,unknown,SME,
R002830,tablefind,2026-07-24,Thistle Donuts,109 E Tarrow Blvd,Verano Bay,40165,Calder Park,5556708701,https://www.thistledonuts.example,Thai,$$,4.8,242,pass,fail,0.98,UNKNOWN,none,unknown,SME,
R003235,civicpages,2026-06-30,Tidewater Oyster Bar,5885 S Fennimore Ave,Verano Bay,40660,Stillwater,555-691-6422,https://www.tidewateroysterbar.example,Mediterranean,$,4.6,864,pass,pass,0.87,N/A,none,unknown,mid-cap,Tidewater Group
R002457,dineline,2026-07-06,Pike Bakery,"5762 N Prospect Blvd, Verano Bay",Verano Bay,40253,Greenhithe,,https://www.pikebakery.example,Mexican,$$$$,3.8,627,pass,fail,0.9,N/A,none,unknown,SME,
R002732,dineline,2026-07-20,Halcyon Deli,4914 E Mallow Ave,Verano Bay,40336,Sunfield,+15555893313,https://www.halcyondeli.example,Spanish,$,4.1,1262,pass,fail,0.84,UNKNOWN,none,unknown,SME,
R002702,dineline,2026-07-08,Heron Donuts 1,1112 West Prospect Avenue,Verano Bay,40339,Quarry End,(555) 389-9305,,Italian,$$,4.0,948,pass,fail,0.86,N/A,none,unknown,SME,
R000890,civicpages,2026-07-13,Kinship Kitchen,3882 East Vance Road,Verano Bay,40230,Greenhithe,,https://www.kinshipkitchen.example,Barbecue,$$$,4.4,1046,pass,pass,0.78,Unknown,none,unknown,SME,
R000470,roamly,2026-07-15,Palisade Grill - Templeton,"3168 E Rivermead Rd, Verano Bay",Verano Bay,40107,Rivera District,555.819.0423,https://www.palisadegrill.example,Steakhouse,$$$,4.1,780,pass,pass,0.78,,none,unknown,SME,
R001614,dineline,2026-07-03,Ironwood Taqueria,3347 E Tarrow Rd,Verano Bay,40303,Bramble Row,555.840.4844,https://www.ironwoodtaqueria.example,Thai,$$,4.5,833,pass,pass,0.98,unknown,none,unknown,SME,
R000006,roamly,2026-07-09,Sable Brasserie,7243 W Bayard Avenue,Verano Bay,40586,Rivera District,555.467.2602,https://www.sablebrasserie.example,Korean,$$,3.4,1049,pass,pass,0.78,ironclad,website_fingerprint,fail,mid-cap,Sable Hospitality Group
R003440,bookwell,2026-07-14,Zephyr Grill,2604 S Serra Rd,Northmoor,40548,,+15558620932,https://www.zephyrgrill.example,Korean,$$,4.2,567,pass,pass,0.87,cadence,website_fingerprint,fail,SME,
R000790,bookwell,2026-07-18,Blue Heron Cantina,444 N Lindmere Blvd,Verano Bay,40201,Calder Park,+15557488049,https://www.blueheroncantina.example,Peruvian,$$$,4.2,448,pass,pass,0.88,n/a,none,unknown,SME,
R002093,bookwell,2026-07-27,Oxbow Brasserie Restaurant,5070 E Quinton Road,Verano Bay,40154,Harbor Point,5552725234,https://www.oxbowbrasserie.example,Thai,$$$$,3.9,1023,pass,pass,0.77,N/A,none,unknown,SME,
R000500,bookwell,2026-07-25,Stonecutter Steakhouse,7696 W Lindmere Ave,Verano Bay,40214,Greenhithe,555.794.4268,https://www.stonecuttersteakhouse.example,Vietnamese,$$$,4.1,1027,pass,pass,0.86,ironcladpos,website_fingerprint,fail,SME,
R002320,atlasmaps,2026-07-20,Roan Smoothie,6874 S Ashfield Blvd,Verano Bay,40334,Kingsway,+1 555 280 4322,https://www.roansmoothie.example,Korean,$$,3.5,1628,fail,fail,0.91,ironclad,website_fingerprint,fail,SME,
R000434,roamly,2026-07-25,Inkwell House,7119 S Vance St,Verano Bay,40442,Cedar Cross,555.970.5657,https://www.inkwellhouse.example,French,$$,3.9,1129,pass,pass,0.89,n/a,none,unknown,SME,
R003418,bookwell,2026-07-16,Understory Alehouse,4465 S Cortez Blvd,Sundermere,40397,,+15556369420,https://www.understoryalehouse.example,Italian,$$,4.3,27,pass,pass,0.79,N/A,none,unknown,SME,
R000828,bookwell,2026-07-13,Tidewater Kitchen,4520 S Wexley Ave,Verano Bay,40485,Bayview Flats,(555) 768-1544,https://www.tidewaterkitchen.example,Seafood,$$$,4.4,1200,pass,pass,0.76,rivet,website_fingerprint,fail,SME,
R002171,bookwell,2026-07-13,ROAN SUPPER CLUB,6655 East Mallow Blvd,Verano Bay,40720,Bramble Row,555-745-3356,https://www.roansupperclub.example,Ethiopian,$$$,3.8,367,pass,pass,0.81,ironclad,website_fingerprint,fail,SME,
R001774,civicpages,2026-07-13,Rambler Cantina,7913 E Halloway St,Verano Bay,40194,Lantern Hill,555.223.4047,https://www.ramblercantina.example,Steakhouse,$$,4.1,108,pass,pass,0.77,,none,unknown,SME,
R000040,civicpages,2026-07-15,Prairie Chophouse,1006 E Serra St,Verano Bay,40149,Calder Park,,https://www.prairiechophouse.example,Greek,$$$,3.7,1193,pass,pass,0.77,not found,none,unknown,mid-cap,Prairie Table Group
R001868,tablefind,2026-07-15,Marigold Chophouse,6371 N Vance St,Verano Bay,40406,Palisade Park,+1 555 467 3418,https://www.marigoldchophouse.example,Vietnamese,$$,3.4,662,pass,pass,0.85,Orbit,website_fingerprint,pass,SME,
R001259,atlasmaps,2026-07-24,Mercado Smokehouse Verano Bay,7421 East Tarrow Street,Verano Bay,40333,Sablewood,5556993016,https://www.mercadosmokehouse.example,Japanese,$,3.7,1347,pass,pass,0.79,vellum pos,website_fingerprint,pass,SME,
R002812,bookwell,2026-07-15,Nightjar Smoothie 1 2,1441 S Ashfield St,Verano Bay,40374,Bramble Row,555.699.3720,https://www.nightjarsmoothie12.example,Japanese,$$$$,4.0,282,pass,fail,0.76,N/A,none,unknown,SME,
R002234,atlasmaps,2026-07-08,Quill Osteria,3306 S Ashfield St,Verano Bay,40183,Calder Park,555-591-9937,https://www.quillosteria.example,Korean,$$$,4.5,212,pass,pass,0.96,n/a,none,unknown,SME,
R002938,civicpages,2026-07-23,Salt and Vine Express,2540 W Tarrow Blvd,Verano Bay,40557,Rivera District,+1 555 327 4209,,Greek,$,4.8,1476,pass,fail,0.73,Unknown,none,unknown,SME,
R002670,dineline,2026-07-19,REDBIRD CREAMERY 1,1961 W Calder Ave,Verano Bay,40485,Templeton,555.233.7802,https://www.redbirdcreamery1.example,Thai,$$$,4.1,334,fail,fail,0.84,Northstar Restaurant,website_fingerprint,pass,SME,
R000414,tablefind,2026-07-17,Fernwood Wine Bar,1001 W Lindmere Rd,Verano Bay,40705,Kingsway,+1 555 994 7798,https://www.fernwoodwinebar.example,French,$,4.1,1779,pass,pass,0.82,-,none,unknown,SME,
R002385,tablefind,2026-07-20,Rosewater Cafe,6277 West Mallow Boulevard,Verano Bay,40765,Marisol,555-213-1136,https://www.rosewatercafe.example,Vietnamese,$$,4.4,1003,pass,fail,0.96,UNKNOWN,none,unknown,SME,
R000731,atlasmaps,2026-07-14,Persimmon Brasserie,3871 E Calder St,Verano Bay,40569,Cedar Cross,555-289-1016,https://www.persimmonbrasserie.example,Italian,$$$$,3.8,945,pass,pass,0.91,Unknown,none,unknown,SME,
R002724,civicpages,2026-07-03,Understory Coffee,"3799 E Mallow St, Verano Bay",Verano Bay,40693,Fox Hollow,(555) 658-9953,https://www.understorycoffee.example,Barbecue,$$$,4.9,860,pass,fail,0.83,Unknown,none,unknown,SME,
R000368,dineline,2026-07-26,Tidewater Room,4318 S Ashfield Rd,Verano Bay,40372,Ferrymead,+1 555 146 9121,https://www.tidewaterroom.example,Spanish,$$,4.0,358,pass,pass,0.87,n/a,none,unknown,SME,
R001873,roamly,2026-07-08,ANCHOR ALEHOUSE,1238 North Vance St,Verano Bay,40405,Corvo Heights,5554420347,https://www.anchoralehouse.example,Thai,$$,4.5,494,pass,pass,0.76,UNKNOWN,none,unknown,SME,
R003417,bookwell,2026-07-03,Anchor Osteria,6072 E Fennimore Ave,Sundermere,40492,,555.576.3905,https://www.anchorosteria.example,Seafood,$,3.6,472,pass,pass,0.92,n/a,none,unknown,SME,
R003416,civicpages,2026-07-17,Foxglove Room,784 E Fennimore Ave,Sundermere,40308,,+15559591331,https://www.foxgloveroom.example,Polish,$$,3.7,301,pass,pass,0.89,FERNPOST,website_fingerprint,fail,SME,
R003397,bookwell,2026-07-04,Alder Bistro,6006 E Wexley St,Kestrel Falls,40520,,555.934.0557,https://www.alderbistro.example,French,$$$,3.8,95,pass,pass,0.9,ironcladpos,website_fingerprint,fail,SME,
R000412,atlasmaps,2026-06-30,Marigold Osteria - Rivera District,7441 N Lindmere Road,Verano Bay,40336,Harbor Point,555-429-2603,,French,$$,4.1,303,pass,pass,0.86,not found,none,unknown,SME,
R002273,dineline,2026-07-03,Ironwood Coffee - Corvo Heights,"3820 N Wexley Rd, Verano Bay",Verano Bay,40593,Corvo Heights,+1 555 535 3027,https://www.ironwoodcoffee.example,Seafood,$$$$,4.8,690,pass,fail,0.86,unknown,none,unknown,SME,
R001817,bookwell,2026-07-04,Palisade Table,1880 E Prospect Blvd,Verano Bay,40745,Cedar Cross,5553218989,https://www.palisadetable.example,Peruvian,$$,4.5,1943,pass,pass,0.98,not found,none,unknown,SME,
R000284,roamly,2026-07-01,Sparrow Bistro,2206 E Serra Ave,Verano Bay,40584,Windrow,,,Japanese,$,4.3,757,pass,pass,0.78,N/A,none,unknown,SME,
R000204,bookwell,2026-07-20,Olive & Ash Grill,5047 W Halloway Rd,Verano Bay,40615,Palisade Park,+15559695652,https://www.oliveashgrill.example,Thai,$,3.4,263,pass,pass,0.82,n/a,none,unknown,SME,
R001661,tablefind,2026-07-10,Juniper Grill,1641 N Vance Blvd,Verano Bay,40173,Templeton,5558947224,https://www.junipergrill.example,Ethiopian,$$$,4.1,1115,pass,pass,0.8,not found,none,unknown,SME,
R002681,roamly,2026-07-17,The Oxbow Boba,4810 N Fennimore Rd,Verano Bay,40340,Bramble Row,555-161-6858,,Mediterranean,$$,3.9,1378,fail,fail,0.8,N/A,none,unknown,SME,
R003023,bookwell,2026-07-15,Mercado Boba 1,7060 W Ashfield St,Verano Bay,40373,Kingsway,555.483.8661,https://www.mercadoboba1.example,Contemporary,$$$$,3.8,317,pass,fail,0.79,not found,none,unknown,SME,
R001466,bookwell,2026-07-15,Prairie Tavern,3069 N Wexley Ave,Verano Bay,40449,Greenhithe,,,Mexican,$$,4.7,333,pass,pass,0.85,unknown,none,unknown,SME,
R003034,bookwell,2026-07-25,Violet Counter,6575 S Halloway St,Verano Bay,40379,Kingsway,555.359.9356,https://www.violetcounter.example,Peruvian,$$$,3.6,2066,fail,fail,0.77,Unknown,none,unknown,SME,
R002589,atlasmaps,2026-06-30,Dovetail Cafe,5618 W Quinton St,Verano Bay,40101,Stillwater,5555200975,https://www.dovetailcafe.example,French,$$,4.3,770,pass,fail,0.85,-,none,unknown,SME,
R001601,atlasmaps,2026-07-16,The Marigold Grill,3812 S Calder Avenue,Verano Bay,40661,Sablewood,+15556957888,https://www.marigoldgrill.example,Greek,$$,4.3,890,pass,pass,0.97,Cadence Station,website_fingerprint,fail,SME,
R002359,dineline,2026-07-26,Fernwood Kiosk Restaurant,4994 S Cortez Blvd,Verano Bay,40623,Cedar Cross,+15557611196,https://www.fernwoodkiosk.example,Steakhouse,$$$$,4.1,67,fail,fail,0.79,N/A,none,unknown,SME,
R000025,atlasmaps,2026-06-30,Northbank Room,3262 S Halloway Rd,Verano Bay,40166,Bramble Row,+15553243480,https://www.northbankroom.example,Greek,$$$,4.8,762,pass,pass,0.93,-,none,unknown,SME,Northbank Concepts
R002467,dineline,2026-07-05,Nettle Creamery,3441 E Quinton Ave,Verano Bay,40409,Templeton,555-549-8429,,Contemporary,$$$,3.9,267,fail,fail,0.89,Unknown,none,unknown,SME,
R002792,atlasmaps,2026-07-02,Sparrow Cafe,639 S Bayard Blvd,Verano Bay,40170,Harbor Point,+15557062893,https://www.sparrowcafe.example,Polish,$$$,4.4,1714,pass,fail,0.97,not found,none,unknown,SME,
R001395,roamly,2026-07-26,Rosewater Grill,4052 W Mallow Ave,Verano Bay,40710,Windrow,+15559964449,https://www.rosewatergrill.example,Peruvian,$$,4.5,181,pass,pass,0.95,Cadence POS,website_fingerprint,fail,SME,
R002919,tablefind,2026-07-01,Cardinal Coffee 1 - Palisade Park,"1256 N Lindmere St, Verano Bay",Verano Bay,40659,Old Mill,+1 555 160 2739,,Thai,$$$,4.0,95,fail,fail,0.75,N/A,none,unknown,SME,
R002529,tablefind,2026-07-17,Understory To Go,1556 S Serra Rd,Verano Bay,40591,Old Mill,5554199322,,Spanish,$$$,4.1,1364,fail,fail,0.78,UNKNOWN,none,unknown,SME,
R001415,roamly,2026-07-12,Vesper Tavern,5772 N Fennimore St,Verano Bay,40314,Bayview Flats,555.757.9028,https://www.vespertavern.example,Korean,$$,4.5,1234,pass,pass,0.96,N/A,none,unknown,SME,
R001306,civicpages,2026-07-15,Cinder Cantina - Old Mill,6089 W Tarrow Rd,Verano Bay,40796,Cedar Cross,(555) 744-2797,https://www.cindercantina.example,French,$$$,3.8,527,pass,pass,0.97,Salt Box,website_fingerprint,fail,SME,
R001426,civicpages,2026-07-21,Bellwether Trattoria,5870 S Serra Ave,Verano Bay,40220,Windrow,555.561.5616,https://www.bellwethertrattoria.example,Peruvian,$$,3.8,1445,pass,pass,0.9,ironclad,website_fingerprint,fail,SME,
R000702,atlasmaps,2026-07-20,Anchor Grill,5815 W Mallow Rd,Verano Bay,40601,Templeton,5553975601,,Greek,$,4.7,1656,pass,pass,0.82,UNKNOWN,none,unknown,SME,
R003486,bookwell,2026-06-30,Little Bear Alehouse,1298 E Bayard Ave,Port Adair,40599,,5559619286,https://www.littlebearalehouse.example,Mexican,$$$$,3.8,734,pass,pass,0.76,n/a,none,unknown,SME,
R000492,bookwell,2026-07-05,Basil & Bone Cantina,6835 S Halloway Rd,Verano Bay,40430,Palisade Park,(555) 625-5703,,Thai,$$$,4.1,1729,pass,pass,0.97,not found,none,unknown,SME,
R002591,dineline,2026-07-03,Nightjar Smoothie 1,6030 W Calder St,Verano Bay,40478,Harbor Point,+1 555 476 4333,,Mexican,$,3.9,549,pass,fail,0.91,Unknown,none,unknown,SME,
R001173,bookwell,2026-07-01,Orchard Table,502 East Mallow Avenue,Verano Bay,40365,Harbor Point,5551858967,,Contemporary,$$,4.8,1626,pass,pass,0.93,N/A,none,unknown,SME,
R002521,bookwell,2026-07-02,Tallgrass Coffee,1603 E Rivermead Blvd,Verano Bay,40321,Windrow,+15554582481,https://www.tallgrasscoffee.example,Italian,$$$,4.8,633,pass,fail,0.77,N/A,none,unknown,SME,
R000184,atlasmaps,2026-07-04,Golden Hour Osteria,6658 S Rivermead Blvd,Verano Bay,40388,Quarry End,555-435-2649,https://www.goldenhourosteria.example,Steakhouse,$$$,4.7,1827,pass,pass,0.97,N/A,none,unknown,SME,
R001888,roamly,2026-07-14,Tidewater Trattoria - Sunfield,6545 N Ashfield St,Verano Bay,40178,Stillwater,(555) 798-0119,https://www.tidewatertrattoria.example,Indian,$$$,3.9,64,pass,pass,0.84,not found,none,unknown,SME,
R001717,dineline,2026-07-04,Larkspur Trattoria,"6277 N Ashfield St, Verano Bay",Verano Bay,40137,Sunfield,+15557382144,https://www.larkspurtrattoria.example,Seafood,$$$,5.0,1521,pass,pass,0.76,unknown,none,unknown,SME,
R001338,civicpages,2026-07-11,Roan Bistro,6881 N Tarrow St,Verano Bay,40151,Calder Park,(555) 622-5686,https://www.roanbistro.example,Contemporary,$$,4.1,363,pass,pass,0.88,not found,none,unknown,SME,
R002751,roamly,2026-07-05,Harrow Food Truck,5717 E Vance Blvd,Verano Bay,40356,Calder Park,+1 555 291 6522,https://www.harrowfoodtruck.example,Mexican,$,3.4,1953,pass,fail,0.77,Unknown,none,unknown,SME,
R002033,dineline,2026-07-26,Cobalt Trattoria - Sablewood,"4156 N Ashfield St, Verano Bay",Verano Bay,40264,Rivera District,5555587403,https://www.cobalttrattoria.example,Ethiopian,$$,3.5,847,pass,pass,0.81,not found,none,unknown,SME,
R002888,dineline,2026-07-05,Fallowfield Deli,2664 N Bayard Rd,Verano Bay,40201,Old Mill,+15556853369,https://www.fallowfielddeli.example,Spanish,$,3.5,1346,pass,fail,0.78,Unknown,none,unknown,SME,
R001958,dineline,2026-07-05,Jackdaw Osteria,3723 E Calder Rd,Verano Bay,40160,Corvo Heights,+1 555 138 9885,https://www.jackdawosteria.example,Italian,$$,4.9,737,pass,pass,0.88,unknown,none,unknown,SME,
R003459,bookwell,2026-07-07,Cinder Alehouse,3779 W Lindmere Ave,Northmoor,40513,,555.782.7317,https://www.cinderalehouse.example,Indian,$,4.4,414,pass,pass,0.95,Unknown,none,unknown,SME,
R000989,tablefind,2026-07-09,The Nettle House,3668 East Quinton Boulevard,Verano Bay,40407,Sablewood,+1 555 496 9540,https://www.nettlehouse.example,Vietnamese,$$$,3.9,1916,pass,pass,0.94,ironclad,website_fingerprint,fail,SME,
R001747,atlasmaps,2026-07-27,PIKE CANTINA,376 East Lindmere Blvd,Verano Bay,40751,Cedar Cross,5554847090,https://www.pikecantina.example,Mexican,$$$,4.6,562,pass,pass,0.95,N/A,none,unknown,SME,
R000725,bookwell,2026-07-28,Quarry Chophouse,6946 S Quinton Rd,Verano Bay,40787,Stillwater,5558230838,https://www.quarrychophouse.example,Thai,$$,3.6,1619,pass,pass,0.9,unknown,none,unknown,SME,
R000972,roamly,2026-07-09,Foxtail Cantina,"6048 W Wexley Ave, Verano Bay",Verano Bay,40540,Sunfield,555.929.7546,https://www.foxtailcantina.example,Indian,$$$,4.5,703,pass,pass,0.86,FERNPOST,website_fingerprint,fail,SME,
R002531,tablefind,2026-07-16,BELLWETHER COFFEE,1782 W Calder St,Verano Bay,40539,Bramble Row,5559632517,https://www.bellwethercoffee.example,Vietnamese,$$$,4.4,1739,pass,fail,0.88,Cadence,website_fingerprint,fail,SME,
R001838,atlasmaps,2026-07-20,Kingfisher Dining Room,1545 E Bayard St,Verano Bay,40768,Ashgrove,555-332-5989,https://www.kingfisherdiningroom.example,Thai,$$$,5.0,1026,pass,pass,0.98,Meridian Cloud POS,website_fingerprint,pass,SME,
R000029,civicpages,2026-07-03,The Marrow Supper Club,"223 S Ashfield Blvd, Verano Bay",Verano Bay,40301,Templeton,+1 555 459 0284,https://www.marrowsupperclub.example,Vietnamese,$$$,4.7,1080,pass,pass,0.83,-,none,unknown,SME,Marrow & Co
R000837,dineline,2026-07-06,Bramble Cantina Verano Bay,5001 E Ashfield Street,Verano Bay,40654,Quarry End,5552010991,https://www.bramblecantina.example,Italian,$$,4.1,1109,pass,pass,0.74,N/A,none,unknown,SME,
R001866,tablefind,2026-06-30,Violet Alehouse Restaurant,2010 North Ashfield Street,Verano Bay,40446,Old Mill,+15554866815,https://www.violetalehouse.example,Italian,$,4.6,595,pass,pass,0.91,-,none,unknown,SME,
R000136,bookwell,2026-07-08,Rosewater Supper Club - Quarry End,4631 South Bayard Avenue,Verano Bay,40766,Ferrymead,+15555178357,https://www.rosewatersupperclub.example,Korean,$$$,4.2,855,pass,pass,0.73,unknown,none,unknown,SME,
R000079,tablefind,2026-07-21,The Ironwood Table,1575 South Halloway Ave,Verano Bay,40458,Alder Heights,555-362-4886,https://www.ironwoodtable.example,Greek,$$$$,4.4,574,pass,pass,0.91,Unknown,none,unknown,SME,
R001643,roamly,2026-07-28,Sable Supper Club,6953 S Serra Blvd,Verano Bay,40178,Corvo Heights,5557171578,https://www.sablesupperclub.example,Japanese,$$$,3.8,746,pass,pass,0.91,unknown,none,unknown,SME,
R002308,roamly,2026-07-10,Nine Bridges Bakery,164 S Lindmere Blvd,Verano Bay,40386,Quarry End,5551424665,https://www.ninebridgesbakery.example,Korean,$$$$,4.3,1029,fail,fail,0.73,,none,unknown,SME,
R003368,tablefind,2026-07-02,Nettle Osteria,1431 W Ashfield St,Verano Bay,40774,Greenhithe,+1 555 972 2429,https://www.nettleosteria.example,Peruvian,$,3.5,87,pass,pass,0.95,,none,unknown,large,Nettle Inc
R001610,roamly,2026-07-21,Umber Supper Club,4196 W Ashfield Ave,Verano Bay,40636,Miradero,(555) 572-0830,,Korean,$$,3.9,371,pass,pass,0.73,Unknown,none,unknown,SME,
R000645,roamly,2026-07-08,ROOKERY TAQUERIA,6382 South Serra Road,Verano Bay,40375,Lantern Hill,555-417-0616,https://www.rookerytaqueria.example,Mexican,$$,3.4,1283,pass,pass,0.76,Unknown,none,unknown,SME,
R000098,bookwell,2026-07-19,Gallow Brasserie Verano Bay,5773 W Calder Road,Verano Bay,40579,Bramble Row,(555) 333-3266,https://www.gallowbrasserie.example,Greek,$$$,4.5,828,pass,pass,0.73,not found,none,unknown,SME,
R000218,bookwell,2026-07-13,Nightjar Steakhouse,4545 W Cortez Blvd,Verano Bay,40596,Alder Heights,+1 555 253 3715,https://www.nightjarsteakhouse.example,Barbecue,$$,3.5,1207,pass,pass,0.87,not found,none,unknown,SME,
R003213,civicpages,2026-07-06,Thistle Osteria,6457 S Mallow Rd,Verano Bay,40761,Lantern Hill,(555) 665-6331,https://www.thistleosteria.example,Greek,$,4.3,214,pass,pass,0.83,N/A,none,unknown,mid-cap,Thistle Group
R001714,atlasmaps,2026-07-07,Nightjar Trattoria,7565 W Bayard Blvd,Verano Bay,40773,Greenhithe,+1 555 294 9025,https://www.nightjartrattoria.example,Mexican,$,3.7,701,pass,pass,0.72,,none,unknown,SME,
R003117,tablefind,2026-07-14,Loam Osteria,5714 S Ashfield Ave,Verano Bay,40307,Miradero,+1 555 873 8493,https://www.loamosteria.example,Thai,$$$$,4.2,1260,pass,pass,0.75,not found,none,unknown,mid-cap,Loam Group
R001368,civicpages,2026-07-16,Tallgrass Chophouse,3523 S Wexley St,Verano Bay,40651,Templeton,5552444066,https://www.tallgrasschophouse.example,Indian,$$$,3.2,2100,pass,pass,0.74,UNKNOWN,none,unknown,SME,
R000668,atlasmaps,2026-07-08,Mercado Brasserie - Sunfield,7310 North Serra Rd,Verano Bay,40103,Miradero,+1 555 502 1375,,Peruvian,$$,4.2,1187,pass,pass,0.94,,none,unknown,SME,
R001505,dineline,2026-07-02,MERCADO TAQUERIA,4969 North Quinton Street,Verano Bay,40696,Greenhithe,(555) 806-8349,https://www.mercadotaqueria.example,Mexican,$$,3.4,1103,pass,pass,0.85,N/A,none,unknown,SME,
R000228,dineline,2026-07-20,Fernwood Steakhouse,5748 E Rivermead St,Verano Bay,40457,Fox Hollow,+1 555 903 7598,https://www.fernwoodsteakhouse.example,Greek,$$,4.3,65,pass,pass,0.97,-,none,unknown,SME,
R003041,tablefind,2026-07-28,Verde Counter,4082 S Fennimore Rd,Verano Bay,40421,Calder Park,555-940-2397,,Spanish,$$$,4.6,245,fail,fail,0.93,N/A,none,unknown,SME,
R001510,dineline,2026-07-27,Fernwood Oyster Bar,267 N Serra Ave,Verano Bay,40450,Calder Park,555-961-8230,https://www.fernwoodoysterbar.example,Italian,$$$,3.9,1535,pass,pass,0.74,saltbox,website_fingerprint,fail,SME,
R001526,roamly,2026-07-15,Gallow Taqueria,3479 N Mallow Rd,Verano Bay,40371,Cedar Cross,5555612338,https://www.gallowtaqueria.example,Italian,$$$$,4.1,1304,pass,pass,0.81,FERNPOST,website_fingerprint,fail,SME,
R000678,civicpages,2026-07-04,Sixpence Supper Club - Stillwater,1620 W Tarrow Avenue,Verano Bay,40279,Harbor Point,+1 555 939 0609,https://www.sixpencesupperclub.example,Greek,$$$,4.5,1550,pass,pass,0.78,-,none,unknown,SME,
R000169,dineline,2026-07-10,Foxglove Brasserie,3380 South Fennimore Boulevard,Verano Bay,40304,Corvo Heights,555-486-1457,https://www.foxglovebrasserie.example,Contemporary,$,3.6,629,pass,pass,0.89,,none,unknown,SME,
R002901,dineline,2026-07-27,The Redbird Counter 1,1615 N Serra Rd,Verano Bay,40167,Alder Heights,555.154.2419,https://www.redbirdcounter1.example,Mediterranean,$,4.2,1049,pass,fail,0.97,UNKNOWN,none,unknown,SME,
R003327,atlasmaps,2026-07-24,Plumb Dining Room - Palisade Park,1468 N Quinton Blvd,Verano Bay,40657,Cedar Cross,555.894.7075,https://www.plumbdiningroom.example,Mediterranean,$$$,3.5,191,pass,pass,0.86,,none,unknown,large,Plumb Inc
R002011,bookwell,2026-07-17,Marigold Tavern,7154 East Tarrow St,Verano Bay,40320,Stillwater,555.992.0053,,Thai,$$,3.4,815,pass,pass,0.88,Unknown,none,unknown,SME,
R000770,civicpages,2026-06-30,Anchor Wine Bar,5526 E Bayard St,Verano Bay,40335,Sunfield,,https://www.anchorwinebar.example,Barbecue,$$,4.4,488,pass,pass,0.85,Ironclad POS,website_fingerprint,fail,SME,
R002174,dineline,2026-07-10,Wren Alehouse,6489 W Fennimore Rd,Verano Bay,40209,Windrow,+15559258974,https://www.wrenalehouse.example,Korean,$$,4.4,790,pass,pass,0.94,Cadence POS,website_fingerprint,fail,SME,
R001424,tablefind,2026-07-01,OLIVE & ASH OSTERIA,7580 South Quinton Road,Verano Bay,40604,Quarry End,,https://www.oliveashosteria.example,French,$$,4.7,917,pass,pass,0.77,N/A,none,unknown,SME,
R002979,atlasmaps,2026-07-27,Persimmon Food Truck,4804 S Serra Rd,Verano Bay,40485,Sablewood,555.767.5585,https://www.persimmonfoodtruck.example,Japanese,$$,4.5,779,fail,fail,0.82,-,none,unknown,SME,
R001391,roamly,2026-07-07,Nine Bridges Cantina,1465 S Mallow Rd,Verano Bay,40347,Cedar Cross,555.757.9755,https://www.ninebridgescantina.example,Italian,$$$$,4.7,260,pass,pass,0.82,n/a,none,unknown,SME,
R003053,civicpages,2026-07-17,Harrow Coffee Verano Bay,3609 E Prospect Ave,Verano Bay,40595,Bayview Flats,+15558367190,https://www.harrowcoffee.example,Vietnamese,$$$,4.0,520,pass,fail,0.8,unknown,none,unknown,SME,
R002993,dineline,2026-07-06,Thicket Deli,5220 E Bayard St,Verano Bay,40734,Sablewood,(555) 960-0276,https://www.thicketdeli.example,Mediterranean,$$$,3.7,1168,fail,fail,0.72,n/a,none,unknown,SME,
R001905,bookwell,2026-07-02,Kingfisher Kitchen,6961 East Ashfield Blvd,Verano Bay,40185,Kingsway,5551563001,https://www.kingfisherkitchen.example,Polish,$$$$,3.7,1151,pass,pass,0.77,,none,unknown,SME,
R001499,bookwell,2026-07-12,Bramble Oyster Bar,3231 S Halloway St,Verano Bay,40600,Sablewood,+1 555 943 3282,https://www.brambleoysterbar.example,Ethiopian,$$,4.1,2012,pass,pass,0.81,UNKNOWN,none,unknown,SME,
R000011,tablefind,2026-07-24,The Sable Dining Room,663 W Quinton Road,Verano Bay,40165,Kingsway,+1 555 317 1871,https://www.sablediningroom.example,Indian,$$,3.7,2020,pass,pass,0.72,ironcladpos,website_fingerprint,fail,mid-cap,Sable Hospitality Group
R001240,roamly,2026-07-17,Violet Osteria,7670 E Prospect Rd,Verano Bay,40704,Old Mill,+15557552562,https://www.violetosteria.example,French,$$$,3.4,1357,pass,pass,0.93,Cadence POS,website_fingerprint,fail,SME,
R003433,bookwell,2026-07-18,Sorrel Wine Bar,5052 S Quinton Ave,Kestrel Falls,40514,,(555) 503-1164,https://www.sorrelwinebar.example,French,$$$$,3.9,1180,pass,pass,0.79,,none,unknown,SME,
R003148,atlasmaps,2026-07-10,Tin Roof Table,2875 W Tarrow Ave,Verano Bay,40568,Calder Park,5552700214,https://www.tinrooftable.example,Barbecue,$$,3.6,330,pass,pass,0.83,unknown,none,unknown,mid-cap,Tin Group
R000859,bookwell,2026-07-02,Jackdaw Kitchen,3953 S Fennimore St,Verano Bay,40329,Templeton,5555897276,https://www.jackdawkitchen.example,Italian,$$$$,3.4,661,pass,pass,0.8,N/A,none,unknown,SME,
R000785,atlasmaps,2026-07-21,Quill Room,5428 South Ashfield Avenue,Verano Bay,40777,Cedar Cross,555-806-5705,https://www.quillroom.example,Mexican,$,4.3,253,pass,pass,0.93,unknown,none,unknown,SME,
R002019,civicpages,2026-07-24,Kinship Taqueria,7982 W Cortez St,Verano Bay,40678,Cedar Cross,555-145-6827,https://www.kinshiptaqueria.example,Barbecue,$,3.7,1251,pass,pass,0.84,n/a,none,unknown,SME,
R001080,tablefind,2026-07-26,Larkspur Wine Bar,521 N Ashfield Ave,Verano Bay,40484,Fox Hollow,555-632-2272,,Contemporary,$$,4.6,2044,pass,pass,0.92,Unknown,none,unknown,SME,
R003396,tablefind,2026-07-17,Tallgrass Wine Bar,1688 E Wexley Rd,Kestrel Falls,40671,,555.856.9091,https://www.tallgrasswinebar.example,Steakhouse,$$$$,3.7,1716,pass,pass,0.89,n/a,none,unknown,SME,
R003156,tablefind,2026-07-16,Quarry Bistro,2382 N Vance Rd,Verano Bay,40188,Windrow,+1 555 623 3101,https://www.quarrybistro.example,Ethiopian,$$$$,4.7,308,pass,pass,0.75,unknown,none,unknown,mid-cap,Quarry Group
R001672,civicpages,2026-07-14,Juniper Trattoria,6180 S Rivermead Blvd,Verano Bay,40325,Ferrymead,+15553151946,,Italian,$$$,4.4,1145,pass,pass,0.86,UNKNOWN,none,unknown,SME,
R001934,civicpages,2026-07-02,UNDERSTORY DINING ROOM,175 W Wexley Road,Verano Bay,40648,Templeton,+15554592619,https://www.understorydiningroom.example,French,$$,4.1,1128,pass,pass,0.77,Unknown,none,unknown,SME,
R000547,roamly,2026-07-09,Anchor Dining Room,3137 N Vance Ave,Verano Bay,40375,Harbor Point,555-531-4902,https://www.anchordiningroom.example,Japanese,$$,4.2,91,pass,pass,0.97,Cadence Station,website_fingerprint,fail,SME,
R002441,atlasmaps,2026-07-28,Warbler Juice Bar 1 Restaurant,2923 N Rivermead Ave,Verano Bay,40190,Stillwater,555-688-9840,,Steakhouse,$$$,4.5,1349,pass,fail,0.87,n/a,none,unknown,SME,
R000526,tablefind,2026-07-26,Cardinal Table - Sablewood,7200 North Tarrow Boulevard,Verano Bay,40458,Marisol,555.115.3918,https://www.cardinaltable.example,Vietnamese,$$,4.1,575,pass,pass,0.74,n/a,none,unknown,SME,
R002469,roamly,2026-07-24,Rambler Express,7974 E Lindmere Rd,Verano Bay,40422,Old Mill,+1 555 905 4856,https://www.ramblerexpress.example,Polish,$$,4.0,750,fail,fail,0.89,vellum,website_fingerprint,pass,SME,
R003139,tablefind,2026-07-08,Rosewater Wine Bar - Alder Heights,4823 E Ashfield Street,Verano Bay,40115,Marisol,555-105-0328,https://www.rosewaterwinebar.example,Peruvian,$,4.9,129,pass,pass,0.77,Ironclad,website_fingerprint,fail,mid-cap,Rosewater Group
R002632,roamly,2026-07-05,Thicket Boba,3889 E Vance Ave,Verano Bay,40521,Harbor Point,+15552738947,,Indian,$$$,3.6,1564,pass,fail,0.87,Unknown,none,unknown,SME,
R001142,dineline,2026-07-01,Marrow Smokehouse - Ferrymead,1679 North Halloway Avenue,Verano Bay,40424,Kingsway,(555) 491-0641,,Indian,$$,3.6,1745,pass,pass,0.93,,none,unknown,SME,
R001307,roamly,2026-07-06,The Cinder Cantina,6089 West Tarrow Rd,Verano Bay,40453,Cedar Cross,(555) 744-2797,https://www.cindercantina.example,French,$$$,3.8,456,pass,pass,0.76,not found,none,unknown,SME,
R001518,tablefind,2026-07-02,Marrow Steakhouse,3299 South Tarrow Rd,Verano Bay,40415,Palisade Park,5552646034,https://www.marrowsteakhouse.example,Barbecue,$$$,4.2,804,pass,pass,0.9,unknown,none,unknown,SME,
R002230,civicpages,2026-07-12,Marrow Alehouse,1875 S Ashfield Blvd,Verano Bay,40589,Corvo Heights,+1 555 467 5047,,Barbecue,$$,4.8,1989,pass,pass,0.83,-,none,unknown,SME,
R002416,atlasmaps,2026-07-07,KETTLE BOBA,3560 W Quinton Ave,Verano Bay,40662,Templeton,555.619.5226,https://www.kettleboba.example,Ethiopian,$$,4.1,1197,pass,fail,0.74,,none,unknown,SME,
R003325,dineline,2026-07-19,Marrow Table Restaurant,280 North Serra St,Verano Bay,40137,Quarry End,555-773-8524,https://www.marrowtable.example,Spanish,$,4.8,786,pass,pass,0.88,-,none,unknown,large,Marrow Inc
R001126,dineline,2026-07-16,Rookery Bistro,6659 N Rivermead Blvd,Verano Bay,40693,Miradero,(555) 316-4162,,Italian,$$,4.0,220,pass,pass,0.91,not found,none,unknown,SME,
R003202,bookwell,2026-07-06,Sparrow Chophouse,917 N Bayard Rd,Verano Bay,40419,Sablewood,+1 555 287 6202,https://www.sparrowchophouse.example,Ethiopian,$$$,3.8,1263,pass,pass,0.73,-,none,unknown,mid-cap,Sparrow Group
R000473,dineline,2026-07-22,Tidewater Supper Club - Kingsway,2154 West Quinton Boulevard,Verano Bay,40159,Old Mill,+15558946054,https://www.tidewatersupperclub.example,Barbecue,$$,4.1,652,pass,pass,0.81,Northstar POS,website_fingerprint,pass,SME,
R002719,atlasmaps,2026-07-19,Roan Boba,2389 W Fennimore St,Verano Bay,40615,Sunfield,+15557259463,https://www.roanboba.example,Mediterranean,$$,4.6,1067,pass,fail,0.85,UNKNOWN,none,unknown,SME,
R002948,bookwell,2026-07-05,Sixpence Food Truck Restaurant,6176 West Halloway Rd,Verano Bay,40231,Lantern Hill,,,Barbecue,$$$$,3.5,164,pass,fail,0.95,Unknown,none,unknown,SME,
R001257,dineline,2026-07-21,The Tidewater Alehouse,3917 E Calder Blvd,Verano Bay,40286,Palisade Park,(555) 115-9442,https://www.tidewateralehouse.example,Steakhouse,$$,4.1,1371,pass,pass,0.78,ironclad,website_fingerprint,fail,SME,
R001691,tablefind,2026-07-16,Kingfisher Cantina,6351 W Lindmere Rd,Verano Bay,40395,Miradero,5555467651,https://www.kingfishercantina.example,Steakhouse,$,4.9,852,pass,pass,0.91,Rivet,website_fingerprint,fail,SME,
R003145,civicpages,2026-07-02,Kinship Table,3795 W Vance Ave,Verano Bay,40233,Bramble Row,+15555068500,https://www.kinshiptable.example,French,$$$$,4.6,420,pass,pass,0.94,Cadence Station,website_fingerprint,fail,mid-cap,Kinship Group
R001932,tablefind,2026-07-25,Cinder Taqueria,7700 N Quinton Blvd,Verano Bay,40449,Ashgrove,+15551856681,https://www.cindertaqueria.example,Polish,$$,4.2,475,pass,pass,0.94,Unknown,none,unknown,SME,
R001447,bookwell,2026-07-26,ALDER SMOKEHOUSE,7834 North Cortez Boulevard,Verano Bay,40640,Kingsway,555.564.5975,,Greek,$$$$,4.8,1084,pass,pass,0.74,not found,none,unknown,SME,
R001246,bookwell,2026-07-03,Loam Cantina,2358 South Mallow St,Verano Bay,40631,Harbor Point,555-813-4789,,Vietnamese,$,3.6,797,pass,pass,0.92,not found,none,unknown,SME,
R001963,bookwell,2026-07-10,Tin Roof Alehouse,1754 East Quinton Street,Verano Bay,40593,Fox Hollow,(555) 422-9272,,Spanish,$,3.7,28,pass,pass,0.9,n/a,none,unknown,SME,
R000700,tablefind,2026-06-30,Nettle Cantina Verano Bay,3653 West Cortez Street,Verano Bay,40353,Windrow,+1 555 685 8158,https://www.nettlecantina.example,Korean,$$$$,3.9,1680,pass,pass,0.96,not found,none,unknown,SME,
R000089,civicpages,2026-07-28,Cardinal Taqueria - Old Mill,207 N Wexley Avenue,Verano Bay,40245,Rivera District,,https://www.cardinaltaqueria.example,Spanish,$$,3.7,1536,pass,pass,0.88,CADENCE,website_fingerprint,fail,SME,
R003349,dineline,2026-07-06,Sparrow Brasserie,6977 S Vance Ave,Verano Bay,40244,Calder Park,(555) 520-7081,https://www.sparrowbrasserie.example,Spanish,$$$,4.6,1555,pass,pass,0.79,,none,unknown,large,Sparrow Inc
R002200,dineline,2026-07-18,Inkwell Steakhouse,4703 E Quinton Ave,Verano Bay,40180,Alder Heights,555.822.8998,,Ethiopian,$$,4.3,176,pass,pass,0.82,,none,unknown,SME,
R002004,atlasmaps,2026-07-12,Kinship Osteria,275 S Quinton Ave,Verano Bay,40624,Ferrymead,+1 555 595 0885,,Contemporary,$,3.7,1072,pass,pass,0.85,n/a,none,unknown,SME,
R000862,atlasmaps,2026-07-25,Lantern Room,4580 N Rivermead St,Verano Bay,40734,Fox Hollow,555-945-1594,https://www.lanternroom.example,Indian,$,4.7,897,pass,pass,0.81,unknown,none,unknown,SME,
R000703,tablefind,2026-07-16,Umber Taqueria,2084 S Vance Blvd,Verano Bay,40797,Corvo Heights,+1 555 673 5625,https://www.umbertaqueria.example,Spanish,$$$,4.7,663,pass,pass,0.87,-,none,unknown,SME,
R001454,roamly,2026-07-28,Motherland Trattoria,7452 S Vance Ave,Verano Bay,40289,Sunfield,+15552397098,https://www.motherlandtrattoria.example,Spanish,$,4.5,1177,pass,pass,0.84,Cadence,website_fingerprint,fail,SME,
R003274,civicpages,2026-07-06,Cobalt Taqueria,5683 E Serra Blvd,Verano Bay,40768,Windrow,+1 555 242 1700,https://www.cobalttaqueria.example,Vietnamese,$$$$,4.4,2083,pass,pass,0.85,n/a,none,unknown,large,Cobalt Inc
R000127,bookwell,2026-07-12,Mercado Kitchen,3406 East Bayard Rd,Verano Bay,40188,Calder Park,555-491-4619,https://www.mercadokitchen.example,Indian,$$,4.5,462,pass,pass,0.84,UNKNOWN,none,unknown,SME,
R001220,civicpages,2026-07-11,Basil and Bone Trattoria,7457 E Rivermead Ave,Verano Bay,40113,Windrow,+15554209220,https://www.basilbonetrattoria.example,Italian,$$,4.3,1354,pass,pass,0.93,fernpost,website_fingerprint,fail,SME,
R000234,roamly,2026-07-25,The Dovetail Smokehouse,4562 West Bayard Road,Verano Bay,40688,Calder Park,,https://www.dovetailsmokehouse.example,Contemporary,$$,3.9,415,pass,pass,0.97,Cadence POS,website_fingerprint,fail,SME,
R003430,bookwell,2026-07-26,The Cinder Supper Club,1094 N Cortez Road,Northmoor,40673,,+15557944989,https://www.cindersupperclub.example,Japanese,$$$,4.8,880,pass,pass,0.82,UNKNOWN,none,unknown,SME,
R001641,civicpages,2026-07-20,Quarry Room,5302 E Ashfield Ave,Verano Bay,40693,Old Mill,+15558430541,https://www.quarryroom.example,Peruvian,$$$$,3.8,1347,pass,pass,0.92,UNKNOWN,none,unknown,SME,
R001545,dineline,2026-07-27,Foxglove Taqueria,1754 E Prospect Rd,Verano Bay,40798,Stillwater,5555393381,,Indian,$$$$,3.8,1491,pass,pass,0.95,UNKNOWN,none,unknown,SME,
R000037,atlasmaps,2026-07-21,Halcyon Alehouse - Ferrymead,"5503 S Mallow St, Verano Bay",Verano Bay,40622,Lantern Hill,555-545-2669,https://www.halcyonalehouse.example,Thai,$$$,4.3,1809,pass,pass,0.81,-,none,unknown,SME,Halcyon Dining
R001543,dineline,2026-07-09,Stonecutter Oyster Bar - Greenhithe,7695 West Wexley Boulevard,Verano Bay,40641,Quarry End,+15559365786,https://www.stonecutteroysterbar.example,Vietnamese,$$$,4.0,247,pass,pass,0.73,unknown,none,unknown,SME,
R002165,atlasmaps,2026-07-16,Sixpence Grill,285 S Halloway Ave,Verano Bay,40513,Rivera District,5553340549,https://www.sixpencegrill.example,Spanish,$$$$,4.4,1698,pass,pass,0.99,N/A,none,unknown,SME,
R001040,tablefind,2026-06-30,Saffron Tavern,5342 West Prospect Street,Verano Bay,40384,Bayview Flats,,https://www.saffrontavern.example,Vietnamese,$$,4.3,1536,pass,pass,0.78,not found,none,unknown,SME,
R000223,dineline,2026-07-15,Foxglove Smokehouse,7896 N Mallow Ave,Verano Bay,40484,Windrow,555-282-3650,https://www.foxglovesmokehouse.example,Italian,$$$,4.8,405,pass,pass,0.85,UNKNOWN,none,unknown,SME,
R001947,bookwell,2026-07-01,Fallowfield Table,1646 N Serra Boulevard,Verano Bay,40514,Kingsway,555-296-2646,https://www.fallowfieldtable.example,Barbecue,$$$,4.7,1669,pass,pass,0.81,n/a,none,unknown,SME,
R001775,atlasmaps,2026-07-04,RAMBLER CANTINA,7913 East Halloway Street,Verano Bay,40235,Lantern Hill,+1 555 223 4047,https://www.ramblercantina.example,Steakhouse,$$,4.3,145,pass,pass,0.79,unknown,none,unknown,SME,
R002859,dineline,2026-07-02,Kinship Boba,5944 N Ashfield Ave,Verano Bay,40361,Stillwater,555-543-9711,,Thai,$$,4.3,666,pass,fail,0.77,UNKNOWN,none,unknown,SME,
R002000,roamly,2026-07-01,Rambler Tavern - Stillwater,3685 W Cortez Street,Verano Bay,40126,Cedar Cross,+1 555 494 2134,https://www.ramblertavern.example,Barbecue,$$$,3.6,442,pass,pass,0.86,not found,none,unknown,SME,
R001769,atlasmaps,2026-07-27,The Umber Steakhouse,4147 S Quinton Blvd,Verano Bay,40637,Marisol,+15553316769,https://www.umbersteakhouse.example,Seafood,$$$,5.0,1038,pass,pass,0.93,N/A,none,unknown,SME,
R003458,bookwell,2026-07-17,Bluebird Smokehouse,5191 N Rivermead St,Northmoor,40401,,(555) 813-6568,https://www.bluebirdsmokehouse.example,Greek,$$,4.2,1807,pass,pass,0.73,vellum,website_fingerprint,pass,SME,
R003342,civicpages,2026-07-28,Warbler Kitchen,464 N Rivermead St,Verano Bay,40538,Miradero,(555) 126-4801,https://www.warblerkitchen.example,Ethiopian,$$,4.2,1238,pass,pass,0.87,UNKNOWN,none,unknown,large,Warbler Inc
R000727,civicpages,2026-07-23,Inkwell Brasserie,2852 East Halloway Ave,Verano Bay,40270,Kingsway,(555) 287-7152,https://www.inkwellbrasserie.example,Thai,$$$,4.8,226,pass,pass,0.73,,none,unknown,SME,
R000478,bookwell,2026-07-22,Sorrel Room,4959 W Vance Rd,Verano Bay,40548,Fox Hollow,555-369-5941,https://www.sorrelroom.example,Steakhouse,$$$,3.9,141,pass,pass,0.95,N/A,none,unknown,SME,
R000865,bookwell,2026-07-26,Olive & Ash Bistro,6670 W Cortez Blvd,Verano Bay,40742,Rivera District,+15552048120,https://www.oliveashbistro.example,Spanish,$$$,4.0,739,pass,pass,0.94,,none,unknown,SME,
R001751,tablefind,2026-07-09,The Anchor Chophouse,6397 East Quinton Avenue,Verano Bay,40242,Sablewood,5553545186,https://www.anchorchophouse.example,Korean,$$$$,3.3,1490,pass,pass,0.81,Cadence,website_fingerprint,fail,SME,
R001218,civicpages,2026-07-13,Kinship Room - Miradero,5103 N Prospect Ave,Verano Bay,40599,Miradero,5559274700,https://www.kinshiproom.example,Mexican,$,3.8,1657,pass,pass,0.96,UNKNOWN,none,unknown,SME,
R000675,roamly,2026-07-17,Sixpence Supper Club,1620 W Tarrow Ave,Verano Bay,40692,Harbor Point,555.939.0609,https://www.sixpencesupperclub.example,Greek,$$$,4.5,1571,pass,pass,0.89,-,none,unknown,SME,
R001582,civicpages,2026-07-23,Zephyr Alehouse Restaurant,4474 E Rivermead Ave,Verano Bay,40204,Bayview Flats,+1 555 784 6767,https://www.zephyralehouse.example,Greek,$$,3.6,525,pass,pass,0.87,N/A,none,unknown,SME,
R000358,atlasmaps,2026-07-06,Basil & Bone Taqueria,7173 S Fennimore Blvd,Verano Bay,40635,Sunfield,+1 555 713 8013,https://www.basilbonetaqueria.example,Ethiopian,$$,4.3,873,pass,pass,0.79,Unknown,none,unknown,SME,
R001379,dineline,2026-07-15,Sparrow Osteria,7264 W Tarrow Ave,Verano Bay,40398,Windrow,5558477646,https://www.sparrowosteria.example,Korean,$$$$,3.8,803,pass,pass,0.94,Cadence Mini,website_fingerprint,fail,SME,
R000857,atlasmaps,2026-07-09,Fallowfield Kitchen,575 S Bayard Rd,Verano Bay,40544,Old Mill,555-874-1796,https://www.fallowfieldkitchen.example,Spanish,$$,3.5,760,pass,pass,0.95,not found,none,unknown,SME,
R003226,atlasmaps,2026-06-30,Larkspur Room - Calder Park,6412 W Ashfield Boulevard,Verano Bay,40359,Bayview Flats,5558719127,https://www.larkspurroom.example,Vietnamese,$$$$,4.1,791,pass,pass,0.9,Vellum Restaurant,website_fingerprint,pass,mid-cap,Larkspur Group
R002431,dineline,2026-07-12,Redbird Counter,334 S Wexley Ave,Verano Bay,40764,Palisade Park,+1 555 662 8035,https://www.redbirdcounter.example,Italian,$$$,3.7,1229,fail,fail,0.8,UNKNOWN,none,unknown,SME,
R002402,roamly,2026-06-30,Amber Coffee,3920 W Wexley Rd,Verano Bay,40196,Templeton,555.739.4907,https://www.ambercoffee.example,Steakhouse,$$,4.2,1260,pass,fail,0.82,N/A,none,unknown,SME,
R000440,tablefind,2026-07-21,Thicket Dining Room,2704 S Serra Ave,Verano Bay,40726,Windrow,555-178-7187,https://www.thicketdiningroom.example,Spanish,$$$,3.7,298,pass,pass,0.89,UNKNOWN,none,unknown,SME,
R002665,civicpages,2026-07-22,Copper Deli Verano Bay,3592 West Quinton Avenue,Verano Bay,40720,Sablewood,,https://www.copperdeli.example,Peruvian,$$$,3.5,497,pass,fail,0.86,-,none,unknown,SME,
R002975,atlasmaps,2026-07-15,Kettle Boba 1,1289 W Ashfield Ave,Verano Bay,40544,Templeton,555-941-8124,,Greek,$,4.5,1565,pass,fail,0.76,-,none,unknown,SME,
R002619,tablefind,2026-07-19,Lantern Food Truck,4835 W Serra Ave,Verano Bay,40292,Harbor Point,555-988-6886,https://www.lanternfoodtruck.example,Mediterranean,$,3.7,646,fail,fail,0.86,n/a,none,unknown,SME,
R002488,atlasmaps,2026-07-14,Harrow Kiosk,6772 South Prospect Street,Verano Bay,40332,Ferrymead,555-198-8874,https://www.harrowkiosk.example,Vietnamese,$$$,4.9,1597,fail,fail,0.95,-,none,unknown,SME,
R001961,bookwell,2026-07-21,Bellwether Tavern,7291 S Bayard St,Verano Bay,40439,Bramble Row,555-457-3775,,Ethiopian,$$$$,3.7,600,pass,pass,0.76,n/a,none,unknown,SME,
R002312,tablefind,2026-07-25,Warbler Juice Bar - Greenhithe,1105 W Ashfield Blvd,Verano Bay,40685,Fox Hollow,+1 555 829 9059,https://www.warblerjuicebar.example,Greek,$$,4.7,1498,pass,fail,0.78,Unknown,none,unknown,SME,
R000881,civicpages,2026-07-21,TIDEWATER DINING ROOM,2494 South Halloway Road,Verano Bay,40123,Kingsway,555-694-2624,https://www.tidewaterdiningroom.example,Italian,$$$,3.9,1183,pass,pass,0.82,unknown,none,unknown,SME,
R000290,bookwell,2026-07-13,Sparrow Dining Room,3960 E Prospect Ave,Verano Bay,40468,Sunfield,555-978-3045,,Thai,$$$$,3.4,151,pass,pass,0.84,unknown,none,unknown,SME,
R001265,tablefind,2026-07-22,Fallowfield Grill,4271 S Lindmere Blvd,Verano Bay,40327,Rivera District,+15554645566,https://www.fallowfieldgrill.example,French,$$,4.1,864,pass,pass,0.86,N/A,none,unknown,SME,
R003335,bookwell,2026-07-14,Thistle Trattoria,6646 W Lindmere Rd,Verano Bay,40268,Bayview Flats,555.931.1253,https://www.thistletrattoria.example,Mexican,$$,4.6,49,pass,pass,0.94,UNKNOWN,none,unknown,large,Thistle Inc
R000780,dineline,2026-07-25,Quill Grill,791 N Halloway Blvd,Verano Bay,40782,Greenhithe,(555) 733-8680,https://www.quillgrill.example,Japanese,$$,4.2,713,pass,pass,0.88,UNKNOWN,none,unknown,SME,
R002569,atlasmaps,2026-07-18,THICKET KIOSK,7411 E Lindmere St,Verano Bay,40795,Fox Hollow,5555102785,https://www.thicketkiosk.example,Seafood,$$$$,3.9,1414,fail,fail,0.86,not found,none,unknown,SME,
R002651,atlasmaps,2026-07-05,Marrow Sandwich Shop - Alder Heights,"7817 W Vance St, Verano Bay",Verano Bay,40657,Templeton,5552907276,https://www.marrowsandwichshop.example,Barbecue,$$$,4.6,244,pass,fail,0.73,-,none,unknown,SME,
R003090,atlasmaps,2026-07-14,Plumb Taqueria Restaurant,7445 S Calder Rd,Verano Bay,40599,Cedar Cross,5559151393,https://www.plumbtaqueria.example,Italian,$$$$,3.3,493,pass,pass,0.77,not found,none,unknown,mid-cap,Plumb Group
R001399,roamly,2026-07-07,Little Bear Supper Club,7561 N Wexley Blvd,Verano Bay,40457,Miradero,+1 555 732 7979,https://www.littlebearsupperclub.example,Ethiopian,$$$$,3.7,99,pass,pass,0.8,N/A,none,unknown,SME,
R002116,bookwell,2026-07-24,Harrow Dining Room,1511 S Halloway Blvd,Verano Bay,40301,Greenhithe,5558561170,https://www.harrowdiningroom.example,Spanish,$$$,3.9,933,pass,pass,0.9,Unknown,none,unknown,SME,
R000344,roamly,2026-07-23,Redbird Wine Bar,"4627 E Halloway Blvd, Verano Bay",Verano Bay,40325,Bayview Flats,(555) 844-4150,https://www.redbirdwinebar.example,Thai,$,3.8,1076,pass,pass,0.84,Unknown,none,unknown,SME,
R000768,tablefind,2026-07-12,Anchor Wine Bar,5526 E Bayard St,Verano Bay,40378,Sunfield,+15557913048,https://www.anchorwinebar.example,Barbecue,$$,4.4,512,pass,pass,0.74,n/a,none,unknown,SME,
R003070,bookwell,2026-07-24,Sorrel Steakhouse,7291 S Fennimore Ave,Verano Bay,40426,Corvo Heights,,https://www.sorrelsteakhouse.example,Thai,$$$,4.1,1365,pass,pass,0.77,-,none,unknown,mid-cap,Sorrel Group
R001847,civicpages,2026-07-18,Motherland Osteria,7904 East Halloway Avenue,Verano Bay,40488,Miradero,5553207694,,Indian,$$,3.3,1680,pass,pass,0.83,n/a,none,unknown,SME,
R001733,bookwell,2026-07-11,Quarry Oyster Bar,3506 W Tarrow Blvd,Verano Bay,40273,Sunfield,+1 555 365 8714,https://www.quarryoysterbar.example,Contemporary,$$,4.4,1139,pass,pass,0.8,Ironclad POS,website_fingerprint,fail,SME,
R001623,bookwell,2026-07-26,Zephyr House,1825 E Mallow St,Verano Bay,40169,Old Mill,555.605.3087,https://www.zephyrhouse.example,Mexican,$$,4.4,340,pass,pass,0.8,Cadence POS,website_fingerprint,fail,SME,
R000921,civicpages,2026-07-25,Persimmon Table,4096 W Vance Rd,Verano Bay,40143,Sunfield,+15557276182,https://www.persimmontable.example,Korean,$$$,4.5,652,pass,pass,0.73,-,none,unknown,SME,
R003173,roamly,2026-07-12,Driftwood Supper Club Verano Bay,7028 S Lindmere St,Verano Bay,40163,Lantern Hill,555-973-9616,https://www.driftwoodsupperclub.example,Korean,$$$,4.0,540,pass,pass,0.85,not found,none,unknown,mid-cap,Driftwood Group
R002501,dineline,2026-07-20,Vesper Sandwich Shop,5250 W Rivermead Blvd,Verano Bay,40398,Ferrymead,555.861.2224,https://www.vespersandwichshop.example,Indian,$$,4.0,493,fail,fail,0.96,unknown,none,unknown,SME,
R002123,atlasmaps,2026-07-12,Quill Bistro Restaurant,1817 West Bayard Boulevard,Verano Bay,40286,Calder Park,5557297537,https://www.quillbistro.example,Japanese,$$$,4.1,245,pass,pass,0.95,cadence,website_fingerprint,fail,SME,
R001291,dineline,2026-07-24,Harrow Smokehouse,1115 N Tarrow Ave,Verano Bay,40349,Quarry End,555-611-2831,https://www.harrowsmokehouse.example,Thai,$$$,4.5,1345,pass,pass,0.83,UNKNOWN,none,unknown,SME,
R000415,bookwell,2026-07-19,Fernwood Wine Bar - Bramble Row,1001 W Lindmere Road,Verano Bay,40551,Kingsway,555.994.7798,https://www.fernwoodwinebar.example,French,$,4.2,1702,pass,pass,0.82,unknown,none,unknown,SME,
R000041,roamly,2026-07-08,Prairie Chophouse - Windrow,1006 East Serra Street,Verano Bay,40511,Calder Park,5554019484,https://www.prairiechophouse.example,Greek,$$$,3.6,778,pass,pass,0.99,N/A,none,unknown,mid-cap,Prairie Table Group
R001422,civicpages,2026-07-10,Gallow Wine Bar,"5935 S Serra St, Verano Bay",Verano Bay,40457,Windrow,(555) 615-6469,https://www.gallowwinebar.example,Ethiopian,$,4.0,1681,pass,pass,0.79,unknown,none,unknown,SME,
R003423,roamly,2026-07-08,Hearth Steakhouse - Miradero,467 N Serra St,Northmoor,40267,,,https://www.hearthsteakhouse.example,French,$$$,4.8,1642,pass,pass,0.92,n/a,none,unknown,SME,
R000458,dineline,2026-07-02,Kinship Steakhouse,2740 S Fennimore Blvd,Verano Bay,40162,Palisade Park,+1 555 699 7588,https://www.kinshipsteakhouse.example,Spanish,$$,3.8,149,pass,pass,0.89,Ironclad POS,website_fingerprint,fail,SME,
R002080,dineline,2026-07-20,The Bramble Chophouse,"1836 N Rivermead St, Verano Bay",Verano Bay,40454,Rivera District,(555) 487-6390,https://www.bramblechophouse.example,Peruvian,$$,4.4,916,pass,pass,0.78,not found,none,unknown,SME,
R001451,atlasmaps,2026-06-30,Alder Table,1471 E Fennimore St,Verano Bay,40719,Sablewood,(555) 144-5820,https://www.aldertable.example,Seafood,$$$$,3.9,1299,pass,pass,0.86,ironcladpos,website_fingerprint,fail,SME,
R000628,civicpages,2026-07-05,Alder Dining Room,1667 E Fennimore Ave,Verano Bay,40770,Bayview Flats,(555) 195-8041,,Italian,$$,4.7,742,pass,pass,0.89,unknown,none,unknown,SME,
R000895,roamly,2026-07-25,Prairie Dining Room - Ashgrove,380 E Fennimore Street,Verano Bay,40642,Bayview Flats,5555787357,https://www.prairiediningroom.example,Mexican,$$,4.5,901,pass,pass,0.83,N/A,none,unknown,SME,
R001805,atlasmaps,2026-07-21,Quill Tavern,5769 N Rivermead Ave,Verano Bay,40243,Greenhithe,555.353.8769,https://www.quilltavern.example,Ethiopian,$,4.1,1104,pass,pass,0.86,Unknown,none,unknown,SME,
R000919,bookwell,2026-07-04,Harrow Room,5099 N Calder Ave,Verano Bay,40781,Templeton,555-580-2105,https://www.harrowroom.example,Ethiopian,$$,3.3,1622,pass,pass,0.91,n/a,none,unknown,SME,
R002539,dineline,2026-07-04,Motherland Sandwich Shop,1051 S Halloway Blvd,Verano Bay,40439,Kingsway,+1 555 109 3971,https://www.motherlandsandwichshop.example,Seafood,$,3.5,768,fail,fail,0.84,Unknown,none,unknown,SME,
R002031,civicpages,2026-07-21,Cobalt Trattoria,4156 N Ashfield St,Verano Bay,40752,Rivera District,555.558.7403,https://www.cobalttrattoria.example,Ethiopian,$$,3.7,710,pass,pass,0.98,Unknown,none,unknown,SME,
R002305,civicpages,2026-07-11,Hearth To Go,6375 S Fennimore Rd,Verano Bay,40424,Corvo Heights,555.758.3236,,Peruvian,$$$$,4.8,2199,pass,fail,0.75,UNKNOWN,none,unknown,SME,
R003277,dineline,2026-07-16,Warbler Supper Club,806 N Halloway Blvd,Verano Bay,40115,Miradero,555-904-2749,https://www.warblersupperclub.example,Steakhouse,$$$,4.3,605,pass,pass,0.99,Unknown,none,unknown,large,Warbler Inc
R002556,dineline,2026-07-18,Tidewater Coffee,2860 West Ashfield Boulevard,Verano Bay,40433,Lantern Hill,555-525-6517,https://www.tidewatercoffee.example,Ethiopian,$$$,4.8,2127,fail,fail,0.85,,none,unknown,SME,
R002550,bookwell,2026-07-16,Kinship Food Truck,6001 S Vance Rd,Verano Bay,40720,Calder Park,+1 555 832 1500,https://www.kinshipfoodtruck.example,Contemporary,$$$,4.0,367,pass,fail,0.97,,none,unknown,SME,
R001594,tablefind,2026-07-07,Cinder Trattoria,6842 North Wexley Blvd,Verano Bay,40556,Fox Hollow,555-183-9308,https://www.cindertrattoria.example,Mexican,$$$,3.7,502,pass,pass,0.73,not found,none,unknown,SME,
R001474,atlasmaps,2026-07-07,Anchor Cantina,1309 S Rivermead St,Verano Bay,40411,Sunfield,5551844812,https://www.anchorcantina.example,Spanish,$$,3.7,845,pass,pass,0.84,unknown,none,unknown,SME,
R000475,atlasmaps,2026-07-25,Saffron Bistro,770 S Tarrow Ave,Verano Bay,40719,Sunfield,5557762023,https://www.saffronbistro.example,French,$$$,4.4,1150,pass,pass,0.74,meridian cloud,website_fingerprint,pass,SME,
R001585,tablefind,2026-07-21,Fernwood Trattoria Restaurant,665 N Wexley Street,Verano Bay,40545,Quarry End,,,Contemporary,$$,4.1,996,pass,pass,0.81,UNKNOWN,none,unknown,SME,
R000633,tablefind,2026-07-10,Blue Heron Taqueria,7813 E Cortez Ave,Verano Bay,40751,Calder Park,+1 555 522 9877,https://www.blueherontaqueria.example,Peruvian,$$$,3.6,1074,pass,pass,0.85,not found,none,unknown,SME,
R001872,tablefind,2026-07-21,Anchor Alehouse,1238 N Vance St,Verano Bay,40328,Corvo Heights,555-442-0347,https://www.anchoralehouse.example,Thai,$$,4.5,506,pass,pass,0.79,Unknown,none,unknown,SME,
R001937,civicpages,2026-07-10,Plumb Chophouse Verano Bay,"6753 N Vance Blvd, Verano Bay",Verano Bay,40749,Quarry End,+15556749429,https://www.plumbchophouse.example,Greek,$,4.5,1049,pass,pass,0.94,-,none,unknown,SME,
R002006,dineline,2026-07-07,The Kinship Osteria,275 South Quinton Ave,Verano Bay,40104,Ferrymead,555.595.0885,,Contemporary,$,3.6,1232,pass,pass,0.74,not found,none,unknown,SME,
R000615,dineline,2026-07-12,Ember Grill,6481 E Ashfield Ave,Verano Bay,40194,Quarry End,+15554966837,https://www.embergrill.example,Korean,$$,4.8,690,pass,pass,0.73,unknown,none,unknown,SME,
R000623,atlasmaps,2026-07-28,Salt and Vine Cantina,6577 E Vance Boulevard,Verano Bay,40427,Corvo Heights,5559492127,https://www.saltvinecantina.example,Vietnamese,$$$$,4.1,908,pass,pass,0.89,IRONCLAD,website_fingerprint,fail,SME,
R001140,bookwell,2026-07-07,Marrow Smokehouse,1679 N Halloway Ave,Verano Bay,40573,Kingsway,5554910641,,Indian,$$,3.4,1970,pass,pass,0.88,UNKNOWN,none,unknown,SME,
R002494,atlasmaps,2026-07-02,Rookery Sandwich Shop,7653 W Serra Blvd,Verano Bay,40693,Rivera District,555.439.5987,https://www.rookerysandwichshop.example,Vietnamese,$$$$,4.3,1265,pass,fail,0.72,unknown,none,unknown,SME,
R001459,bookwell,2026-07-06,Larkspur Dining Room Verano Bay,3899 W Prospect St,Verano Bay,40577,Greenhithe,(555) 869-0897,https://www.larkspurdiningroom.example,Italian,$$$,4.0,1300,pass,pass,0.97,not found,none,unknown,SME,
R003171,dineline,2026-07-26,Driftwood Supper Club,7028 S Lindmere St,Verano Bay,40530,Lantern Hill,(555) 973-9616,https://www.driftwoodsupperclub.example,Korean,$$$,4.0,463,pass,pass,0.76,UNKNOWN,none,unknown,mid-cap,Driftwood Group
R002662,roamly,2026-07-08,Thicket Donuts,4330 W Prospect St,Verano Bay,40165,Cedar Cross,555-171-3594,https://www.thicketdonuts.example,Greek,$$,3.5,1627,pass,fail,0.89,,none,unknown,SME,
R002466,bookwell,2026-07-26,Roan Donuts,2029 N Halloway Boulevard,Verano Bay,40404,Windrow,555-320-4553,https://www.roandonuts.example,French,$$$,4.0,1121,pass,fail,0.95,ironcladpos,website_fingerprint,fail,SME,
R001772,tablefind,2026-07-23,Nightjar Kitchen,630 South Tarrow Street,Verano Bay,40289,Old Mill,(555) 357-4301,https://www.nightjarkitchen.example,Steakhouse,$,3.9,574,pass,pass,0.82,Rivet Pay,website_fingerprint,fail,SME,
R003472,dineline,2026-07-26,Halcyon Grill,6485 S Ashfield Ave,Kestrel Falls,40583,,555.547.1774,https://www.halcyongrill.example,Vietnamese,$$,4.6,873,pass,pass,0.8,unknown,none,unknown,SME,
R003240,civicpages,2026-07-08,Motherland Smokehouse,3552 E Mallow Ave,Verano Bay,40383,Bayview Flats,555.580.6750,https://www.motherlandsmokehouse.example,Vietnamese,$$$,4.0,361,pass,pass,0.74,UNKNOWN,none,unknown,mid-cap,Motherland Group
R000305,dineline,2026-07-05,Blue Heron Dining Room,3474 S Fennimore Blvd,Verano Bay,40775,Lantern Hill,+15557970354,https://www.blueherondiningroom.example,Barbecue,$$$,4.2,491,pass,pass,0.94,ironcladpos,website_fingerprint,fail,SME,
R000094,roamly,2026-07-05,Plumb Grill Verano Bay,277 E Vance Street,Verano Bay,40793,Fox Hollow,(555) 907-3013,https://www.plumbgrill.example,Mediterranean,$$$,3.5,1312,pass,pass,0.87,Unknown,none,unknown,SME,
R003015,atlasmaps,2026-07-15,The Nine Bridges Donuts,7144 West Tarrow St,Verano Bay,40621,Miradero,(555) 360-7687,https://www.ninebridgesdonuts.example,Spanish,$$$$,3.6,1684,pass,fail,0.94,-,none,unknown,SME,
R001309,atlasmaps,2026-07-26,Redbird Steakhouse,2884 W Cortez Street,Verano Bay,40262,Palisade Park,+15554359184,https://www.redbirdsteakhouse.example,Ethiopian,$$,3.6,2129,pass,pass,0.93,Unknown,none,unknown,SME,
R002180,atlasmaps,2026-07-24,Bramble Osteria,6332 N Calder Ave,Verano Bay,40713,Palisade Park,555.208.1551,,Greek,$,3.7,1964,pass,pass,0.88,n/a,none,unknown,SME,
R002286,civicpages,2026-07-24,Redbird Boba Restaurant,4902 E Bayard Blvd,Verano Bay,40796,Bayview Flats,+1 555 977 2174,https://www.redbirdboba.example,Contemporary,$$,4.8,232,pass,fail,0.79,Salt Box,website_fingerprint,fail,SME,
R003444,civicpages,2026-06-30,Oxbow Tavern,6159 N Fennimore St,Kestrel Falls,40180,,555-526-4083,https://www.oxbowtavern.example,Spanish,$,4.0,2121,pass,pass,0.97,not found,none,unknown,SME,
R001865,atlasmaps,2026-07-27,Violet Alehouse,2010 N Ashfield St,Verano Bay,40241,Old Mill,555.486.6815,https://www.violetalehouse.example,Italian,$,4.7,415,pass,pass,0.8,Ironclad,website_fingerprint,fail,SME,
R003489,tablefind,2026-07-17,Quarry Alehouse,5803 W Lindmere Ave,Northmoor,40332,,+15556455058,https://www.quarryalehouse.example,Polish,$$$$,4.1,1942,pass,pass,0.95,,none,unknown,SME,
R001674,tablefind,2026-07-05,Juniper Trattoria,6180 S Rivermead Blvd,Verano Bay,40430,Ferrymead,(555) 315-1946,,Italian,$$$,4.7,1234,pass,pass,0.78,Unknown,none,unknown,SME,
R001796,bookwell,2026-07-15,Cardinal Kitchen,844 South Mallow Boulevard,Verano Bay,40465,Ashgrove,+15554803326,https://www.cardinalkitchen.example,Thai,$,3.6,673,pass,pass,0.89,n/a,none,unknown,SME,
R000604,dineline,2026-07-26,Kettle Bistro,507 E Calder Blvd,Verano Bay,40752,Rivera District,555.875.6929,https://www.kettlebistro.example,Indian,$$$$,3.4,1705,pass,pass,0.73,Orbit POS,website_fingerprint,pass,SME,
R002797,tablefind,2026-07-02,VERDE CAFE,"2759 E Lindmere St, Verano Bay",Verano Bay,40185,Sunfield,+1 555 330 5824,https://www.verdecafe.example,Indian,$$$,3.6,238,fail,fail,0.86,UNKNOWN,none,unknown,SME,
R001682,civicpages,2026-07-01,THICKET SUPPER CLUB,"1792 W Prospect St, Verano Bay",Verano Bay,40529,Sunfield,(555) 803-5534,https://www.thicketsupperclub.example,French,$$$$,3.8,1257,pass,pass,0.99,,none,unknown,SME,
R001511,dineline,2026-07-26,Zephyr Trattoria,7891 S Wexley St,Verano Bay,40452,Rivera District,555-225-1854,https://www.zephyrtrattoria.example,French,$$$,4.1,824,pass,pass,0.94,Cadence Station,website_fingerprint,fail,SME,
R000606,dineline,2026-06-30,The Fernwood Kitchen,5486 West Tarrow Avenue,Verano Bay,40359,Fox Hollow,5552903400,https://www.fernwoodkitchen.example,Barbecue,$$,4.2,325,pass,pass,0.75,Ironclad POS,website_fingerprint,fail,SME,
R002903,atlasmaps,2026-07-25,Inkwell Food Truck,5111 S Quinton St,Verano Bay,40577,Bayview Flats,(555) 815-3619,https://www.inkwellfoodtruck.example,Polish,$$,3.5,130,fail,fail,0.86,unknown,none,unknown,SME,
R001074,dineline,2026-07-06,Plumb Osteria Verano Bay,5975 N Rivermead Rd,Verano Bay,40537,Cedar Cross,+1 555 611 8854,https://www.plumbosteria.example,Seafood,$,3.6,700,pass,pass,0.92,n/a,none,unknown,SME,
R000873,tablefind,2026-07-13,Umber Cantina,6380 N Vance St,Verano Bay,40743,Corvo Heights,(555) 744-0163,https://www.umbercantina.example,Peruvian,$$$,3.6,1298,pass,pass,0.82,,none,unknown,SME,
R002046,bookwell,2026-07-17,Bluebird Brasserie,7032 W Vance St,Verano Bay,40797,Miradero,555.616.7261,,Korean,$,4.2,931,pass,pass,0.75,unknown,none,unknown,SME,
R002212,roamly,2026-07-28,Vesper Trattoria,"3173 S Vance Rd, Verano Bay",Verano Bay,40465,Corvo Heights,+15559993782,https://www.vespertrattoria.example,Thai,$$$$,3.7,140,pass,pass,0.91,N/A,none,unknown,SME,
R002086,dineline,2026-07-08,Salt & Vine Wine Bar,1845 E Rivermead St,Verano Bay,40260,Cedar Cross,555.731.7493,https://www.saltvinewinebar.example,Polish,$$,3.7,351,pass,pass,0.75,Unknown,none,unknown,SME,
R002063,bookwell,2026-07-25,Verde Taqueria,2280 S Tarrow Rd,Verano Bay,40725,Old Mill,555-439-0610,https://www.verdetaqueria.example,Japanese,$$$$,4.3,92,pass,pass,0.92,n/a,none,unknown,SME,
R000531,bookwell,2026-07-09,Marigold Oyster Bar,5208 W Fennimore St,Verano Bay,40626,Palisade Park,+1 555 910 7149,,Seafood,$,3.8,1370,pass,pass,0.86,,none,unknown,SME,
R002950,atlasmaps,2026-07-24,Thicket Juice Bar,293 W Quinton Blvd,Verano Bay,40652,Old Mill,555-571-0374,https://www.thicketjuicebar.example,Steakhouse,$$$,3.9,293,fail,fail,0.79,n/a,none,unknown,SME,
R001120,roamly,2026-07-04,Violet Taqueria,3048 W Bayard Ave,Verano Bay,40618,Ferrymead,(555) 669-4701,,Ethiopian,$$,4.9,1746,pass,pass,0.72,N/A,none,unknown,SME,
R001540,roamly,2026-07-03,The Quill Supper Club,4113 North Lindmere Boulevard,Verano Bay,40503,Miradero,555.216.5580,,Vietnamese,$$,3.6,900,pass,pass,0.94,unknown,none,unknown,SME,
R002928,civicpages,2026-07-11,Halcyon Kiosk,6228 S Lindmere Rd,Verano Bay,40779,Bramble Row,+15552299480,https://www.halcyonkiosk.example,Indian,$$$$,4.7,2069,pass,fail,0.93,Cadence Station,website_fingerprint,fail,SME,
R001821,roamly,2026-07-09,Redbird Chophouse Restaurant,4983 North Wexley Rd,Verano Bay,40421,Lantern Hill,555-746-8259,https://www.redbirdchophouse.example,Italian,$$$$,4.3,542,pass,pass,0.94,n/a,none,unknown,SME,
R003204,dineline,2026-07-05,Alder Wine Bar,3708 N Prospect St,Verano Bay,40425,Alder Heights,(555) 886-3833,https://www.alderwinebar.example,Italian,$$,4.2,940,pass,pass,0.88,Meridian Cloud,website_fingerprint,pass,mid-cap,Alder Group
R001921,tablefind,2026-07-25,Cinder Tavern,5710 West Wexley Ave,Verano Bay,40419,Ferrymead,+15559665026,https://www.cindertavern.example,Barbecue,$$$,4.0,1646,pass,pass,0.82,n/a,none,unknown,SME,
R000392,civicpages,2026-07-16,Thistle Table,5738 S Tarrow Blvd,Verano Bay,40407,Fox Hollow,5551110904,,Thai,$$$,3.6,1533,pass,pass,0.95,n/a,none,unknown,SME,
R001535,roamly,2026-07-23,Magpie Trattoria,2365 S Wexley Ave,Verano Bay,40347,Harbor Point,+1 555 446 9376,https://www.magpietrattoria.example,French,$$$,3.5,404,pass,pass,0.87,Ironclad,website_fingerprint,fail,SME,
R001580,bookwell,2026-07-11,Alder Kitchen,1605 E Lindmere Rd,Verano Bay,40721,Kingsway,+15552004732,https://www.alderkitchen.example,Peruvian,$$$,4.4,727,pass,pass,0.87,unknown,none,unknown,SME,
R002897,atlasmaps,2026-07-09,Hearth Creamery,1791 W Bayard Ave,Verano Bay,40291,Ferrymead,(555) 441-1868,,Spanish,$$$,4.8,1247,fail,fail,0.83,N/A,none,unknown,SME,
R003165,tablefind,2026-07-10,The Bluebird Dining Room,1982 West Serra Ave,Verano Bay,40718,Bayview Flats,5552448281,https://www.bluebirddiningroom.example,Indian,$$,3.5,1052,pass,pass,0.77,Unknown,none,unknown,mid-cap,Bluebird Group
R002676,tablefind,2026-07-05,Copper Donuts,6548 E Halloway Rd,Verano Bay,40632,Corvo Heights,(555) 370-4609,https://www.copperdonuts.example,Barbecue,$$,3.9,1465,pass,fail,0.97,,none,unknown,SME,
R001498,bookwell,2026-07-12,Wildwood Wine Bar,197 S Quinton Rd,Verano Bay,40252,Kingsway,(555) 214-8526,https://www.wildwoodwinebar.example,Polish,$,4.6,836,pass,pass,0.84,Northstar POS,website_fingerprint,pass,SME,
R002657,bookwell,2026-07-15,Gallow Bakery Verano Bay,129 S Tarrow Blvd,Verano Bay,40730,Lantern Hill,5555928004,https://www.gallowbakery.example,Indian,$$$,4.1,1552,pass,fail,0.87,unknown,none,unknown,SME,
R001060,tablefind,2026-07-19,Hearth Tavern,6880 E Halloway St,Verano Bay,40355,Corvo Heights,555-213-0445,https://www.hearthtavern.example,Mediterranean,$$,4.0,714,pass,pass,0.75,Orbit POS,website_fingerprint,pass,SME,
R001683,dineline,2026-07-26,Thicket Supper Club,"1792 W Prospect St, Verano Bay",Verano Bay,40760,Sunfield,555.803.5534,https://www.thicketsupperclub.example,French,$$$$,3.6,1579,pass,pass,0.95,Cadence Station,website_fingerprint,fail,SME,
R002453,civicpages,2026-07-21,Wildwood Kiosk Verano Bay,3516 N Quinton Road,Verano Bay,40760,Kingsway,555-425-3493,,Vietnamese,$$$,4.0,1785,fail,fail,0.9,-,none,unknown,SME,
R002195,bookwell,2026-06-30,Little Bear Dining Room,7250 W Quinton Blvd,Verano Bay,40558,Stillwater,(555) 843-7792,https://www.littlebeardiningroom.example,Polish,$$$,4.6,330,pass,pass,0.74,Unknown,none,unknown,SME,
R002725,atlasmaps,2026-07-19,Oxbow Bakery,6105 W Serra Rd,Verano Bay,40719,Sablewood,(555) 995-2330,,Vietnamese,$$$,4.8,867,fail,fail,0.9,UNKNOWN,none,unknown,SME,
R003142,bookwell,2026-07-01,Silverfin Grill,4218 S Bayard Rd,Verano Bay,40127,Stillwater,,https://www.silverfingrill.example,Steakhouse,$$,4.3,935,pass,pass,0.76,n/a,none,unknown,mid-cap,Silverfin Group
R001435,atlasmaps,2026-07-26,Magpie Oyster Bar,4255 W Halloway Ave,Verano Bay,40798,Greenhithe,5551438322,https://www.magpieoysterbar.example,Peruvian,$$$$,3.4,1248,pass,pass,0.86,UNKNOWN,none,unknown,SME,
R000597,civicpages,2026-07-04,Loam Chophouse,7055 S Mallow Rd,Verano Bay,40695,Kingsway,5557280731,https://www.loamchophouse.example,Korean,$$,3.5,445,pass,pass,0.83,n/a,none,unknown,SME,
R003380,atlasmaps,2026-07-07,Golden Hour Brasserie,283 N Halloway Ave,Port Adair,40513,,555-251-8604,https://www.goldenhourbrasserie.example,Korean,$$$,4.3,1885,pass,pass,0.73,Bluecrest,website_fingerprint,pass,SME,
R003331,civicpages,2026-07-05,Olive & Ash Wine Bar,"3009 E Serra Rd, Verano Bay",Verano Bay,40351,Fox Hollow,555-685-9359,https://www.oliveashwinebar.example,Thai,$,4.5,406,pass,pass,0.96,-,none,unknown,large,Olive Inc
R001066,tablefind,2026-07-14,Basil & Bone Bistro - Quarry End,381 West Bayard Boulevard,Verano Bay,40120,Alder Heights,555-704-6949,,Thai,$$$,3.6,1646,pass,pass,0.8,not found,none,unknown,SME,
R000178,tablefind,2026-07-09,Redbird Alehouse,4936 E Bayard Blvd,Verano Bay,40136,Kingsway,555-180-2130,https://www.redbirdalehouse.example,Peruvian,$$$,4.4,566,pass,pass,0.87,n/a,none,unknown,SME,
R000331,dineline,2026-07-01,TIDEWATER STEAKHOUSE,3869 W Bayard Ave,Verano Bay,40767,Miradero,(555) 336-7676,,Ethiopian,$,3.8,1792,pass,pass,0.86,not found,none,unknown,SME,
R003044,tablefind,2026-07-16,Kinship Creamery 1 2,367 S Halloway Blvd,Verano Bay,40419,Marisol,+15554537817,https://www.kinshipcreamery12.example,Barbecue,$$,3.5,1079,pass,fail,0.97,n/a,none,unknown,SME,
R002186,roamly,2026-07-01,Gallow Bistro,5045 N Ashfield Rd,Verano Bay,40524,Lantern Hill,5555468797,https://www.gallowbistro.example,French,$$$,3.6,87,pass,pass,0.81,Unknown,none,unknown,SME,
R002132,civicpages,2026-07-18,Ironwood Tavern Restaurant,5473 N Wexley Boulevard,Verano Bay,40617,Corvo Heights,,https://www.ironwoodtavern.example,Steakhouse,$$,4.0,1569,pass,pass,0.78,not found,none,unknown,SME,
R001230,civicpages,2026-07-10,Wildwood Chophouse,1479 W Prospect Rd,Verano Bay,40173,Stillwater,5556266371,https://www.wildwoodchophouse.example,Korean,$$,3.6,636,pass,pass,0.87,Unknown,none,unknown,SME,
R003271,civicpages,2026-07-22,Harrow Cantina,7267 W Ashfield Boulevard,Verano Bay,40207,Cedar Cross,(555) 943-7668,https://www.harrowcantina.example,Greek,$$,3.4,1710,pass,pass,0.81,not found,none,unknown,large,Harrow Inc
R002700,civicpages,2026-07-27,Jackdaw Express,2467 E Cortez St,Verano Bay,40500,Windrow,(555) 701-5058,,Mediterranean,$$$$,3.6,805,fail,fail,0.97,UNKNOWN,none,unknown,SME,
R000191,civicpages,2026-07-19,Bluebird Kitchen,"4386 N Ashfield Rd, Verano Bay",Verano Bay,40431,Templeton,+15551971152,https://www.bluebirdkitchen.example,Seafood,$$$$,3.6,492,pass,pass,0.73,ironcladpos,website_fingerprint,fail,SME,
R002508,civicpages,2026-06-30,Larkspur Smoothie,4164 E Ashfield Ave,Verano Bay,40490,Stillwater,+15557829731,https://www.larkspursmoothie.example,French,$$,4.8,1763,pass,fail,0.8,northstar,website_fingerprint,pass,SME,
R001800,civicpages,2026-07-15,Wren Taqueria,6221 N Serra St,Verano Bay,40600,Ferrymead,555.276.1243,https://www.wrentaqueria.example,Mediterranean,$$,4.9,1328,pass,pass,0.92,Saltbox,website_fingerprint,fail,SME,
R002443,dineline,2026-07-24,Loam Sandwich Shop,3427 S Prospect Rd,Verano Bay,40280,Quarry End,5558706534,https://www.loamsandwichshop.example,Indian,$$$$,4.1,224,pass,fail,0.81,unknown,none,unknown,SME,
R002146,roamly,2026-07-02,Fallowfield Trattoria,2831 E Prospect Ave,Verano Bay,40230,Kingsway,(555) 258-2067,https://www.fallowfieldtrattoria.example,Thai,$$$,4.7,394,pass,pass,0.92,Unknown,none,unknown,SME,
R000607,atlasmaps,2026-06-30,FERNWOOD KITCHEN,"5486 W Tarrow Ave, Verano Bay",Verano Bay,40127,Fox Hollow,555-290-3400,https://www.fernwoodkitchen.example,Barbecue,$$,3.9,444,pass,pass,0.74,ironcladpos,website_fingerprint,fail,SME,
R002225,atlasmaps,2026-07-18,Gallow Chophouse,2070 East Serra St,Verano Bay,40560,Greenhithe,(555) 498-6160,,Steakhouse,$$$,3.8,611,pass,pass,0.98,-,none,unknown,SME,
R000455,civicpages,2026-07-17,Oxbow Wine Bar,5992 E Ashfield St,Verano Bay,40651,Alder Heights,555-172-4615,https://www.oxbowwinebar.example,French,$,4.1,1514,pass,pass,0.82,northstar,website_fingerprint,pass,SME,
R000652,atlasmaps,2026-07-20,Tallgrass Brasserie,4600 N Prospect Rd,Verano Bay,40599,Cedar Cross,(555) 957-7509,https://www.tallgrassbrasserie.example,Mexican,$$$,4.6,1253,pass,pass,0.88,-,none,unknown,SME,
R002671,atlasmaps,2026-07-15,REDBIRD CREAMERY 1,"1961 W Calder Ave, Verano Bay",Verano Bay,40325,Templeton,+1 555 233 7802,https://www.redbirdcreamery1.example,Thai,$$$,4.3,310,fail,fail,0.84,Northstar POS,website_fingerprint,pass,SME,
R001147,roamly,2026-07-02,NINE BRIDGES TAVERN,6278 North Fennimore Road,Verano Bay,40428,Fox Hollow,+1 555 492 4989,https://www.ninebridgestavern.example,Steakhouse,$$$,3.7,1678,pass,pass,0.79,-,none,unknown,SME,
R001811,civicpages,2026-07-03,Thicket Steakhouse,2483 W Lindmere Blvd,Verano Bay,40785,Alder Heights,555.554.1251,https://www.thicketsteakhouse.example,Seafood,$,4.4,694,pass,pass,0.89,n/a,none,unknown,SME,
R001322,civicpages,2026-07-07,The Tin Roof Wine Bar,5532 East Serra Avenue,Verano Bay,40714,Alder Heights,+15559528676,https://www.tinroofwinebar.example,Greek,$$$,4.8,2004,pass,pass,0.94,UNKNOWN,none,unknown,SME,
R000114,atlasmaps,2026-07-26,Rambler Osteria,3370 S Cortez Rd,Verano Bay,40669,Rivera District,+1 555 198 5829,https://www.ramblerosteria.example,Japanese,$,4.1,709,pass,pass,0.93,cadence,website_fingerprint,fail,SME,
R001241,bookwell,2026-07-21,Violet Osteria,7670 East Prospect Rd,Verano Bay,40766,Old Mill,+15557552562,https://www.violetosteria.example,French,$$$,3.5,1503,pass,pass,0.93,Unknown,none,unknown,SME,
R000422,dineline,2026-07-04,Thistle Room,669 E Wexley Rd,Verano Bay,40618,Greenhithe,5552784765,https://www.thistleroom.example,Peruvian,$$$,4.3,205,pass,pass,0.91,n/a,none,unknown,SME,
R002526,tablefind,2026-07-05,Basil and Bone Smoothie,463 W Serra Boulevard,Verano Bay,40375,Marisol,,https://www.basilbonesmoothie.example,Barbecue,$$,4.0,463,pass,fail,0.79,unknown,none,unknown,SME,
R000362,dineline,2026-06-30,Cardinal Trattoria,2469 S Rivermead St,Verano Bay,40638,Miradero,5559319919,https://www.cardinaltrattoria.example,Greek,$$$$,4.6,1349,pass,pass,0.91,-,none,unknown,SME,
R000301,civicpages,2026-07-20,The Magpie Steakhouse,6636 West Calder Ave,Verano Bay,40482,Calder Park,(555) 135-9326,https://www.magpiesteakhouse.example,Mediterranean,$$,4.1,352,pass,pass,0.88,UNKNOWN,none,unknown,SME,
R001746,dineline,2026-07-12,Pike Cantina - Quarry End,376 East Lindmere Blvd,Verano Bay,40630,Cedar Cross,555-484-7090,https://www.pikecantina.example,Mexican,$$$,4.6,452,pass,pass,0.89,ORBIT,website_fingerprint,pass,SME,
R000545,tablefind,2026-07-22,Harrow Kitchen Restaurant,"379 W Prospect Blvd, Verano Bay",Verano Bay,40786,Stillwater,+1 555 716 0675,https://www.harrowkitchen.example,Thai,$,3.6,1385,pass,pass,0.79,N/A,none,unknown,SME,
R000635,tablefind,2026-07-15,Foxglove House - Stillwater,2737 N Fennimore Boulevard,Verano Bay,40433,Ferrymead,(555) 330-5692,,Indian,$$,3.7,453,pass,pass,0.78,not found,none,unknown,SME,
R003063,bookwell,2026-07-07,Marigold Cafe 1,2639 W Lindmere Blvd,Verano Bay,40242,Marisol,+1 555 936 5047,https://www.marigoldcafe1.example,French,$$$,3.6,1942,fail,fail,0.92,UNKNOWN,none,unknown,SME,
R003102,tablefind,2026-07-04,Inkwell Dining Room,7836 E Mallow Rd,Verano Bay,40626,Windrow,(555) 333-1445,https://www.inkwelldiningroom.example,Korean,$$,4.0,353,pass,pass,0.86,not found,none,unknown,mid-cap,Inkwell Group
R002588,civicpages,2026-07-19,Dovetail Cafe,5618 W Quinton St,Verano Bay,40308,Stillwater,(555) 520-0975,https://www.dovetailcafe.example,French,$$,4.3,949,fail,fail,0.77,-,none,unknown,SME,
R001912,tablefind,2026-07-21,Foxglove Tavern Restaurant,"1908 N Calder Ave, Verano Bay",Verano Bay,40687,Templeton,5556019822,https://www.foxglovetavern.example,Thai,$$,4.0,828,pass,pass,0.81,rivet,website_fingerprint,fail,SME,
R001884,dineline,2026-07-05,Thicket Cantina,1046 E Wexley St,Verano Bay,40192,Ashgrove,555-308-9172,https://www.thicketcantina.example,Japanese,$$,4.1,2056,pass,pass,0.76,-,none,unknown,SME,
R001380,civicpages,2026-07-16,Sparrow Osteria - Sunfield,7264 West Tarrow Avenue,Verano Bay,40237,Windrow,555-847-7646,https://www.sparrowosteria.example,Korean,$$$$,4.1,704,pass,pass,0.86,,none,unknown,SME,
R001000,roamly,2026-07-24,Foxtail Table,6682 N Vance St,Verano Bay,40407,Lantern Hill,555.851.0642,,Indian,$$,4.9,1154,pass,pass,0.83,n/a,none,unknown,SME,
R002264,atlasmaps,2026-07-09,GALLOW EXPRESS,472 S Calder Street,Verano Bay,40491,Kingsway,+1 555 988 6459,,Seafood,$$,4.1,346,pass,fail,0.99,not found,none,unknown,SME,
R000947,bookwell,2026-07-11,Juniper Steakhouse Verano Bay,1413 East Bayard Blvd,Verano Bay,40159,Windrow,5556952761,https://www.junipersteakhouse.example,Korean,$$$,4.0,1088,pass,pass,0.74,not found,none,unknown,SME,
R001221,civicpages,2026-07-28,Lantern Brasserie,7848 W Cortez St,Verano Bay,40375,Greenhithe,5557964799,https://www.lanternbrasserie.example,Barbecue,$$$,4.3,1284,pass,pass,0.96,Salt Box,website_fingerprint,fail,SME,
R001413,dineline,2026-07-27,Yarrow Wine Bar,390 S Wexley St,Verano Bay,40135,Corvo Heights,(555) 439-7505,https://www.yarrowwinebar.example,Italian,$$$,4.5,1274,pass,pass,0.93,n/a,none,unknown,SME,
R003344,tablefind,2026-07-14,Alder Trattoria,6511 N Cortez Rd,Verano Bay,40558,Cedar Cross,(555) 289-8870,https://www.aldertrattoria.example,Mediterranean,$,3.8,1734,pass,pass,0.93,n/a,none,unknown,large,Alder Inc
R000325,atlasmaps,2026-07-22,Bluebird Taqueria,2581 E Vance Blvd,Verano Bay,40669,Marisol,555-565-8909,https://www.bluebirdtaqueria.example,Ethiopian,$$,4.5,689,pass,pass,0.84,UNKNOWN,none,unknown,SME,
R002861,bookwell,2026-06-30,Kinship Boba Verano Bay,5944 North Ashfield Avenue,Verano Bay,40625,Stillwater,555-543-9711,,Thai,$$,4.7,679,pass,fail,0.74,not found,none,unknown,SME,
R002930,dineline,2026-07-28,Magpie Kiosk,1827 E Calder Ave,Verano Bay,40318,Alder Heights,555-377-2256,,Barbecue,$$,4.2,52,fail,fail,0.97,Unknown,none,unknown,SME,
R002478,civicpages,2026-06-30,Kinship Creamery - Miradero,"148 W Quinton St, Verano Bay",Verano Bay,40256,Bramble Row,+1 555 633 6290,,Ethiopian,$$,4.6,794,fail,fail,0.73,-,none,unknown,SME,
R002694,dineline,2026-07-09,Sable Juice Bar,222 S Cortez Rd,Verano Bay,40445,Fox Hollow,+15557989043,,Seafood,$$$,4.2,28,pass,fail,0.75,n/a,none,unknown,SME,
R000618,atlasmaps,2026-07-28,Nine Bridges Dining Room,176 W Cortez Rd,Verano Bay,40631,Marisol,+1 555 772 5087,https://www.ninebridgesdiningroom.example,Ethiopian,$$$,3.3,702,pass,pass,0.85,,none,unknown,SME,
R001823,atlasmaps,2026-07-19,Tin Roof Cantina - Windrow,1698 West Halloway Road,Verano Bay,40322,Windrow,555.250.5310,,Korean,$$,3.6,371,pass,pass,0.98,,none,unknown,SME,
R001103,tablefind,2026-07-01,Redbird Taqueria,7735 N Bayard Ave,Verano Bay,40144,Harbor Point,555-205-1354,https://www.redbirdtaqueria.example,French,$,4.7,595,pass,pass,0.87,CADENCE,website_fingerprint,fail,SME,
R002837,dineline,2026-07-01,Hearth Food Truck,5580 W Cortez St,Verano Bay,40791,Harbor Point,+15552090782,https://www.hearthfoodtruck.example,Italian,$,4.2,130,pass,fail,0.81,Ironclad,website_fingerprint,fail,SME,
R003082,atlasmaps,2026-06-30,PERSIMMON TRATTORIA,1339 N Bayard Ave,Verano Bay,40788,Calder Park,5552047630,https://www.persimmontrattoria.example,Thai,$$$$,3.4,821,pass,pass,0.73,,none,unknown,mid-cap,Persimmon Group
R002970,civicpages,2026-07-09,Verde Cafe 1,7754 N Prospect Blvd,Verano Bay,40744,Greenhithe,(555) 339-6830,https://www.verdecafe1.example,Japanese,$$$,4.1,59,pass,fail,0.73,-,none,unknown,SME,
R002382,civicpages,2026-07-08,The Vesper Juice Bar,4553 E Ashfield Road,Verano Bay,40485,Ferrymead,+15554913725,,Thai,$,3.5,1348,fail,fail,0.96,Unknown,none,unknown,SME,
R001344,roamly,2026-07-16,Zephyr Brasserie,1595 W Bayard Ave,Verano Bay,40304,Marisol,+1 555 748 2588,https://www.zephyrbrasserie.example,Indian,$$$,4.3,672,pass,pass,0.96,UNKNOWN,none,unknown,SME,
R001485,atlasmaps,2026-07-02,Marrow Trattoria,4479 W Rivermead Rd,Verano Bay,40750,Cedar Cross,555-252-0315,https://www.marrowtrattoria.example,Seafood,$$$,3.2,548,pass,pass,0.74,n/a,none,unknown,SME,
R002420,dineline,2026-07-10,The Inkwell Express,380 South Fennimore Road,Verano Bay,40159,Cedar Cross,(555) 239-8856,https://www.inkwellexpress.example,Steakhouse,$$$$,4.3,1650,fail,fail,0.98,n/a,none,unknown,SME,
R003054,tablefind,2026-07-19,Harrow Coffee,3609 East Prospect Avenue,Verano Bay,40306,Bayview Flats,555-836-7190,https://www.harrowcoffee.example,Vietnamese,$$$,4.3,912,pass,fail,0.83,Unknown,none,unknown,SME,
R001418,bookwell,2026-07-15,VESPER TAVERN,5772 North Fennimore St,Verano Bay,40786,Bayview Flats,+1 555 757 9028,https://www.vespertavern.example,Korean,$$,4.3,1352,pass,pass,0.81,-,none,unknown,SME,
R002726,dineline,2026-07-21,Nightjar Juice Bar,3630 S Fennimore St,Verano Bay,40772,Marisol,+15556973352,,Mediterranean,$$$,3.6,668,fail,fail,0.97,unknown,none,unknown,SME,
R000621,civicpages,2026-07-15,Salt & Vine Cantina,6577 E Vance Blvd,Verano Bay,40793,Corvo Heights,,https://www.saltvinecantina.example,Vietnamese,$$$$,4.3,1352,pass,pass,0.95,UNKNOWN,none,unknown,SME,
R002435,dineline,2026-07-06,Plumb Express,2382 N Ashfield Ave,Verano Bay,40597,Sunfield,555.435.8141,,Mediterranean,$,3.6,1151,fail,fail,0.91,not found,none,unknown,SME,
R002747,atlasmaps,2026-07-11,Stonecutter To Go,7607 W Mallow St,Verano Bay,40603,Cedar Cross,+15553554732,https://www.stonecuttertogo.example,Barbecue,$$$$,4.0,96,fail,fail,0.82,n/a,none,unknown,SME,
R002875,roamly,2026-07-02,Stonecutter Coffee 1,7237 N Bayard Blvd,Verano Bay,40467,Old Mill,555.983.5438,https://www.stonecuttercoffee1.example,Korean,$$$,4.1,186,pass,fail,0.84,not found,none,unknown,SME,
R002120,tablefind,2026-07-13,Quill Bistro,1817 W Bayard Blvd,Verano Bay,40126,Calder Park,555.729.7537,https://www.quillbistro.example,Japanese,$$$,4.4,180,pass,pass,0.8,n/a,none,unknown,SME,
R003361,atlasmaps,2026-07-17,Loam Bistro,7235 West Prospect Boulevard,Verano Bay,40111,Windrow,+1 555 148 5078,https://www.loambistro.example,Contemporary,$$,4.4,412,pass,pass,0.91,unknown,none,unknown,large,Loam Inc
R002067,roamly,2026-07-18,Bramble Supper Club - Quarry End,1985 S Quinton Blvd,Verano Bay,40762,Windrow,(555) 398-3938,,Thai,$$,3.5,2140,pass,pass,0.85,UNKNOWN,none,unknown,SME,
R003460,civicpages,2026-07-24,Orchard Cantina,6961 S Quinton St,Kestrel Falls,40593,,+15558373595,https://www.orchardcantina.example,French,$$$,3.5,1099,pass,pass,0.84,,none,unknown,SME,
R002867,roamly,2026-07-25,Kinship Coffee 1,2772 W Halloway Blvd,Verano Bay,40650,Greenhithe,+1 555 543 2878,,Mexican,$,4.3,1077,pass,fail,0.85,n/a,none,unknown,SME,
R001385,bookwell,2026-07-17,Marigold Dining Room,7622 S Calder Rd,Verano Bay,40695,Harbor Point,+15559538751,https://www.marigolddiningroom.example,Polish,$,4.5,1535,pass,pass,0.75,saltbox,website_fingerprint,fail,SME,
R003212,roamly,2026-07-26,Fallowfield Chophouse,"3266 N Rivermead Blvd, Verano Bay",Verano Bay,40348,Templeton,5556720362,https://www.fallowfieldchophouse.example,Korean,$$,4.4,1110,pass,pass,0.8,unknown,none,unknown,mid-cap,Fallowfield Group
R000975,bookwell,2026-07-23,Plumb Smokehouse - Palisade Park,"1848 W Serra Ave, Verano Bay",Verano Bay,40427,Calder Park,+15556794118,https://www.plumbsmokehouse.example,Japanese,$$$,3.4,1265,pass,pass,0.77,Ironclad POS,website_fingerprint,fail,SME,
R002374,roamly,2026-07-28,Bramble Donuts,6019 E Bayard Rd,Verano Bay,40255,Quarry End,+1 555 458 6516,,Spanish,$,3.8,804,pass,fail,0.89,N/A,none,unknown,SME,
R003411,roamly,2026-07-03,Roan House,3569 E Wexley St,Calla Ridge,40697,,+15554539771,https://www.roanhouse.example,Ethiopian,$$,3.7,868,pass,pass,0.85,not found,none,unknown,SME,
R002663,bookwell,2026-07-13,Copper Deli,3592 W Quinton Ave,Verano Bay,40264,Sablewood,(555) 321-9027,https://www.copperdeli.example,Peruvian,$$$,3.9,304,pass,fail,0.89,not found,none,unknown,SME,
R002579,atlasmaps,2026-07-02,Stonecutter Coffee,7633 N Fennimore Blvd,Verano Bay,40141,Ferrymead,+1 555 795 3481,,Greek,$$,3.4,1257,fail,fail,0.88,n/a,none,unknown,SME,
R000348,tablefind,2026-07-17,Olive & Ash Supper Club,5870 S Rivermead Rd,Verano Bay,40637,Marisol,555.767.7285,,Contemporary,$$$,3.8,1880,pass,pass,0.75,N/A,none,unknown,SME,
R003492,atlasmaps,2026-07-24,Magpie Dining Room,6762 S Quinton Ave,Calla Ridge,40780,,+1 555 325 7433,https://www.magpiediningroom.example,French,$$$$,4.1,1498,pass,pass,0.84,,none,unknown,SME,
R002045,bookwell,2026-07-09,The Basil & Bone Tavern,1955 S Quinton Avenue,Verano Bay,40670,Cedar Cross,555.788.5534,https://www.basilbonetavern.example,Steakhouse,$$$,3.8,1982,pass,pass,0.77,-,none,unknown,SME,
R000208,roamly,2026-06-30,Silverfin Kitchen,1686 W Prospect Blvd,Verano Bay,40142,Old Mill,555.698.0614,https://www.silverfinkitchen.example,Korean,$$$$,4.0,602,pass,pass,0.97,Ironclad,website_fingerprint,fail,SME,
R002669,roamly,2026-07-21,Redbird Creamery 1,1961 W Calder Ave,Verano Bay,40743,Templeton,555.233.7802,https://www.redbirdcreamery1.example,Thai,$$$,4.2,283,fail,fail,0.77,-,none,unknown,SME,
R002300,tablefind,2026-07-13,Motherland Smoothie,1222 S Rivermead Boulevard,Verano Bay,40235,Quarry End,(555) 570-7856,https://www.motherlandsmoothie.example,Mexican,$,4.0,218,pass,fail,0.94,N/A,none,unknown,SME,
R000097,dineline,2026-07-17,Gallow Brasserie,5773 W Calder Rd,Verano Bay,40268,Bramble Row,5553333266,https://www.gallowbrasserie.example,Greek,$$$,4.8,897,pass,pass,0.85,not found,none,unknown,SME,
R002436,bookwell,2026-07-17,Plumb Express - Ferrymead,2382 North Ashfield Avenue,Verano Bay,40660,Sunfield,(555) 435-8141,,Mediterranean,$,3.7,1484,pass,fail,0.9,n/a,none,unknown,SME,
R001096,atlasmaps,2026-07-19,Cardinal Brasserie,4068 N Ashfield St,Verano Bay,40194,Templeton,555.425.9497,https://www.cardinalbrasserie.example,Vietnamese,$$$,3.6,1061,pass,pass,0.97,-,none,unknown,SME,
R002117,dineline,2026-07-07,Harrow Dining Room - Windrow,"1511 S Halloway Blvd, Verano Bay",Verano Bay,40431,Greenhithe,(555) 856-1170,https://www.harrowdiningroom.example,Spanish,$$$,3.9,665,pass,pass,0.82,n/a,none,unknown,SME,
R002511,dineline,2026-06-30,The Motherland Creamery,4999 West Rivermead Rd,Verano Bay,40259,Sunfield,+1 555 827 6490,https://www.motherlandcreamery.example,Steakhouse,$$$,3.5,1137,pass,fail,0.97,-,none,unknown,SME,
R001215,atlasmaps,2026-07-07,Vesper Bistro,1076 N Ashfield Blvd,Verano Bay,40567,Kingsway,+15556592723,,Indian,$$$,3.6,454,pass,pass,0.9,,none,unknown,SME,
R001387,tablefind,2026-07-14,Kinship Wine Bar,4362 N Prospect Blvd,Verano Bay,40126,Fox Hollow,(555) 979-2803,,Ethiopian,$$$,4.1,991,pass,pass,0.77,not found,none,unknown,SME,
R001011,bookwell,2026-07-15,Plumb Kitchen,7039 W Calder Blvd,Verano Bay,40240,Windrow,+1 555 796 8259,https://www.plumbkitchen.example,Barbecue,$$$$,3.9,1495,pass,pass,0.89,unknown,none,unknown,SME,
R001707,tablefind,2026-07-26,INKWELL OYSTER BAR,771 W Calder St,Verano Bay,40354,Greenhithe,555.418.9428,https://www.inkwelloysterbar.example,French,$$,4.0,896,pass,pass,0.91,,none,unknown,SME,
R002810,civicpages,2026-07-18,Bellwether Sandwich Shop 1 - Templeton,6804 W Ashfield St,Verano Bay,40160,Miradero,+1 555 265 3903,https://www.bellwethersandwichshop.example,Indian,$,4.2,1970,fail,fail,0.82,Salt Box,website_fingerprint,fail,SME,
R000687,bookwell,2026-07-04,Wren Chophouse - Harbor Point,485 W Tarrow Rd,Verano Bay,40511,Ashgrove,555.909.3269,https://www.wrenchophouse.example,Vietnamese,$$$,3.9,1298,pass,pass,0.9,n/a,none,unknown,SME,
R000229,roamly,2026-07-19,Redbird House,3159 E Serra Blvd,Verano Bay,40638,Old Mill,555-905-4701,https://www.redbirdhouse.example,Thai,$$,4.8,2116,pass,pass,0.8,unknown,none,unknown,SME,
R000897,atlasmaps,2026-07-17,Olive & Ash Kitchen,2495 S Rivermead Ave,Verano Bay,40709,Old Mill,555-221-8191,https://www.oliveashkitchen.example,Polish,$$,4.1,1373,pass,pass,0.93,,none,unknown,SME,
R000351,tablefind,2026-07-17,Gallow House Verano Bay,985 East Ashfield Road,Verano Bay,40532,Templeton,5559008040,https://www.gallowhouse.example,Polish,$$$,3.4,1308,pass,pass,0.87,Fernpost,website_fingerprint,fail,SME,
R003141,tablefind,2026-07-23,Halcyon Table,2531 N Mallow Ave,Verano Bay,40769,Fox Hollow,555-531-3455,https://www.halcyontable.example,Steakhouse,$$$,3.8,933,pass,pass,0.81,N/A,none,unknown,mid-cap,Halcyon Group
R003106,dineline,2026-07-02,Magpie Osteria,6976 East Cortez Rd,Verano Bay,40788,Stillwater,555-474-5450,https://www.magpieosteria.example,Spanish,$$,4.5,111,pass,pass,0.74,UNKNOWN,none,unknown,mid-cap,Magpie Group
R002733,atlasmaps,2026-07-27,Sable Cafe,7609 S Tarrow Rd,Verano Bay,40293,Sablewood,555-830-5625,,Vietnamese,$$,4.3,446,fail,fail,0.76,not found,none,unknown,SME,
R001676,tablefind,2026-07-17,Umber Kitchen Restaurant,6495 North Bayard Road,Verano Bay,40712,Harbor Point,(555) 449-8678,https://www.umberkitchen.example,Korean,$,4.4,1413,pass,pass,0.9,Ironclad POS,website_fingerprint,fail,SME,
R001127,civicpages,2026-07-27,Tallgrass Osteria,2211 N Bayard Blvd,Verano Bay,40401,Marisol,(555) 491-9739,,Italian,$$$,4.0,96,pass,pass,0.91,Unknown,none,unknown,SME,
R001450,civicpages,2026-06-30,Alder Table - Rivera District,1471 East Fennimore St,Verano Bay,40276,Sablewood,+1 555 144 5820,https://www.aldertable.example,Seafood,$$$$,4.1,1132,pass,pass,0.88,Unknown,none,unknown,SME,
R000059,tablefind,2026-07-21,Ironwood Oyster Bar,6915 East Rivermead Rd,Verano Bay,40732,Sunfield,5557964038,https://www.ironwoodoysterbar.example,Peruvian,$$$,4.5,727,pass,pass,0.87,,none,unknown,SME,Ironwood Hospitality
R002911,civicpages,2026-07-26,Nightjar Smoothie 1 2 3,1793 W Serra Ave,Verano Bay,40201,Corvo Heights,555-499-2643,https://www.nightjarsmoothie123.example,Polish,$$$$,4.5,601,fail,fail,0.81,Vellum POS,website_fingerprint,pass,SME,
R000005,dineline,2026-07-04,Sable Brasserie,7243 West Bayard Avenue,Verano Bay,40407,Rivera District,555-467-2602,https://www.sablebrasserie.example,Korean,$$,3.6,954,pass,pass,0.99,not found,none,unknown,mid-cap,Sable Hospitality Group
R000639,atlasmaps,2026-07-11,Prairie Bistro,4391 S Wexley Blvd,Verano Bay,40771,Miradero,555-389-2910,,Korean,$$,4.4,72,pass,pass,0.98,,none,unknown,SME,
R003198,dineline,2026-07-13,Tallgrass Grill,"2796 N Mallow St, Verano Bay",Verano Bay,40731,Fox Hollow,(555) 961-8056,https://www.tallgrassgrill.example,Contemporary,$$$,4.0,158,pass,pass,0.83,Unknown,none,unknown,mid-cap,Tallgrass Group
R000309,bookwell,2026-07-02,Yarrow Oyster Bar,"3790 W Bayard Rd, Verano Bay",Verano Bay,40568,Bayview Flats,+15556342622,https://www.yarrowoysterbar.example,Peruvian,$$$,4.4,1215,pass,pass,0.78,cadence flex,website_fingerprint,fail,SME,
R001108,civicpages,2026-07-07,Mercado Room,7800 E Halloway Rd,Verano Bay,40202,Kingsway,+15552421511,https://www.mercadoroom.example,Thai,$,3.9,1623,pass,pass,0.83,not found,none,unknown,SME,
R003019,atlasmaps,2026-07-16,Driftwood Bakery Verano Bay,6371 East Ashfield St,Verano Bay,40609,Templeton,555-425-4748,,Peruvian,$$,4.0,1355,pass,fail,0.84,n/a,none,unknown,SME,
R001637,atlasmaps,2026-07-06,Blue Heron Oyster Bar,"6990 N Tarrow Rd, Verano Bay",Verano Bay,40652,Harbor Point,,https://www.blueheronoysterbar.example,Ethiopian,$$$,4.5,634,pass,pass,0.91,orbit systems,website_fingerprint,pass,SME,
R000274,civicpages,2026-07-08,Nightjar Oyster Bar,3502 S Mallow Blvd,Verano Bay,40405,Kingsway,555-756-4544,https://www.nightjaroysterbar.example,Polish,$$$,4.2,1506,pass,pass,0.97,Unknown,none,unknown,SME,
R000585,bookwell,2026-07-06,Loam Steakhouse - Ferrymead,1303 North Vance Street,Verano Bay,40415,Kingsway,555-782-7621,https://www.loamsteakhouse.example,Spanish,$$$$,4.1,1120,pass,pass,0.73,-,none,unknown,SME,
R003051,tablefind,2026-07-09,Cinder Smoothie 1 - Cedar Cross,1811 E Mallow Street,Verano Bay,40341,Greenhithe,(555) 214-8121,https://www.cindersmoothie1.example,Seafood,$,3.8,961,pass,fail,0.74,Unknown,none,unknown,SME,
R001631,bookwell,2026-07-10,Rosewater Taqueria,701 N Ashfield Ave,Verano Bay,40698,Fox Hollow,5558355006,https://www.rosewatertaqueria.example,Italian,$$,4.8,1481,pass,pass,0.79,n/a,none,unknown,SME,
R000735,dineline,2026-07-26,Loam Alehouse Verano Bay,3327 South Ashfield Boulevard,Verano Bay,40614,Templeton,555.861.3833,,Greek,$$$$,4.0,879,pass,pass,0.89,Unknown,none,unknown,SME,
R001948,tablefind,2026-07-15,Motherland Wine Bar,5873 N Halloway Rd,Verano Bay,40457,Corvo Heights,555-636-9899,,Seafood,$$,3.7,1391,pass,pass,0.82,-,none,unknown,SME,
R002935,roamly,2026-07-03,UNDERSTORY FOOD TRUCK,"3636 S Prospect Rd, Verano Bay",Verano Bay,40297,Old Mill,555-157-7807,,Steakhouse,$$,3.4,1475,fail,fail,0.74,not found,none,unknown,SME,
R003425,roamly,2026-07-25,Bramble Dining Room,4576 N Fennimore Rd,Port Adair,40574,,555.323.4308,https://www.bramblediningroom.example,Mediterranean,$$$$,4.1,1875,pass,pass,0.88,Vellum POS,website_fingerprint,pass,SME,
R001082,roamly,2026-07-17,Juniper Oyster Bar,4332 E Prospect Rd,Verano Bay,40480,Lantern Hill,5555954402,https://www.juniperoysterbar.example,Ethiopian,$$$$,4.4,881,pass,pass,0.87,-,none,unknown,SME,
R000596,roamly,2026-07-11,Yarrow Alehouse,3986 S Mallow Ave,Verano Bay,40378,Cedar Cross,+1 555 448 4520,https://www.yarrowalehouse.example,Polish,$$,4.6,1701,pass,pass,0.87,n/a,none,unknown,SME,
R002353,roamly,2026-07-01,Cobalt Bakery,1566 S Tarrow Ave,Verano Bay,40636,Marisol,+1 555 515 1007,https://www.cobaltbakery.example,Barbecue,$$,4.6,1080,fail,fail,0.95,IRONCLAD,website_fingerprint,fail,SME,
R000226,tablefind,2026-07-02,Cobalt Supper Club,5792 East Quinton Street,Verano Bay,40580,Marisol,+15552993532,https://www.cobaltsupperclub.example,French,$$,4.3,512,pass,pass,0.83,Rivet Pay,website_fingerprint,fail,SME,
R001583,tablefind,2026-07-23,Amber Oyster Bar,3146 N Prospect St,Verano Bay,40423,Sunfield,+15554445800,https://www.amberoysterbar.example,Korean,$,4.4,1115,pass,pass,0.76,Unknown,none,unknown,SME,
R000050,civicpages,2026-07-20,Prairie Steakhouse,2552 S Fennimore St,Verano Bay,40210,Fox Hollow,555.999.2783,https://www.prairiesteakhouse.example,Vietnamese,$$$,3.5,1874,pass,pass,0.89,Cadence Station,website_fingerprint,fail,mid-cap,Prairie Table Group
R001604,atlasmaps,2026-07-17,Olive & Ash Trattoria - Miradero,2463 W Halloway Road,Verano Bay,40697,Greenhithe,+1 555 457 1339,,Indian,$$,4.0,207,pass,pass,0.73,-,none,unknown,SME,
R003491,atlasmaps,2026-07-15,Stonecutter Wine Bar,1544 W Halloway Rd,Northmoor,40211,,5555182387,https://www.stonecutterwinebar.example,French,$$,4.5,1273,pass,pass,0.76,N/A,none,unknown,SME,
R002677,dineline,2026-07-03,Bluebird Boba,2935 W Ashfield Rd,Verano Bay,40524,Bramble Row,(555) 291-3459,https://www.bluebirdboba.example,Mediterranean,$$,3.4,1065,fail,fail,0.85,unknown,none,unknown,SME,
R002126,roamly,2026-06-30,Kinship Bistro,306 S Rivermead St,Verano Bay,40317,Sunfield,+1 555 989 0084,https://www.kinshipbistro.example,Barbecue,$,4.8,1578,pass,pass,0.82,unknown,none,unknown,SME,
R002980,atlasmaps,2026-07-23,Thicket Sandwich Shop,7182 W Fennimore Blvd,Verano Bay,40660,Templeton,+1 555 900 7607,https://www.thicketsandwichshop.example,Japanese,$$,3.7,1039,fail,fail,0.76,not found,none,unknown,SME,
R000671,dineline,2026-07-13,Redbird Grill,"4125 N Rivermead Ave, Verano Bay",Verano Bay,40548,Stillwater,555.439.3858,https://www.redbirdgrill.example,Polish,$,4.1,528,pass,pass,0.96,not found,none,unknown,SME,
R003408,atlasmaps,2026-07-24,Hearth Oyster Bar,298 S Bayard Blvd,Port Adair,40311,,+15559265533,https://www.hearthoysterbar.example,Greek,$$$$,3.9,1241,pass,pass,0.72,Unknown,none,unknown,SME,
R001952,bookwell,2026-07-24,NORTHBANK CHOPHOUSE,2522 East Quinton Road,Verano Bay,40130,Quarry End,555.878.1411,https://www.northbankchophouse.example,Mediterranean,$$,3.9,1838,pass,pass,0.75,N/A,none,unknown,SME,
R003262,tablefind,2026-07-18,Juniper Chophouse - Calder Park,2680 E Ashfield Blvd,Verano Bay,40565,Sablewood,(555) 503-2669,https://www.juniperchophouse.example,Steakhouse,$$$,3.7,1375,pass,pass,0.9,,none,unknown,mid-cap,Juniper Group
R001476,roamly,2026-07-23,Foxtail Dining Room,1231 S Quinton Rd,Verano Bay,40731,Corvo Heights,555-242-9729,https://www.foxtaildiningroom.example,Thai,$$$,3.7,1630,pass,pass,0.91,n/a,none,unknown,SME,
R000484,bookwell,2026-07-10,Tallgrass Taqueria,1545 N Rivermead Blvd,Verano Bay,40276,Quarry End,+1 555 294 1040,https://www.tallgrasstaqueria.example,Steakhouse,$$$$,4.2,218,pass,pass,0.81,Unknown,none,unknown,SME,
R002015,bookwell,2026-07-01,Amber Chophouse,389 W Calder St,Verano Bay,40621,Rivera District,,https://www.amberchophouse.example,Peruvian,$$,3.5,1139,pass,pass,0.74,not found,none,unknown,SME,
R003114,bookwell,2026-07-14,Persimmon Supper Club - Bayview Flats,2809 North Cortez Road,Verano Bay,40127,Rivera District,555-680-0753,https://www.persimmonsupperclub.example,Seafood,$$,4.7,160,pass,pass,0.96,IRONCLAD,website_fingerprint,fail,mid-cap,Persimmon Group
R002913,civicpages,2026-07-08,Stonecutter Creamery,6921 N Quinton Blvd,Verano Bay,40385,Corvo Heights,(555) 490-7644,https://www.stonecuttercreamery.example,Vietnamese,$$,4.3,1812,pass,fail,0.83,ironcladpos,website_fingerprint,fail,SME,
R002139,atlasmaps,2026-07-23,Jackdaw Chophouse,"3415 S Bayard St, Verano Bay",Verano Bay,40193,Miradero,5554104852,,Indian,$$$,3.5,1082,pass,pass,0.83,not found,none,unknown,SME,
R000053,roamly,2026-07-24,The Prairie Table,6629 W Prospect Street,Verano Bay,40437,Marisol,(555) 497-9760,https://www.prairietable.example,Contemporary,$$,4.3,786,pass,pass,0.76,Unknown,none,unknown,mid-cap,Prairie Table Group
R002268,tablefind,2026-07-22,Cardinal Juice Bar,2433 S Halloway Blvd,Verano Bay,40175,Sunfield,555-874-8386,https://www.cardinaljuicebar.example,Ethiopian,$$,3.8,102,fail,fail,0.9,Unknown,none,unknown,SME,
R003022,atlasmaps,2026-07-02,Kettle Express,1233 East Wexley Blvd,Verano Bay,40422,Old Mill,(555) 266-5644,,Vietnamese,$,3.9,1473,fail,fail,0.89,,none,unknown,SME,
R001869,atlasmaps,2026-07-26,Marigold Chophouse Verano Bay,6371 N Vance St,Verano Bay,40761,Palisade Park,555-467-3418,https://www.marigoldchophouse.example,Vietnamese,$$,3.6,527,pass,pass,0.75,Orbit POS,website_fingerprint,pass,SME,
R003384,atlasmaps,2026-07-05,Prairie Room,2574 W Bayard Ave,Calla Ridge,40204,,+1 555 386 7287,https://www.prairieroom.example,Mediterranean,$$,4.7,39,pass,pass,0.73,not found,none,unknown,SME,
R002127,atlasmaps,2026-07-10,Ember Alehouse,499 N Bayard Rd,Verano Bay,40343,Sunfield,(555) 825-6671,https://www.emberalehouse.example,Thai,$$,4.9,991,pass,pass,0.92,UNKNOWN,none,unknown,SME,
R000353,tablefind,2026-07-09,Motherland Alehouse,819 W Halloway Blvd,Verano Bay,40517,Calder Park,555-712-2835,https://www.motherlandalehouse.example,Seafood,$$,3.7,2064,pass,pass,0.74,UNKNOWN,none,unknown,SME,
R000215,tablefind,2026-07-19,Understory Steakhouse,"6408 N Calder St, Verano Bay",Verano Bay,40289,Bramble Row,(555) 997-3091,https://www.understorysteakhouse.example,Mediterranean,$$$,3.9,1238,pass,pass,0.79,-,none,unknown,SME,
R001762,dineline,2026-07-21,Blue Heron Kitchen,1835 S Fennimore Rd,Verano Bay,40700,Calder Park,5559919223,https://www.blueheronkitchen.example,Peruvian,$$,3.9,471,pass,pass,0.73,not found,none,unknown,SME,
R001283,tablefind,2026-07-12,Bramble Kitchen,274 West Calder Boulevard,Verano Bay,40463,Corvo Heights,(555) 596-1384,https://www.bramblekitchen.example,Spanish,$$$$,4.3,488,pass,pass,0.95,N/A,none,unknown,SME,
R000139,bookwell,2026-07-02,Ember Chophouse Verano Bay,"108 N Ashfield Rd, Verano Bay",Verano Bay,40254,Bramble Row,+15552111847,https://www.emberchophouse.example,Steakhouse,$$,4.7,857,pass,pass,0.94,not found,none,unknown,SME,
R000261,bookwell,2026-07-02,Fernwood Bistro,1930 South Quinton Street,Verano Bay,40674,Greenhithe,555-494-7594,https://www.fernwoodbistro.example,Spanish,$$,3.6,1484,pass,pass,0.94,not found,none,unknown,SME,
R000116,roamly,2026-07-26,Rambler Osteria - Sunfield,3370 South Cortez Road,Verano Bay,40468,Rivera District,+15551985829,https://www.ramblerosteria.example,Japanese,$,4.1,757,pass,pass,0.77,unknown,none,unknown,SME,
R001679,dineline,2026-07-16,The Dovetail Trattoria,218 East Quinton Road,Verano Bay,40251,Lantern Hill,555-500-3879,https://www.dovetailtrattoria.example,Japanese,$$,4.1,195,pass,pass,0.86,N/A,none,unknown,SME,
R001503,civicpages,2026-07-27,Mercado Taqueria,4969 N Quinton St,Verano Bay,40799,Greenhithe,5558068349,https://www.mercadotaqueria.example,Mexican,$$,3.4,1058,pass,pass,0.87,,none,unknown,SME,
R001280,bookwell,2026-07-07,Marrow Kitchen,4640 W Quinton St,Verano Bay,40390,Templeton,+1 555 863 8085,https://www.marrowkitchen.example,Korean,$$$,3.9,1715,pass,pass,0.88,CADENCE,website_fingerprint,fail,SME,
R002096,dineline,2026-07-24,Zephyr Chophouse,5628 E Halloway Rd,Verano Bay,40434,Bramble Row,555.751.5481,https://www.zephyrchophouse.example,Barbecue,$$$,4.5,842,pass,pass,0.78,unknown,none,unknown,SME,
R000130,dineline,2026-07-10,Nightjar Osteria,6653 S Tarrow St,Verano Bay,40486,Alder Heights,5552287948,https://www.nightjarosteria.example,Mediterranean,$,4.3,1831,pass,pass,0.93,N/A,none,unknown,SME,
R001669,tablefind,2026-07-09,Verde Supper Club Verano Bay,"4120 S Fennimore St, Verano Bay",Verano Bay,40628,Harbor Point,555.729.8715,https://www.verdesupperclub.example,Steakhouse,$$,4.1,1241,pass,pass,0.85,UNKNOWN,none,unknown,SME,
R003269,bookwell,2026-07-14,The Wildwood Tavern,"6873 E Tarrow Ave, Verano Bay",Verano Bay,40239,Palisade Park,555-604-9155,https://www.wildwoodtavern.example,Peruvian,$$$$,3.8,164,pass,pass,0.85,n/a,none,unknown,large,Wildwood Inc
R000923,bookwell,2026-07-25,Halcyon Wine Bar,4528 S Rivermead Blvd,Verano Bay,40543,Marisol,555-495-5745,https://www.halcyonwinebar.example,Italian,$$$$,4.4,1938,pass,pass,0.76,N/A,none,unknown,SME,
R002695,roamly,2026-07-11,Sable Juice Bar Verano Bay,222 South Cortez Rd,Verano Bay,40360,Fox Hollow,5557989043,,Seafood,$$$,4.2,28,fail,fail,0.81,not found,none,unknown,SME,
R002525,atlasmaps,2026-07-18,Basil & Bone Smoothie,463 W Serra Blvd,Verano Bay,40615,Marisol,(555) 604-5857,https://www.basilbonesmoothie.example,Barbecue,$$,4.1,606,fail,fail,0.9,,none,unknown,SME,
R001938,roamly,2026-07-17,Roan Table,7986 N Lindmere Ave,Verano Bay,40555,Windrow,+1 555 325 8671,https://www.roantable.example,Indian,$$,3.7,763,pass,pass,0.94,N/A,none,unknown,SME,
R000818,tablefind,2026-07-10,Sixpence Alehouse,5285 N Prospect Rd,Verano Bay,40310,Harbor Point,(555) 611-6531,https://www.sixpencealehouse.example,Mediterranean,$,3.3,772,pass,pass,0.87,not found,none,unknown,SME,
R001160,civicpages,2026-07-21,Sixpence Smokehouse,2190 N Wexley Ave,Verano Bay,40220,Corvo Heights,555-386-5315,,Polish,$$,3.9,1028,pass,pass,0.89,,none,unknown,SME,
R000657,bookwell,2026-07-25,Understory Wine Bar - Old Mill,1355 West Fennimore Road,Verano Bay,40777,Bayview Flats,+15553663705,https://www.understorywinebar.example,Mexican,$$,3.7,1241,pass,pass,0.85,N/A,none,unknown,SME,
R001025,atlasmaps,2026-07-01,DRIFTWOOD BRASSERIE,5255 East Bayard Boulevard,Verano Bay,40500,Miradero,5555623650,https://www.driftwoodbrasserie.example,Barbecue,$$,3.3,154,pass,pass,0.93,-,none,unknown,SME,
R003497,civicpages,2026-07-09,zzz test,7479 E Quinton Rd,Verano Bay,40316,Windrow,5554283310,,Thai,$$$,3.7,1280,pass,pass,0.88,n/a,none,unknown,SME,
R001457,tablefind,2026-07-06,Larkspur Dining Room,3899 W Prospect St,Verano Bay,40195,Greenhithe,(555) 869-0897,https://www.larkspurdiningroom.example,Italian,$$$,3.8,2047,pass,pass,0.77,,none,unknown,SME,
R002811,civicpages,2026-07-04,Olive & Ash Deli,2790 N Serra Blvd,Verano Bay,40766,Corvo Heights,555.835.1691,,Greek,$$,3.9,1572,pass,fail,0.98,n/a,none,unknown,SME,
R000758,dineline,2026-07-06,Palisade Osteria,"3818 N Vance Blvd, Verano Bay",Verano Bay,40737,Bramble Row,555.693.5950,https://www.palisadeosteria.example,French,$$,4.2,642,pass,pass,0.93,-,none,unknown,SME,
R001303,atlasmaps,2026-07-17,Zephyr Kitchen,7950 N Tarrow St,Verano Bay,40762,Kingsway,555.692.9482,https://www.zephyrkitchen.example,Polish,$$,4.1,322,pass,pass,0.88,-,none,unknown,SME,
R000356,tablefind,2026-07-06,Cardinal Wine Bar - Fox Hollow,"4836 S Bayard Ave, Verano Bay",Verano Bay,40228,Marisol,555.739.0365,https://www.cardinalwinebar.example,Steakhouse,$$,4.0,48,pass,pass,0.9,Ironclad POS,website_fingerprint,fail,SME,
R001452,bookwell,2026-07-28,Cardinal Tavern,5361 E Serra Blvd,Verano Bay,40108,Ashgrove,555-130-2662,https://www.cardinaltavern.example,French,$$,4.0,1023,pass,pass,0.83,unknown,none,unknown,SME,
R001406,civicpages,2026-07-17,MERCADO TABLE,6106 S Tarrow Ave,Verano Bay,40322,Ferrymead,555.357.2531,https://www.mercadotable.example,Steakhouse,$$$,3.6,2263,pass,pass,0.74,,none,unknown,SME,
R003138,atlasmaps,2026-07-26,Rosewater Wine Bar Verano Bay,4823 E Ashfield Street,Verano Bay,40650,Marisol,555.105.0328,https://www.rosewaterwinebar.example,Peruvian,$,4.9,156,pass,pass,0.98,ironclad,website_fingerprint,fail,mid-cap,Rosewater Group
R000013,atlasmaps,2026-07-01,Sable Alehouse,734 West Fennimore Ave,Verano Bay,40141,Sablewood,(555) 983-9363,https://www.sablealehouse.example,Contemporary,$$,3.7,1150,pass,pass,0.74,UNKNOWN,none,unknown,mid-cap,Sable Hospitality Group
R001155,roamly,2026-07-22,Bluebird Cantina,7885 E Mallow St,Verano Bay,40110,Stillwater,555-397-1523,,Spanish,$$$,4.2,665,pass,pass,0.92,,none,unknown,SME,
R001808,tablefind,2026-07-11,Salt & Vine Kitchen - Sablewood,6323 W Fennimore Road,Verano Bay,40244,Calder Park,(555) 738-9921,https://www.saltvinekitchen.example,Greek,$$,3.4,405,pass,pass,0.91,not found,none,unknown,SME,
R000634,civicpages,2026-07-10,Foxglove House,2737 N Fennimore Blvd,Verano Bay,40460,Ferrymead,555.330.5692,,Indian,$$,3.4,675,pass,pass,0.97,not found,none,unknown,SME,
R002667,dineline,2026-07-04,Olive and Ash Smoothie,3063 West Rivermead Road,Verano Bay,40345,Cedar Cross,555.216.2459,https://www.oliveashsmoothie.example,French,$$,4.3,1606,pass,fail,0.75,N/A,none,unknown,SME,
R001006,bookwell,2026-07-01,Zephyr Steakhouse - Marisol,1181 South Bayard Rd,Verano Bay,40277,Palisade Park,+1 555 646 2220,https://www.zephyrsteakhouse.example,Steakhouse,$$$$,4.6,603,pass,pass,0.95,Cadence Mini,website_fingerprint,fail,SME,
R002217,bookwell,2026-07-12,Cobalt Chophouse,"2754 W Bayard Blvd, Verano Bay",Verano Bay,40174,Quarry End,+15551571789,https://www.cobaltchophouse.example,Mexican,$$$,3.7,547,pass,pass,0.97,-,none,unknown,SME,
R003450,dineline,2026-06-30,Saffron Taqueria,5034 S Bayard Blvd,Port Adair,40162,,555.836.3341,https://www.saffrontaqueria.example,Spanish,$$$,4.3,199,pass,pass,0.93,-,none,unknown,SME,
R000409,roamly,2026-07-15,UMBER BISTRO,5068 North Vance Street,Verano Bay,40602,Bayview Flats,5556336146,,Mediterranean,$,3.4,1283,pass,pass,0.79,N/A,none,unknown,SME,
R001898,tablefind,2026-07-25,Pike Table,7326 S Bayard Rd,Verano Bay,40132,Harbor Point,555.407.3586,https://www.piketable.example,Thai,$,4.8,1577,pass,pass,0.76,quillpay pos,website_fingerprint,pass,SME,
R000239,dineline,2026-07-18,Vesper Cantina,4168 West Cortez Street,Verano Bay,40176,Bramble Row,5559365456,https://www.vespercantina.example,Japanese,$$$$,4.7,38,pass,pass,0.91,Unknown,none,unknown,SME,
R003146,atlasmaps,2026-07-10,Kinship Table,3795 West Vance Avenue,Verano Bay,40403,Bramble Row,,https://www.kinshiptable.example,French,$$$$,4.7,516,pass,pass,0.83,UNKNOWN,none,unknown,mid-cap,Kinship Group
R000083,atlasmaps,2026-06-30,Rambler Bistro,644 S Quinton Ave,Verano Bay,40578,Greenhithe,555-228-6455,,Italian,$$,3.6,1241,pass,pass,0.93,not found,none,unknown,SME,
R003404,roamly,2026-07-07,Roan Wine Bar Verano Bay,4986 East Calder Rd,Calla Ridge,40442,,+15556724374,https://www.roanwinebar.example,Steakhouse,$$,4.4,945,pass,pass,0.89,Ironclad,website_fingerprint,fail,SME,
R003021,bookwell,2026-07-16,Kettle Express,1233 E Wexley Boulevard,Verano Bay,40343,Old Mill,,,Vietnamese,$,3.7,2162,fail,fail,0.93,-,none,unknown,SME,
R003436,roamly,2026-07-06,Foxtail Trattoria,3608 N Ashfield Ave,Kestrel Falls,40213,,555-909-4963,https://www.foxtailtrattoria.example,French,$$$,4.0,1119,pass,pass,0.86,cadence flex,website_fingerprint,fail,SME,
R003488,atlasmaps,2026-07-25,Larkspur Oyster Bar,4011 E Tarrow Ave,Port Adair,40701,,(555) 260-4157,https://www.larkspuroysterbar.example,Polish,$$,4.3,635,pass,pass,0.73,not found,none,unknown,SME,
R001512,roamly,2026-07-16,Zephyr Trattoria - Calder Park,7891 South Wexley Street,Verano Bay,40438,Rivera District,+1 555 225 1854,https://www.zephyrtrattoria.example,French,$$$,4.4,1337,pass,pass,0.96,cadence flex,website_fingerprint,fail,SME,
R000907,dineline,2026-07-01,Copper Tavern,1047 N Wexley St,Verano Bay,40740,Sablewood,555.177.5267,https://www.coppertavern.example,Barbecue,$$$$,4.7,164,pass,pass,0.77,N/A,none,unknown,SME,
R003428,roamly,2026-07-26,Mercado Steakhouse,6596 E Tarrow Blvd,Northmoor,40295,,+1 555 606 1070,https://www.mercadosteakhouse.example,Indian,$$$,4.1,108,pass,pass,0.93,,none,unknown,SME,
R001857,dineline,2026-07-16,Rambler Smokehouse,3499 W Mallow Ave,Verano Bay,40722,Ashgrove,555-562-6325,,French,$$$,3.9,43,pass,pass,0.83,unknown,none,unknown,SME,
R001109,atlasmaps,2026-07-07,Roan Tavern,2103 S Tarrow St,Verano Bay,40677,Templeton,(555) 565-5033,https://www.roantavern.example,Korean,$$$,3.6,242,pass,pass,0.79,N/A,none,unknown,SME,
R000134,tablefind,2026-07-23,Thicket Osteria - Harbor Point,"2866 E Ashfield Blvd, Verano Bay",Verano Bay,40226,Cedar Cross,,https://www.thicketosteria.example,Spanish,$$,4.2,890,pass,pass,0.88,UNKNOWN,none,unknown,SME,
R000095,tablefind,2026-07-10,Plumb Grill,277 East Vance St,Verano Bay,40629,Fox Hollow,(555) 907-3013,https://www.plumbgrill.example,Mediterranean,$$$,3.7,1158,pass,pass,0.96,-,none,unknown,SME,
R002803,atlasmaps,2026-07-07,Jackdaw Express 1,4414 E Quinton Ave,Verano Bay,40311,Stillwater,+15551823892,https://www.jackdawexpress1.example,Italian,$,4.7,82,pass,fail,0.93,Orbit,website_fingerprint,pass,SME,
R000464,civicpages,2026-07-24,Little Bear Kitchen,6172 E Quinton Ave,Verano Bay,40693,Marisol,555.229.6950,,Polish,$$$,3.5,1309,pass,pass,0.74,Unknown,none,unknown,SME,
R001750,dineline,2026-07-11,Anchor Chophouse,6397 E Quinton Ave,Verano Bay,40462,Sablewood,(555) 354-5186,https://www.anchorchophouse.example,Korean,$$$$,3.4,1627,pass,pass,0.91,not found,none,unknown,SME,
R000187,dineline,2026-07-08,Olive & Ash Room,2722 N Ashfield Avenue,Verano Bay,40732,Templeton,(555) 173-3531,https://www.oliveashroom.example,Steakhouse,$$,4.9,1419,pass,pass,0.93,IRONCLAD,website_fingerprint,fail,SME,
R002393,bookwell,2026-07-21,Tidewater Deli,720 North Calder Avenue,Verano Bay,40209,Sunfield,555.737.4233,https://www.tidewaterdeli.example,Vietnamese,$$,4.0,895,fail,fail,0.92,,none,unknown,SME,
R002994,atlasmaps,2026-07-18,Thicket Deli Verano Bay,5220 E Bayard St,Verano Bay,40347,Sablewood,(555) 960-0276,https://www.thicketdeli.example,Mediterranean,$$$,3.6,806,pass,fail,0.96,not found,none,unknown,SME,
R002238,civicpages,2026-07-27,Nightjar Table Restaurant,"5948 W Lindmere Ave, Verano Bay",Verano Bay,40138,Lantern Hill,(555) 672-0014,,French,$$$,3.6,2139,pass,pass,0.94,,none,unknown,SME,
R002415,roamly,2026-07-27,Kettle Boba - Bramble Row,3560 West Quinton Avenue,Verano Bay,40707,Templeton,+15556195226,https://www.kettleboba.example,Ethiopian,$$,4.0,1238,pass,fail,0.75,Unknown,none,unknown,SME,
R001301,bookwell,2026-07-13,Foxtail Alehouse,1730 South Quinton Street,Verano Bay,40482,Sunfield,555.761.3140,https://www.foxtailalehouse.example,Seafood,$$$,3.8,345,pass,pass,0.72,UNKNOWN,none,unknown,SME,
R002842,roamly,2026-07-11,Magpie To Go,6208 S Bayard St,Verano Bay,40298,Templeton,+1 555 277 8052,,Barbecue,$$$$,3.4,936,pass,fail,0.92,,none,unknown,SME,
R003080,dineline,2026-07-19,Persimmon Trattoria,1339 N Bayard Ave,Verano Bay,40490,Calder Park,+1 555 204 7630,https://www.persimmontrattoria.example,Thai,$$$$,3.4,1228,pass,pass,0.99,UNKNOWN,none,unknown,mid-cap,Persimmon Group
R001737,dineline,2026-07-12,Sparrow Cantina,5586 N Lindmere Blvd,Verano Bay,40121,Rivera District,555.328.3360,https://www.sparrowcantina.example,Italian,$$$$,4.1,548,pass,pass,0.97,vellum,website_fingerprint,pass,SME,
R002880,civicpages,2026-07-15,Oxbow Cafe,4591 S Ashfield Rd,Verano Bay,40254,Sablewood,5557303997,https://www.oxbowcafe.example,Peruvian,$,4.2,1307,pass,fail,0.96,-,none,unknown,SME,
R002314,dineline,2026-07-09,Hearth Bakery,2271 E Tarrow Rd,Verano Bay,40147,Rivera District,+15555499791,,Indian,$$$,4.0,1627,pass,fail,0.84,,none,unknown,SME,
R002973,dineline,2026-07-12,Yarrow Cafe,7641 W Quinton Rd,Verano Bay,40367,Old Mill,+15552789922,,French,$,4.5,865,fail,fail,0.79,not found,none,unknown,SME,
R001226,atlasmaps,2026-07-23,Nine Bridges Room Restaurant,5477 South Fennimore Street,Verano Bay,40285,Kingsway,+15559587973,https://www.ninebridgesroom.example,Japanese,$$,3.9,932,pass,pass,0.85,n/a,none,unknown,SME,
R002682,dineline,2026-07-17,OXBOW BOBA,4810 North Fennimore Road,Verano Bay,40335,Bramble Row,555.161.6858,,Mediterranean,$$,3.8,1763,pass,fail,0.84,N/A,none,unknown,SME,
R003312,tablefind,2026-07-02,Plumb Oyster Bar Verano Bay,"3057 N Wexley Ave, Verano Bay",Verano Bay,40586,Harbor Point,5556637630,https://www.plumboysterbar.example,Japanese,$$,3.8,1446,pass,pass,0.82,cadence flex,website_fingerprint,fail,large,Plumb Inc
R000651,dineline,2026-07-15,Anchor Steakhouse,6475 E Cortez Ave,Verano Bay,40277,Miradero,555-917-6544,,Mexican,$$$,4.5,1516,pass,pass,0.82,-,none,unknown,SME,
R001026,tablefind,2026-07-08,Driftwood Brasserie Restaurant,"5255 E Bayard Blvd, Verano Bay",Verano Bay,40461,Miradero,5555623650,https://www.driftwoodbrasserie.example,Barbecue,$$,3.6,229,pass,pass,0.87,-,none,unknown,SME,
R000154,bookwell,2026-07-08,Roan Taqueria,6457 S Calder Rd,Verano Bay,40402,Miradero,+1 555 512 6514,https://www.roantaqueria.example,Ethiopian,$$$$,3.9,290,pass,pass,0.82,-,none,unknown,SME,
R000078,civicpages,2026-07-19,Ironwood Table,1575 S Halloway Ave,Verano Bay,40733,Alder Heights,555-362-4886,https://www.ironwoodtable.example,Greek,$$$$,4.6,681,pass,pass,0.93,n/a,none,unknown,SME,
R001607,atlasmaps,2026-07-16,The Lantern Chophouse,5120 N Rivermead St,Verano Bay,40608,Sablewood,555-116-3732,https://www.lanternchophouse.example,Steakhouse,$$,4.8,589,pass,pass,0.82,,none,unknown,SME,
R002827,roamly,2026-07-17,Bellwether Bakery,6724 W Tarrow Ave,Verano Bay,40756,Ferrymead,555-567-2017,,Barbecue,$$$,4.3,924,pass,fail,0.86,,none,unknown,SME,
R000586,tablefind,2026-07-21,LOAM STEAKHOUSE,1303 North Vance Street,Verano Bay,40488,Kingsway,+15557827621,https://www.loamsteakhouse.example,Spanish,$$$$,4.1,1668,pass,pass,0.81,ironclad,website_fingerprint,fail,SME,
R003267,atlasmaps,2026-07-01,Ember Brasserie,4052 South Rivermead Road,Verano Bay,40665,Marisol,+15556738815,https://www.emberbrasserie.example,Seafood,$,4.8,124,pass,pass,0.84,-,none,unknown,mid-cap,Ember Group
R001606,civicpages,2026-07-09,Lantern Chophouse,5120 North Rivermead Street,Verano Bay,40396,Sablewood,5551163732,https://www.lanternchophouse.example,Steakhouse,$$,4.7,381,pass,pass,0.86,n/a,none,unknown,SME,
R002865,roamly,2026-07-26,Sixpence Boba 1,387 N Wexley St,Verano Bay,40395,Templeton,555.468.8542,,Polish,$$,4.5,213,pass,fail,0.74,UNKNOWN,none,unknown,SME,
R003181,civicpages,2026-07-23,The Sixpence Chophouse,6734 E Fennimore Boulevard,Verano Bay,40211,Greenhithe,555.342.0328,https://www.sixpencechophouse.example,Seafood,$$,4.3,468,pass,pass,0.79,meridian cloud,website_fingerprint,pass,mid-cap,Sixpence Group
R000046,bookwell,2026-07-03,Prairie Grill,7216 W Rivermead Ave,Verano Bay,40259,Windrow,555-772-7876,https://www.prairiegrill.example,Italian,$$,3.3,509,pass,pass,0.81,UNKNOWN,none,unknown,mid-cap,Prairie Table Group
R001728,bookwell,2026-07-08,Tallgrass Dining Room,1204 W Ashfield St,Verano Bay,40291,Ashgrove,555-856-9032,https://www.tallgrassdiningroom.example,Contemporary,$,4.1,189,pass,pass,0.81,Vellum POS,website_fingerprint,pass,SME,
R002389,bookwell,2026-07-20,Thicket Food Truck,1109 W Quinton Blvd,Verano Bay,40585,Greenhithe,555.229.5688,https://www.thicketfoodtruck.example,Mediterranean,$$$,3.5,502,pass,fail,0.85,,none,unknown,SME,
R001551,civicpages,2026-07-03,Saffron Supper Club,3517 N Quinton Rd,Verano Bay,40457,Marisol,555.814.0796,https://www.saffronsupperclub.example,Japanese,$$$$,4.0,1223,pass,pass,0.79,N/A,none,unknown,SME,
R001264,roamly,2026-07-28,SORREL TABLE,7782 West Wexley Road,Verano Bay,40256,Marisol,555.451.8318,https://www.sorreltable.example,Polish,$$,3.8,670,pass,pass,0.96,unknown,none,unknown,SME,
R000090,bookwell,2026-07-25,Rambler Table,3591 N Lindmere Rd,Verano Bay,40207,Stillwater,5552259766,https://www.ramblertable.example,Ethiopian,$,3.8,605,pass,pass,0.85,not found,none,unknown,SME,
R003490,tablefind,2026-07-13,Marigold Wine Bar,3567 N Lindmere Ave,Sundermere,40273,,555.857.4292,https://www.marigoldwinebar.example,French,$,4.5,568,pass,pass,0.97,vellum pos,website_fingerprint,pass,SME,
R000858,atlasmaps,2026-07-23,Mercado Supper Club,6388 S Fennimore Blvd,Verano Bay,40519,Sunfield,+15555448604,,Greek,$$$$,4.6,1713,pass,pass,0.83,-,none,unknown,SME,
R000263,bookwell,2026-07-17,Basil & Bone Grill,767 E Bayard Ave,Verano Bay,40241,Sunfield,555.602.9528,https://www.basilbonegrill.example,Barbecue,$,3.6,678,pass,pass,0.86,n/a,none,unknown,SME,
R003424,civicpages,2026-07-05,Motherland Room,6995 W Bayard Rd,Sundermere,40591,,+15553336637,https://www.motherlandroom.example,Seafood,$$,3.7,1819,pass,pass,0.94,-,none,unknown,SME,
R002224,tablefind,2026-07-18,Gallow Chophouse,2070 E Serra Street,Verano Bay,40709,Greenhithe,,,Steakhouse,$$$,3.6,883,pass,pass,0.89,,none,unknown,SME,
R001675,dineline,2026-07-06,Umber Kitchen,6495 N Bayard Rd,Verano Bay,40447,Harbor Point,555.449.8678,https://www.umberkitchen.example,Korean,$,4.6,1408,pass,pass,0.88,UNKNOWN,none,unknown,SME,
R001353,roamly,2026-07-15,Foxtail Osteria,5162 E Vance Ave,Verano Bay,40496,Harbor Point,5554807002,,Seafood,$,4.0,470,pass,pass,0.86,UNKNOWN,none,unknown,SME,
R002693,bookwell,2026-07-19,Bellwether Creamery,107 S Quinton Ave,Verano Bay,40315,Quarry End,+15554588028,https://www.bellwethercreamery.example,Peruvian,$$,4.3,53,pass,fail,0.96,n/a,none,unknown,SME,
R002229,civicpages,2026-06-30,Stonecutter Bistro,3696 E Vance Blvd,Verano Bay,40143,Lantern Hill,+1 555 866 0662,https://www.stonecutterbistro.example,Barbecue,$$,3.7,527,pass,pass,0.85,fernpost,website_fingerprint,fail,SME,
R002450,atlasmaps,2026-07-21,Plumb Bakery,1296 North Calder St,Verano Bay,40578,Marisol,+15552007616,https://www.plumbbakery.example,Italian,$$,4.6,573,pass,fail,0.77,n/a,none,unknown,SME,
R001732,roamly,2026-07-10,Little Bear Chophouse,6064 E Serra Rd,Verano Bay,40165,Fox Hollow,5558599691,https://www.littlebearchophouse.example,Mexican,$$$,4.0,773,pass,pass,0.75,unknown,none,unknown,SME,
R003052,bookwell,2026-07-18,Harrow Coffee,3609 E Prospect Ave,Verano Bay,40795,Bayview Flats,555.836.7190,https://www.harrowcoffee.example,Vietnamese,$$$,4.1,569,fail,fail,0.93,N/A,none,unknown,SME,
R003387,civicpages,2026-07-02,Sable Tavern,"697 S Serra Rd, Verano Bay",Calla Ridge,40548,,5555031934,https://www.sabletavern.example,Polish,$$$,3.4,1731,pass,pass,0.98,not found,none,unknown,SME,
R002840,civicpages,2026-07-19,Marrow Kiosk,712 S Serra St,Verano Bay,40129,Ashgrove,(555) 493-3216,,Polish,$$,3.6,1579,pass,fail,0.93,UNKNOWN,none,unknown,SME,
R002727,roamly,2026-07-15,Redbird Creamery 1 2,1201 E Lindmere Blvd,Verano Bay,40706,Kingsway,+1 555 924 6422,https://www.redbirdcreamery12.example,Contemporary,$$$,3.9,818,pass,fail,0.95,n/a,none,unknown,SME,
R001064,civicpages,2026-07-13,Fallowfield Dining Room - Palisade Park,7651 W Serra Blvd,Verano Bay,40456,Kingsway,(555) 275-2673,https://www.fallowfielddiningroom.example,Italian,$,3.2,1190,pass,pass,0.77,not found,none,unknown,SME,
R000165,civicpages,2026-07-23,Olive & Ash Alehouse Restaurant,5114 East Tarrow Boulevard,Verano Bay,40634,Harbor Point,555-971-7723,,Indian,$$$$,4.5,1068,pass,pass,0.77,n/a,none,unknown,SME,
R001833,dineline,2026-07-13,Kingfisher Grill,6165 S Bayard St,Verano Bay,40365,Alder Heights,(555) 951-8618,https://www.kingfishergrill.example,Ethiopian,$$$,4.4,1475,pass,pass,0.75,not found,none,unknown,SME,
R002879,roamly,2026-07-19,Salt and Vine Boba 1,4899 South Quinton St,Verano Bay,40261,Alder Heights,+15555189400,https://www.saltvineboba1.example,Korean,$$$,3.9,483,fail,fail,0.82,not found,none,unknown,SME,
R002625,roamly,2026-07-14,Sparrow Smoothie,1617 S Halloway Road,Verano Bay,40747,Greenhithe,+1 555 144 3773,,Ethiopian,$$,3.8,2044,fail,fail,0.92,Unknown,none,unknown,SME,
R001927,civicpages,2026-07-09,Fallowfield Brasserie,5616 North Calder Boulevard,Verano Bay,40444,Lantern Hill,5558037066,https://www.fallowfieldbrasserie.example,Italian,$$$,4.0,615,pass,pass,0.94,,none,unknown,SME,
R001402,dineline,2026-07-01,Sable Smokehouse,1534 N Rivermead Ave,Verano Bay,40277,Bayview Flats,555.334.0215,,Mediterranean,$$,3.5,1440,pass,pass,0.82,not found,none,unknown,SME,
R002226,civicpages,2026-07-11,Gallow Chophouse,"2070 E Serra St, Verano Bay",Verano Bay,40190,Greenhithe,+1 555 498 6160,,Steakhouse,$$$,3.8,647,pass,pass,0.86,-,none,unknown,SME,
R001164,dineline,2026-07-02,Wren Osteria Verano Bay,3451 North Fennimore Street,Verano Bay,40523,Stillwater,+15556198427,https://www.wrenosteria.example,Thai,$$$$,3.8,2118,pass,pass,0.87,unknown,none,unknown,SME,
R003308,bookwell,2026-07-13,Magpie Brasserie,3301 E Wexley Ave,Verano Bay,40619,Greenhithe,5554959793,https://www.magpiebrasserie.example,French,$$$$,4.1,993,pass,pass,0.8,Unknown,none,unknown,large,Magpie Inc
R003392,dineline,2026-07-21,Juniper Tavern,3992 E Bayard Ave,Port Adair,40597,,5551184695,https://www.junipertavern.example,Greek,$$$$,4.0,1458,pass,pass,0.91,unknown,none,unknown,SME,
R002160,roamly,2026-07-22,Alder House,573 E Vance St,Verano Bay,40703,Templeton,5554901277,https://www.alderhouse.example,French,$$$$,4.1,186,pass,pass,0.89,Northstar Restaurant,website_fingerprint,pass,SME,
R000525,atlasmaps,2026-07-04,Cardinal Table Restaurant,7200 North Tarrow Boulevard,Verano Bay,40524,Marisol,(555) 115-3918,https://www.cardinaltable.example,Vietnamese,$$,3.9,582,pass,pass,0.85,VELLUM,website_fingerprint,pass,SME,
R001703,atlasmaps,2026-07-17,Foxtail Smokehouse,663 E Prospect Blvd,Verano Bay,40325,Marisol,555-538-9492,,Spanish,$$,4.5,304,pass,pass,0.76,Unknown,none,unknown,SME,
R003351,bookwell,2026-07-24,Anchor Supper Club,5300 E Mallow Ave,Verano Bay,40356,Bramble Row,5551207550,https://www.anchorsupperclub.example,Indian,$,4.0,1305,pass,pass,0.76,cadence,website_fingerprint,fail,large,Anchor Inc
R001730,tablefind,2026-07-28,Northbank Supper Club,1781 N Bayard Blvd,Verano Bay,40316,Bayview Flats,555-638-4318,https://www.northbanksupperclub.example,Steakhouse,$$,3.6,212,pass,pass,0.89,-,none,unknown,SME,
R003447,civicpages,2026-07-05,Olive & Ash Tavern,2883 W Fennimore St,Kestrel Falls,40528,,5554288978,https://www.oliveashtavern.example,Spanish,$$$$,4.6,85,pass,pass,0.77,Unknown,none,unknown,SME,
R003371,civicpages,2026-07-07,NETTLE OSTERIA,1431 West Ashfield St,Verano Bay,40451,Greenhithe,555.972.2429,https://www.nettleosteria.example,Peruvian,$,3.7,71,pass,pass,0.83,n/a,none,unknown,large,Nettle Inc
R001396,atlasmaps,2026-07-17,Rosewater Grill Restaurant,4052 West Mallow Ave,Verano Bay,40132,Windrow,+1 555 996 4449,https://www.rosewatergrill.example,Peruvian,$$,4.7,239,pass,pass,0.85,CADENCE,website_fingerprint,fail,SME,
R002490,atlasmaps,2026-07-15,Plumb Kiosk,3233 S Rivermead Rd,Verano Bay,40154,Calder Park,5552936107,,Mediterranean,$$,4.3,1413,pass,fail,0.95,N/A,none,unknown,SME,
R000311,tablefind,2026-07-01,Tin Roof Chophouse,1238 S Ashfield Rd,Verano Bay,40716,Quarry End,(555) 928-7868,https://www.tinroofchophouse.example,Japanese,$$,3.6,681,pass,pass,0.77,n/a,none,unknown,SME,
R000894,bookwell,2026-07-05,Prairie Dining Room,380 E Fennimore St,Verano Bay,40587,Bayview Flats,5555787357,https://www.prairiediningroom.example,Mexican,$$,4.7,809,pass,pass,0.93,Vellum Restaurant,website_fingerprint,pass,SME,
R002853,tablefind,2026-07-27,Pike Cafe,6909 W Fennimore St,Verano Bay,40575,Harbor Point,(555) 986-5999,,Japanese,$$,4.4,903,fail,fail,0.87,-,none,unknown,SME,
R001052,tablefind,2026-07-28,Blue Heron Brasserie,3268 North Fennimore Ave,Verano Bay,40657,Lantern Hill,+1 555 411 4943,https://www.blueheronbrasserie.example,Peruvian,$$,3.3,1565,pass,pass,0.81,N/A,none,unknown,SME,
R002135,civicpages,2026-06-30,Alder Taqueria,6930 North Calder Rd,Verano Bay,40781,Bramble Row,555.858.5963,https://www.aldertaqueria.example,Mediterranean,$$$,3.9,1194,pass,pass,0.9,unknown,none,unknown,SME,
R002390,atlasmaps,2026-07-03,Ember Sandwich Shop,5880 E Calder Blvd,Verano Bay,40327,Cedar Cross,,https://www.embersandwichshop.example,Indian,$$$,4.0,467,pass,fail,0.74,not found,none,unknown,SME,
R000424,civicpages,2026-07-05,Thistle Room - Palisade Park,669 East Wexley Road,Verano Bay,40434,Greenhithe,(555) 278-4765,https://www.thistleroom.example,Peruvian,$$$,4.4,221,pass,pass,0.79,UNKNOWN,none,unknown,SME,
R001931,roamly,2026-07-05,Prairie Oyster Bar,3110 North Ashfield Blvd,Verano Bay,40627,Ashgrove,555.252.8693,,Mediterranean,$$$,3.4,158,pass,pass,0.96,N/A,none,unknown,SME,
R000435,bookwell,2026-07-10,INKWELL HOUSE,7119 S Vance St,Verano Bay,40632,Cedar Cross,555.970.5657,https://www.inkwellhouse.example,French,$$,4.1,1827,pass,pass,0.9,not found,none,unknown,SME,
R002177,atlasmaps,2026-07-04,BLUEBIRD OYSTER BAR,"3614 S Quinton Ave, Verano Bay",Verano Bay,40341,Fox Hollow,+15551722663,https://www.bluebirdoysterbar.example,Seafood,$$,3.7,1289,pass,pass,0.81,-,none,unknown,SME,
R002518,dineline,2026-07-13,Plumb Kiosk 1,4449 N Ashfield St,Verano Bay,40203,Ferrymead,+1 555 310 2732,,Mediterranean,$$$,3.3,503,fail,fail,0.8,n/a,none,unknown,SME,
R000912,bookwell,2026-06-30,Salt & Vine Bistro,7818 E Ashfield Blvd,Verano Bay,40388,Lantern Hill,+1 555 423 0259,https://www.saltvinebistro.example,Italian,$$,4.3,1003,pass,pass,0.95,unknown,none,unknown,SME,
R003214,roamly,2026-07-06,Thistle Osteria Restaurant,6457 South Mallow Rd,Verano Bay,40501,Lantern Hill,+15556656331,https://www.thistleosteria.example,Greek,$,4.6,178,pass,pass,0.74,not found,none,unknown,mid-cap,Thistle Group
R000682,civicpages,2026-07-01,The Oxbow Room,"5885 S Vance St, Verano Bay",Verano Bay,40229,Bramble Row,+15553791361,https://www.oxbowroom.example,Spanish,$$,4.1,877,pass,pass,0.73,unknown,none,unknown,SME,
R001383,atlasmaps,2026-07-25,Thistle Chophouse,7471 West Prospect Street,Verano Bay,40612,Ferrymead,,https://www.thistlechophouse.example,Mediterranean,$$$,3.9,988,pass,pass,0.82,,none,unknown,SME,
R003345,atlasmaps,2026-07-03,Alder Trattoria - Sunfield,6511 N Cortez Rd,Verano Bay,40623,Cedar Cross,+15552898870,https://www.aldertrattoria.example,Mediterranean,$,4.1,2022,pass,pass,0.96,unknown,none,unknown,large,Alder Inc
R000064,roamly,2026-07-08,The Casa Verde Cantina,"600 N Prospect Rd, Verano Bay",Verano Bay,40408,Ashgrove,555-304-7306,https://www.casaverdecantina.example,Contemporary,$,4.3,401,pass,pass,0.9,not found,none,unknown,SME,
R002887,bookwell,2026-07-05,Thicket Kiosk 1,4381 S Mallow Rd,Verano Bay,40487,Calder Park,+15555906658,https://www.thicketkiosk1.example,Japanese,$$,4.3,1547,pass,fail,0.9,UNKNOWN,none,unknown,SME,
R001584,bookwell,2026-07-03,Fernwood Trattoria,665 N Wexley St,Verano Bay,40659,Quarry End,5556225885,,Contemporary,$$,4.1,754,pass,pass,0.85,Unknown,none,unknown,SME,
R000235,bookwell,2026-07-13,Wren House,1069 S Fennimore Ave,Verano Bay,40635,Greenhithe,+1 555 342 4888,https://www.wrenhouse.example,Mexican,$$,4.3,1042,pass,pass,0.85,-,none,unknown,SME,
R000324,dineline,2026-07-25,Juniper Room,1658 N Bayard Rd,Verano Bay,40772,Corvo Heights,(555) 901-4274,https://www.juniperroom.example,Indian,$$,4.6,475,pass,pass,0.98,UNKNOWN,none,unknown,SME,
R000395,roamly,2026-07-22,Bramble Taqueria,2021 E Calder Blvd,Verano Bay,40653,Rivera District,555-960-3193,https://www.brambletaqueria.example,Mexican,$$$,3.5,1946,pass,pass,0.86,-,none,unknown,SME,
R001081,atlasmaps,2026-07-01,Larkspur Wine Bar,521 N Ashfield Avenue,Verano Bay,40453,Fox Hollow,,,Contemporary,$$,4.7,2080,pass,pass,0.98,N/A,none,unknown,SME,
R001198,tablefind,2026-07-22,Cardinal Alehouse,121 N Ashfield St,Verano Bay,40380,Fox Hollow,5552533034,,Indian,$$,4.4,860,pass,pass,0.98,-,none,unknown,SME,
R003065,roamly,2026-07-02,Cinder Bistro,914 N Mallow Rd,Verano Bay,40752,Sunfield,5558085110,https://www.cinderbistro.example,Vietnamese,$$$,4.2,892,pass,pass,0.73,n/a,none,unknown,mid-cap,Cinder Group
R000820,tablefind,2026-07-07,Cobalt Osteria,1350 W Lindmere Blvd,Verano Bay,40649,Sablewood,5555485521,https://www.cobaltosteria.example,Mediterranean,$$$$,4.5,231,pass,pass,0.98,n/a,none,unknown,SME,
R001673,atlasmaps,2026-07-08,Juniper Trattoria - Rivera District,6180 S Rivermead Boulevard,Verano Bay,40655,Ferrymead,555-315-1946,,Italian,$$$,4.6,1221,pass,pass,0.99,Unknown,none,unknown,SME,
R000159,roamly,2026-07-23,Lantern Grill Verano Bay,290 North Bayard Ave,Verano Bay,40546,Bayview Flats,(555) 661-7407,https://www.lanterngrill.example,Polish,$$$$,4.3,620,pass,pass,0.93,n/a,none,unknown,SME,
R000980,tablefind,2026-07-08,Sorrel House,110 S Serra St,Verano Bay,40793,Sablewood,555-461-8937,https://www.sorrelhouse.example,Korean,$$$,3.4,178,pass,pass,0.73,IRONCLAD,website_fingerprint,fail,SME,
R000929,bookwell,2026-07-11,Golden Hour Oyster Bar,4586 E Cortez Ave,Verano Bay,40433,Templeton,555.822.7656,https://www.goldenhouroysterbar.example,Spanish,$$,3.5,309,pass,pass,0.9,n/a,none,unknown,SME,
R000074,roamly,2026-07-06,Ember Dining Room Restaurant,"6846 S Tarrow Rd, Verano Bay",Verano Bay,40593,Bayview Flats,,https://www.emberdiningroom.example,Mediterranean,$,3.7,1464,pass,pass,0.77,N/A,none,unknown,SME,
R001390,bookwell,2026-07-11,Jackdaw Room,832 E Serra St,Verano Bay,40448,Bramble Row,+1 555 321 1747,https://www.jackdawroom.example,Seafood,$$$$,4.6,390,pass,pass,0.94,-,none,unknown,SME,
R001290,atlasmaps,2026-07-12,Cardinal Cantina,"6307 E Halloway Blvd, Verano Bay",Verano Bay,40365,Kingsway,+15554865259,https://www.cardinalcantina.example,Barbecue,$$$,3.6,725,pass,pass,0.95,not found,none,unknown,SME,
R002516,tablefind,2026-07-15,Understory Cafe,4600 South Vance Road,Verano Bay,40440,Templeton,+15551647769,https://www.understorycafe.example,Contemporary,$$$,3.4,769,fail,fail,0.77,-,none,unknown,SME,
R000141,civicpages,2026-07-01,Saffron Trattoria,7077 S Vance Ave,Verano Bay,40171,Harbor Point,(555) 641-2128,https://www.saffrontrattoria.example,Barbecue,$$,3.8,1392,pass,pass,0.99,unknown,none,unknown,SME,
R002762,atlasmaps,2026-07-18,INKWELL SANDWICH SHOP,4487 West Serra Boulevard,Verano Bay,40799,Corvo Heights,+1 555 168 6049,https://www.inkwellsandwichshop.example,Japanese,$$,4.1,651,fail,fail,0.83,CADENCE,website_fingerprint,fail,SME,
R000732,dineline,2026-07-11,Persimmon Brasserie Verano Bay,3871 E Calder St,Verano Bay,40198,Cedar Cross,+1 555 289 1016,https://www.persimmonbrasserie.example,Italian,$$$$,3.7,605,pass,pass,0.86,N/A,none,unknown,SME,
R002907,atlasmaps,2026-07-26,Marrow Juice Bar,3319 S Mallow St,Verano Bay,40505,Rivera District,555-587-4039,https://www.marrowjuicebar.example,Thai,$$$$,3.7,803,fail,fail,0.75,N/A,none,unknown,SME,
R002714,atlasmaps,2026-07-01,OLIVE & ASH CREAMERY,2632 W Halloway Road,Verano Bay,40456,Fox Hollow,5557343367,https://www.oliveashcreamery.example,Barbecue,$$$,3.9,1048,fail,fail,0.93,cadence,website_fingerprint,fail,SME,
R000918,bookwell,2026-07-12,Pike Trattoria,2088 N Prospect Avenue,Verano Bay,40631,Stillwater,,,Polish,$$$,3.7,1746,pass,pass,0.89,UNKNOWN,none,unknown,SME,
R000488,roamly,2026-07-08,Cinder Steakhouse,"3139 E Cortez St, Verano Bay",Verano Bay,40445,Quarry End,5555438219,,Indian,$$$$,3.8,306,pass,pass,0.82,N/A,none,unknown,SME,
R001916,tablefind,2026-07-14,Palisade Dining Room Verano Bay,879 West Bayard Avenue,Verano Bay,40791,Quarry End,+15556372778,,Mediterranean,$$$,4.5,1427,pass,pass,0.74,not found,none,unknown,SME,
R002709,roamly,2026-07-06,Mercado Deli,7405 W Prospect St,Verano Bay,40375,Ferrymead,+1 555 214 9756,https://www.mercadodeli.example,French,$,3.8,695,pass,fail,0.88,CADENCE,website_fingerprint,fail,SME,
R003027,civicpages,2026-07-22,Quill Deli,526 N Vance Ave,Verano Bay,40109,Bayview Flats,+15555332100,,Barbecue,$$$,4.0,787,fail,fail,0.86,Unknown,none,unknown,SME,
R001619,atlasmaps,2026-07-08,Motherland Oyster Bar,1165 S Halloway Blvd,Verano Bay,40624,Kingsway,+1 555 285 0661,,Spanish,$,3.8,507,pass,pass,0.92,n/a,none,unknown,SME,
R000967,civicpages,2026-07-08,Thistle Supper Club,755 E Calder St,Verano Bay,40282,Cedar Cross,555-846-4523,https://www.thistlesupperclub.example,Ethiopian,$,4.3,1682,pass,pass,0.72,-,none,unknown,SME,
R001923,atlasmaps,2026-07-14,Larkspur Grill,3928 W Bayard Street,Verano Bay,40222,Rivera District,+15552642308,https://www.larkspurgrill.example,Barbecue,$$$$,3.6,1888,pass,pass,0.91,n/a,none,unknown,SME,
R002437,tablefind,2026-07-20,Plumb Express - Sablewood,2382 N Ashfield Avenue,Verano Bay,40474,Sunfield,+1 555 435 8141,,Mediterranean,$,3.7,1128,fail,fail,0.91,Unknown,none,unknown,SME,
R001169,atlasmaps,2026-07-07,Bellwether Steakhouse,5432 W Halloway Blvd,Verano Bay,40406,Old Mill,(555) 409-6067,https://www.bellwethersteakhouse.example,French,$$$$,4.1,65,pass,pass,0.94,Ironclad POS,website_fingerprint,fail,SME,
R000118,roamly,2026-07-07,Redbird Supper Club,7226 N Calder Rd,Verano Bay,40476,Calder Park,+15557633990,https://www.redbirdsupperclub.example,Contemporary,$,3.4,216,pass,pass,0.96,,none,unknown,SME,
R000407,civicpages,2026-07-02,Umber Bistro,5068 N Vance St,Verano Bay,40640,Bayview Flats,(555) 633-6146,,Mediterranean,$,3.6,1227,pass,pass,0.74,Unknown,none,unknown,SME,
R000943,tablefind,2026-07-03,Orchard Steakhouse,7209 South Ashfield Street,Verano Bay,40506,Bramble Row,555.864.0367,https://www.orchardsteakhouse.example,Mediterranean,$$,3.7,913,pass,pass,0.88,tessera,website_fingerprint,pass,SME,
R001789,civicpages,2026-07-13,WARBLER OSTERIA,2685 West Mallow Avenue,Verano Bay,40582,Sablewood,5555237636,https://www.warblerosteria.example,Spanish,$$$,4.2,1690,pass,pass,0.97,UNKNOWN,none,unknown,SME,
R000498,roamly,2026-07-04,Basil & Bone Chophouse - Quarry End,5706 S Cortez Ave,Verano Bay,40769,Stillwater,(555) 744-8043,https://www.basilbonechophouse.example,Steakhouse,$$$,4.0,1384,pass,pass,0.8,n/a,none,unknown,SME,
R002587,civicpages,2026-07-11,Orchard Bakery Restaurant,"7291 W Serra Rd, Verano Bay",Verano Bay,40366,Lantern Hill,555.377.3513,https://www.orchardbakery.example,Japanese,$$$,4.4,117,fail,fail,0.9,VELLUM,website_fingerprint,pass,SME,
R000086,tablefind,2026-06-30,Wren Wine Bar,3677 S Quinton Ave,Verano Bay,40314,Windrow,555-838-8563,https://www.wrenwinebar.example,Contemporary,$$$,4.1,916,pass,pass,0.94,,none,unknown,SME,
R003098,atlasmaps,2026-07-02,Silverfin Chophouse Restaurant,4783 North Prospect Boulevard,Verano Bay,40790,Kingsway,555.657.0823,https://www.silverfinchophouse.example,Mexican,$$$$,4.2,888,pass,pass,0.85,-,none,unknown,mid-cap,Silverfin Group
R002582,bookwell,2026-07-18,Blue Heron Deli,6724 S Prospect St,Verano Bay,40361,Ferrymead,5553800433,https://www.blueherondeli.example,Thai,$$$$,4.9,217,fail,fail,0.77,Saltbox,website_fingerprint,fail,SME,
R000480,bookwell,2026-07-03,Little Bear Room,4529 N Prospect Blvd,Verano Bay,40512,Ferrymead,5556202962,https://www.littlebearroom.example,Korean,$$,3.3,1478,pass,pass,0.87,N/A,none,unknown,SME,
R002430,atlasmaps,2026-07-13,Oxbow Food Truck,558 N Rivermead Blvd,Verano Bay,40149,Templeton,+15553627612,https://www.oxbowfoodtruck.example,Seafood,$$$,3.6,1539,pass,fail,0.94,UNKNOWN,none,unknown,SME,
R001534,bookwell,2026-07-27,Understory Chophouse - Windrow,4606 South Quinton Boulevard,Verano Bay,40665,Ashgrove,+15552137434,,Spanish,$,4.7,1293,pass,pass,0.88,-,none,unknown,SME,
R000655,dineline,2026-07-10,Understory Wine Bar,1355 W Fennimore Rd,Verano Bay,40366,Bayview Flats,555-366-3705,https://www.understorywinebar.example,Mexican,$$,4.1,1552,pass,pass,0.76,unknown,none,unknown,SME,
R001248,civicpages,2026-07-19,Roan Trattoria,3659 W Rivermead Rd,Verano Bay,40249,Windrow,(555) 306-4656,https://www.roantrattoria.example,Peruvian,$$,4.2,114,pass,pass,0.76,N/A,none,unknown,SME,
R003421,roamly,2026-07-24,Ember Oyster Bar,4058 N Calder St,Calla Ridge,40143,,+15557644822,https://www.emberoysterbar.example,Mexican,$$,3.4,616,pass,pass,0.8,N/A,none,unknown,SME,
R002295,civicpages,2026-07-14,SPARROW BOBA,5726 South Lindmere Road,Verano Bay,40776,Marisol,5559950970,,Seafood,$$,4.0,732,fail,fail,0.76,UNKNOWN,none,unknown,SME,
R003265,bookwell,2026-07-06,Hearth Wine Bar,4182 W Calder Ave,Verano Bay,40459,Stillwater,+15552508138,https://www.hearthwinebar.example,Japanese,$$$,4.1,487,pass,pass,0.79,ironcladpos,website_fingerprint,fail,mid-cap,Hearth Group
R003431,civicpages,2026-07-03,Bluebird Table,6262 S Halloway Rd,Sundermere,40553,,555.491.0129,https://www.bluebirdtable.example,Ethiopian,$$$$,4.7,1641,pass,pass,0.99,N/A,none,unknown,SME,
R001944,dineline,2026-07-05,Palisade Trattoria,647 E Tarrow Ave,Verano Bay,40208,Calder Park,(555) 713-2210,https://www.palisadetrattoria.example,Korean,$$,3.8,1019,pass,pass,0.89,n/a,none,unknown,SME,
R002808,atlasmaps,2026-07-05,Magpie Counter,6481 S Cortez Rd,Verano Bay,40648,Quarry End,+1 555 313 6072,,Indian,$$$$,4.5,1589,pass,fail,0.76,not found,none,unknown,SME,
R002802,dineline,2026-07-13,Cardinal Smoothie,6816 W Wexley St,Verano Bay,40110,Ashgrove,+15554563086,,French,$$$,4.4,838,pass,fail,0.86,UNKNOWN,none,unknown,SME,
R002349,dineline,2026-07-13,Nettle Bakery,4864 N Quinton Rd,Verano Bay,40512,Alder Heights,555.875.9344,,Contemporary,$$,3.5,929,fail,fail,0.86,unknown,none,unknown,SME,
R001062,bookwell,2026-07-25,FALLOWFIELD DINING ROOM,7651 West Serra Boulevard,Verano Bay,40507,Kingsway,5552752673,https://www.fallowfielddiningroom.example,Italian,$,3.6,912,pass,pass,0.8,N/A,none,unknown,SME,
R003347,civicpages,2026-07-10,The Oxbow Grill,1480 E Quinton Boulevard,Verano Bay,40789,Greenhithe,555-605-0807,https://www.oxbowgrill.example,Greek,$$$,4.5,1870,pass,pass,0.77,unknown,none,unknown,large,Oxbow Inc
R002877,tablefind,2026-07-09,Salt & Vine Boba 1,4899 S Quinton St,Verano Bay,40444,Alder Heights,555.518.9400,https://www.saltvineboba1.example,Korean,$$$,3.7,407,pass,fail,0.96,,none,unknown,SME,
R001195,bookwell,2026-06-30,Nightjar Grill,5852 N Calder Rd,Verano Bay,40515,Sunfield,555-854-0243,https://www.nightjargrill.example,Ethiopian,$$,3.7,71,pass,pass,0.8,Rivet,website_fingerprint,fail,SME,
R003121,dineline,2026-07-27,Pike Grill,7737 W Cortez St,Verano Bay,40175,Bayview Flats,(555) 728-9782,https://www.pikegrill.example,Italian,$$$$,4.9,1338,pass,pass,0.74,N/A,none,unknown,mid-cap,Pike Group
R002157,dineline,2026-07-03,Fallowfield Oyster Bar,6524 W Lindmere St,Verano Bay,40699,Windrow,5557878358,https://www.fallowfieldoysterbar.example,Barbecue,$$,3.9,879,pass,pass,0.89,-,none,unknown,SME,
R001483,tablefind,2026-07-20,Bramble Tavern,1941 E Vance Blvd,Verano Bay,40293,Harbor Point,+15555915013,https://www.brambletavern.example,Japanese,$,4.0,672,pass,pass,0.72,-,none,unknown,SME,
R001087,tablefind,2026-07-02,Tidewater Osteria Restaurant,1183 N Serra Ave,Verano Bay,40603,Cedar Cross,(555) 396-7759,https://www.tidewaterosteria.example,Contemporary,$$,4.1,1339,pass,pass,0.98,unknown,none,unknown,SME,
R002277,civicpages,2026-07-20,Sorrel Juice Bar,1555 N Tarrow Blvd,Verano Bay,40203,Kingsway,555.954.3174,https://www.sorreljuicebar.example,Contemporary,$$$,4.2,994,pass,fail,0.77,Unknown,none,unknown,SME,
R003012,dineline,2026-07-08,The Cobalt Food Truck 1,7273 N Vance Road,Verano Bay,40751,Palisade Park,5557059065,,Steakhouse,$,4.0,2122,fail,fail,0.91,n/a,none,unknown,SME,
R000318,tablefind,2026-07-20,Vesper Taqueria - Rivera District,669 North Wexley Boulevard,Verano Bay,40143,Windrow,+1 555 987 3835,https://www.vespertaqueria.example,Peruvian,$$$,3.3,225,pass,pass,0.97,not found,none,unknown,SME,
R001957,roamly,2026-06-30,Foxglove Supper Club,3656 N Lindmere St,Verano Bay,40352,Kingsway,555.482.6735,https://www.foxglovesupperclub.example,Thai,$,3.6,769,pass,pass,0.77,Meridian Cloud,website_fingerprint,pass,SME,
R002961,bookwell,2026-06-30,Ironwood Creamery - Rivera District,4643 East Halloway Road,Verano Bay,40120,Quarry End,(555) 851-6826,https://www.ironwoodcreamery.example,Spanish,$$$,4.5,747,fail,fail,0.89,Cadence,website_fingerprint,fail,SME,
R000035,atlasmaps,2026-07-15,MARROW OSTERIA,7754 S Fennimore Ave,Verano Bay,40763,Miradero,(555) 810-0779,https://www.marrowosteria.example,Barbecue,$$,3.7,170,pass,pass,0.85,Unknown,none,unknown,SME,Marrow & Co
R002575,atlasmaps,2026-07-18,Heron Cafe,403 East Calder Road,Verano Bay,40454,Sunfield,+15559567375,https://www.heroncafe.example,Seafood,$$$$,3.7,382,pass,fail,0.83,-,none,unknown,SME,
R002482,atlasmaps,2026-07-16,Palisade Sandwich Shop,1970 W Prospect Blvd,Verano Bay,40442,Ashgrove,(555) 831-8486,https://www.palisadesandwichshop.example,Contemporary,$$,4.3,322,pass,fail,0.75,N/A,none,unknown,SME,
R000008,roamly,2026-07-23,Sable Dining Room,663 W Quinton Rd,Verano Bay,40220,Kingsway,555.317.1871,https://www.sablediningroom.example,Indian,$$,4.0,1673,pass,pass,0.9,N/A,none,unknown,mid-cap,Sable Hospitality Group
R001467,roamly,2026-07-10,PRAIRIE TAVERN,3069 North Wexley Ave,Verano Bay,40798,Greenhithe,5556900951,,Mexican,$$,4.8,192,pass,pass,0.73,unknown,none,unknown,SME,
R002185,bookwell,2026-07-06,Basil & Bone Supper Club,7037 N Calder Rd,Verano Bay,40282,Quarry End,+15559303309,,Barbecue,$,4.5,1575,pass,pass,0.88,UNKNOWN,none,unknown,SME,
R001842,roamly,2026-07-27,Bellwether Osteria,7641 S Cortez Rd,Verano Bay,40715,Sunfield,5552340940,https://www.bellwetherosteria.example,Japanese,$,4.6,314,pass,pass,0.9,not found,none,unknown,SME,
R001984,tablefind,2026-07-28,Heron Supper Club,2736 N Vance Ave,Verano Bay,40771,Kingsway,+1 555 959 6159,https://www.heronsupperclub.example,Vietnamese,$$$,4.5,1222,pass,pass,0.73,n/a,none,unknown,SME,
R001539,civicpages,2026-07-22,Quill Supper Club,4113 N Lindmere Blvd,Verano Bay,40571,Miradero,+1 555 216 5580,,Vietnamese,$$,3.5,574,pass,pass,0.86,UNKNOWN,none,unknown,SME,
R002081,atlasmaps,2026-07-27,Vesper Table,4600 W Vance Ave,Verano Bay,40351,Sunfield,,https://www.vespertable.example,Korean,$$$,4.7,364,pass,pass,0.72,not found,none,unknown,SME,
R000886,civicpages,2026-07-03,Quill Brasserie,6000 S Serra St,Verano Bay,40556,Palisade Park,+15559656192,https://www.quillbrasserie.example,Contemporary,$$,4.0,1293,pass,pass,0.88,UNKNOWN,none,unknown,SME,
R000384,bookwell,2026-07-06,Vesper Room,6412 S Bayard Blvd,Verano Bay,40543,Calder Park,(555) 258-5146,https://www.vesperroom.example,Spanish,$$$$,4.2,1469,pass,pass,0.73,ironcladpos,website_fingerprint,fail,SME,
R000482,dineline,2026-07-23,Copper Chophouse,321 N Rivermead Blvd,Verano Bay,40596,Alder Heights,5557244994,https://www.copperchophouse.example,Greek,$$$,4.4,794,pass,pass,0.86,not found,none,unknown,SME,
R002018,bookwell,2026-07-22,Quarry Grill,2428 S Quinton St,Verano Bay,40719,Alder Heights,555.566.3377,https://www.quarrygrill.example,Indian,$$$,3.8,647,pass,pass,0.9,not found,none,unknown,SME,
R001514,atlasmaps,2026-07-11,Wildwood Grill,7306 E Quinton Blvd,Verano Bay,40462,Old Mill,555-572-3282,https://www.wildwoodgrill.example,Contemporary,$,4.4,1440,pass,pass,0.93,-,none,unknown,SME,
R003474,bookwell,2026-07-25,Nightjar Dining Room,4840 W Calder Blvd,Port Adair,40170,,+15557207259,https://www.nightjardiningroom.example,Korean,$$$,4.3,536,pass,pass,0.96,quillpay pos,website_fingerprint,pass,SME,
R000211,civicpages,2026-07-24,Tidewater Chophouse,3963 E Calder St,Verano Bay,40662,Templeton,+1 555 948 7955,https://www.tidewaterchophouse.example,Greek,$$,4.8,354,pass,pass,0.84,Unknown,none,unknown,SME,
R002652,civicpages,2026-06-30,Rambler Counter,6099 N Wexley St,Verano Bay,40207,Bayview Flats,+1 555 474 7057,,Steakhouse,$$,4.0,684,pass,fail,0.95,Unknown,none,unknown,SME,
R001100,civicpages,2026-07-15,Bramble Alehouse,5696 W Fennimore Rd,Verano Bay,40249,Stillwater,(555) 692-3145,,Barbecue,$$$,4.0,1137,pass,pass,0.96,UNKNOWN,none,unknown,SME,
R001404,tablefind,2026-07-24,Wren Supper Club,2741 E Ashfield Rd,Verano Bay,40538,Harbor Point,5555879634,,Thai,$$$$,3.8,2108,pass,pass,0.81,,none,unknown,SME,
R001199,atlasmaps,2026-07-17,CARDINAL ALEHOUSE,121 North Ashfield Street,Verano Bay,40606,Fox Hollow,555.253.3034,,Indian,$$,4.4,695,pass,pass,0.92,not found,none,unknown,SME,
R000283,dineline,2026-07-23,Kingfisher Wine Bar,1840 W Prospect Blvd,Verano Bay,40470,Lantern Hill,+1 555 909 3388,https://www.kingfisherwinebar.example,Polish,$$,3.8,722,pass,pass,0.97,-,none,unknown,SME,
R000297,tablefind,2026-07-15,Dovetail Osteria,640 W Calder St,Verano Bay,40775,Miradero,+15553233601,https://www.dovetailosteria.example,Ethiopian,$,3.4,84,pass,pass,0.95,Ironclad POS,website_fingerprint,fail,SME,
R003056,bookwell,2026-07-15,Rambler Food Truck,2764 W Rivermead Ave,Verano Bay,40553,Marisol,555-344-4536,https://www.ramblerfoodtruck.example,Italian,$$$,4.5,1975,pass,fail,0.85,,none,unknown,SME,
R001657,civicpages,2026-07-22,Violet Wine Bar,3248 S Mallow Ave,Verano Bay,40271,Windrow,555.417.4543,https://www.violetwinebar.example,Korean,$$$,4.5,1110,pass,pass,0.81,N/A,none,unknown,SME,
R002039,tablefind,2026-07-08,The Inkwell Wine Bar,4261 West Fennimore Street,Verano Bay,40159,Palisade Park,(555) 254-1760,https://www.inkwellwinebar.example,Japanese,$$$,4.1,669,pass,pass,0.72,Cadence,website_fingerprint,fail,SME,
R001809,atlasmaps,2026-07-19,Tallgrass Supper Club,1347 S Serra Ave,Verano Bay,40680,Old Mill,+15557731214,,Barbecue,$$$,3.5,371,pass,pass,0.88,N/A,none,unknown,SME,
R001965,roamly,2026-07-25,Thicket Grill,5352 N Bayard Rd,Verano Bay,40257,Miradero,+1 555 396 9753,https://www.thicketgrill.example,Contemporary,$$$$,3.9,1241,pass,pass,0.86,Vellum POS,website_fingerprint,pass,SME,
R002933,civicpages,2026-07-27,ROAN TO GO,4986 South Prospect Boulevard,Verano Bay,40661,Bramble Row,5555820213,,Italian,$$$,4.5,622,fail,fail,0.74,n/a,none,unknown,SME,
R000524,civicpages,2026-07-16,Cardinal Table,7200 N Tarrow Blvd,Verano Bay,40795,Marisol,5551153918,https://www.cardinaltable.example,Vietnamese,$$,3.9,517,pass,pass,0.92,unknown,none,unknown,SME,
R001019,bookwell,2026-07-28,SABLE TABLE,7859 North Quinton Boulevard,Verano Bay,40235,Stillwater,+1 555 606 1120,https://www.sabletable.example,Ethiopian,$$,4.0,589,pass,pass,0.84,n/a,none,unknown,SME,
R002464,tablefind,2026-07-27,Blue Heron Juice Bar,1187 W Fennimore Blvd,Verano Bay,40631,Lantern Hill,555-915-0571,,Seafood,$,3.2,986,pass,fail,0.82,Unknown,none,unknown,SME,
R000376,bookwell,2026-07-16,Hearth Table,5270 N Tarrow St,Verano Bay,40353,Alder Heights,5554597720,https://www.hearthtable.example,Seafood,$,4.0,1076,pass,pass,0.76,northstar,website_fingerprint,pass,SME,
R002255,dineline,2026-06-30,Fallowfield Express - Cedar Cross,1141 West Serra Avenue,Verano Bay,40367,Stillwater,555-104-8219,https://www.fallowfieldexpress.example,French,$$,4.5,864,pass,fail,0.95,CADENCE,website_fingerprint,fail,SME,
R003288,atlasmaps,2026-07-08,Tallgrass Oyster Bar,1645 E Quinton Blvd,Verano Bay,40664,Stillwater,+15553310203,https://www.tallgrassoysterbar.example,Mexican,$$$,4.0,840,pass,pass,0.78,vellum pos,website_fingerprint,pass,large,Tallgrass Inc
R000242,civicpages,2026-07-02,Ironwood Trattoria,2020 E Fennimore Blvd,Verano Bay,40288,Rivera District,555-999-4582,https://www.ironwoodtrattoria.example,French,$,3.7,1895,pass,pass,0.9,Unknown,none,unknown,SME,
R002597,bookwell,2026-07-17,Bramble Coffee,4731 N Tarrow Blvd,Verano Bay,40781,Windrow,5558656873,,Barbecue,$,4.4,584,pass,fail,0.72,not found,none,unknown,SME,
R000710,atlasmaps,2026-07-10,Thicket Alehouse,3508 E Cortez Rd,Verano Bay,40700,Miradero,555-601-5891,https://www.thicketalehouse.example,Mexican,$$$,3.6,1341,pass,pass,0.96,N/A,none,unknown,SME,
R001572,roamly,2026-07-27,The Nightjar Brasserie,5572 West Rivermead Street,Verano Bay,40422,Ferrymead,555-457-1425,https://www.nightjarbrasserie.example,Korean,$$,4.2,216,pass,pass,0.89,n/a,none,unknown,SME,
R002777,atlasmaps,2026-07-02,Nettle Deli Restaurant,309 South Serra Boulevard,Verano Bay,40223,Miradero,,,Thai,$$$,3.5,730,pass,fail,0.92,n/a,none,unknown,SME,
R001593,civicpages,2026-07-12,CINDER TRATTORIA,6842 N Wexley Boulevard,Verano Bay,40101,Fox Hollow,555-183-9308,https://www.cindertrattoria.example,Mexican,$$$,4.0,814,pass,pass,0.85,UNKNOWN,none,unknown,SME,
R001401,atlasmaps,2026-07-17,Little Bear Supper Club - Alder Heights,7561 N Wexley Boulevard,Verano Bay,40311,Miradero,+15557327979,https://www.littlebearsupperclub.example,Ethiopian,$$$$,3.7,125,pass,pass,0.86,N/A,none,unknown,SME,
R000019,civicpages,2026-07-10,Verde Alehouse,5653 N Tarrow Blvd,Verano Bay,40672,Bayview Flats,+15554670016,https://www.verdealehouse.example,Spanish,$$,4.1,136,pass,pass,0.97,meridian cloud,website_fingerprint,pass,SME,Verde Restaurant Group
R002119,tablefind,2026-07-18,Halcyon Brasserie - Windrow,2180 S Quinton Rd,Verano Bay,40328,Templeton,+15555831742,https://www.halcyonbrasserie.example,Ethiopian,$$,4.4,671,pass,pass,0.85,Meridian Cloud POS,website_fingerprint,pass,SME,
R001849,atlasmaps,2026-07-06,Kingfisher Table,1551 E Ashfield Rd,Verano Bay,40688,Old Mill,5552583898,https://www.kingfishertable.example,Thai,$$$,4.1,586,pass,pass,0.98,unknown,none,unknown,SME,
R002326,civicpages,2026-07-19,Cobalt Food Truck,7113 W Rivermead St,Verano Bay,40305,Templeton,+15552661873,https://www.cobaltfoodtruck.example,Korean,$,3.6,1145,pass,fail,0.85,orbit systems,website_fingerprint,pass,SME,
R003140,dineline,2026-07-27,Quill Table,4276 S Vance Rd,Verano Bay,40778,Bayview Flats,+15557134655,https://www.quilltable.example,Japanese,$$,3.5,1292,pass,pass,0.75,unknown,none,unknown,mid-cap,Quill Group
R001967,atlasmaps,2026-07-19,Quarry House,2833 N Wexley St,Verano Bay,40422,Templeton,555-251-6300,https://www.quarryhouse.example,Peruvian,$$,3.7,908,pass,pass,0.91,Unknown,none,unknown,SME,
R001270,civicpages,2026-07-28,Palisade Smokehouse - Greenhithe,1574 E Bayard St,Verano Bay,40245,Fox Hollow,,https://www.palisadesmokehouse.example,Steakhouse,$$,4.2,180,pass,pass,0.96,Unknown,none,unknown,SME,
R002181,roamly,2026-07-25,Bramble Osteria,6332 North Calder Avenue,Verano Bay,40552,Palisade Park,5552081551,,Greek,$,3.8,1748,pass,pass,0.97,N/A,none,unknown,SME,
R001928,roamly,2026-07-10,Rosewater Cantina,247 N Bayard Blvd,Verano Bay,40387,Stillwater,555-480-2708,https://www.rosewatercantina.example,Peruvian,$,3.6,1990,pass,pass,0.91,n/a,none,unknown,SME,
R002461,tablefind,2026-07-06,Yarrow Coffee,745 S Bayard Street,Verano Bay,40147,Greenhithe,555-289-4482,https://www.yarrowcoffee.example,Indian,$,3.7,995,fail,fail,0.96,,none,unknown,SME,
R002624,atlasmaps,2026-07-12,Sparrow Smoothie,1617 South Halloway Rd,Verano Bay,40160,Greenhithe,(555) 144-3773,,Ethiopian,$$,3.7,1519,pass,fail,0.82,not found,none,unknown,SME,
R002470,roamly,2026-07-04,Thistle Juice Bar,3864 N Lindmere St,Verano Bay,40488,Ashgrove,(555) 987-0518,https://www.thistlejuicebar.example,Ethiopian,$,3.6,93,pass,fail,0.96,unknown,none,unknown,SME,
R003061,civicpages,2026-07-12,Tin Roof Coffee,3253 E Halloway Rd,Verano Bay,40776,Quarry End,5556585587,https://www.tinroofcoffee.example,Ethiopian,$$$$,4.0,1895,pass,fail,0.87,Cadence Station,website_fingerprint,fail,SME,
R001532,bookwell,2026-07-11,Redbird Osteria,2942 W Fennimore St,Verano Bay,40770,Marisol,+15559357793,https://www.redbirdosteria.example,Japanese,$$,3.4,550,pass,pass,0.85,n/a,none,unknown,SME,
R001547,tablefind,2026-07-04,Cinder Smokehouse,5385 S Mallow Blvd,Verano Bay,40587,Sablewood,555.707.9022,https://www.cindersmokehouse.example,Seafood,$$,4.2,1640,pass,pass,0.75,rivet,website_fingerprint,fail,SME,
R000449,roamly,2026-07-15,Kingfisher Room,1297 E Halloway Rd,Verano Bay,40286,Ferrymead,+15554623439,https://www.kingfisherroom.example,Mexican,$$$,3.8,797,pass,pass,0.91,meridian,website_fingerprint,pass,SME,
R000333,bookwell,2026-07-06,Warbler Grill,171 W Bayard Rd,Verano Bay,40373,Corvo Heights,(555) 277-4342,https://www.warblergrill.example,Vietnamese,$$$$,4.6,410,pass,pass,0.91,unknown,none,unknown,SME,
R003317,atlasmaps,2026-07-02,Loam Oyster Bar,6722 E Bayard Ave,Verano Bay,40256,Sablewood,555-975-2218,https://www.loamoysterbar.example,Barbecue,$$,4.0,2163,pass,pass,0.9,unknown,none,unknown,large,Loam Inc
R001591,atlasmaps,2026-07-09,Cobalt House,2816 S Ashfield Blvd,Verano Bay,40236,Kingsway,5553360489,,Thai,$,4.0,246,pass,pass,0.76,,none,unknown,SME,
R002755,roamly,2026-07-16,The Wren Boba,2547 N Prospect Ave,Verano Bay,40569,Bayview Flats,+1 555 628 0282,,Indian,$$,4.4,188,fail,fail,0.98,N/A,none,unknown,SME,
R002542,tablefind,2026-07-07,Nine Bridges Sandwich Shop,3848 S Lindmere St,Verano Bay,40531,Old Mill,(555) 133-7876,https://www.ninebridgessandwichsho.example,Mexican,$$,3.4,1178,fail,fail,0.74,Orbit POS,website_fingerprint,pass,SME,
R002061,atlasmaps,2026-07-18,Umber Dining Room - Sablewood,1844 E Lindmere Boulevard,Verano Bay,40447,Lantern Hill,(555) 828-1820,https://www.umberdiningroom.example,Italian,$$$,4.1,1801,pass,pass,0.88,not found,none,unknown,SME,
R000510,tablefind,2026-06-30,The Alder Oyster Bar,1116 West Vance Ave,Verano Bay,40405,Kingsway,555.320.0321,https://www.alderoysterbar.example,Vietnamese,$$$,4.6,1570,pass,pass,0.98,Unknown,none,unknown,SME,
R000771,civicpages,2026-07-22,Dovetail Oyster Bar,2211 W Fennimore Rd,Verano Bay,40283,Calder Park,+1 555 128 7262,https://www.dovetailoysterbar.example,French,$$,3.9,971,pass,pass,0.78,N/A,none,unknown,SME,
R002023,tablefind,2026-07-09,THICKET HOUSE,6640 North Ashfield Road,Verano Bay,40280,Sablewood,5555941086,https://www.thickethouse.example,Peruvian,$$,3.5,388,pass,pass,0.74,not found,none,unknown,SME,
R001827,tablefind,2026-07-26,Larkspur Supper Club,1951 E Bayard St,Verano Bay,40326,Palisade Park,555.632.1450,https://www.larkspursupperclub.example,Ethiopian,$$,3.8,586,pass,pass,0.79,Unknown,none,unknown,SME,
R000192,bookwell,2026-07-05,The Bluebird Kitchen,4386 N Ashfield Rd,Verano Bay,40740,Templeton,555-197-1152,https://www.bluebirdkitchen.example,Seafood,$$$$,3.6,452,pass,pass,0.83,n/a,none,unknown,SME,
R001428,roamly,2026-07-10,Bellwether Trattoria,5870 S Serra Ave,Verano Bay,40227,Windrow,5555615616,https://www.bellwethertrattoria.example,Peruvian,$$,4.0,1537,pass,pass,0.86,Ironclad,website_fingerprint,fail,SME,
R000570,tablefind,2026-07-21,The Kingfisher Chophouse,4950 West Ashfield Avenue,Verano Bay,40165,Quarry End,(555) 616-8334,https://www.kingfisherchophouse.example,Indian,$$$,3.4,1810,pass,pass,0.91,,none,unknown,SME,
R002145,roamly,2026-07-18,Harrow Grill Restaurant,7677 S Prospect Street,Verano Bay,40775,Quarry End,555.950.0363,,Indian,$,4.5,1177,pass,pass,0.96,-,none,unknown,SME,
R002084,tablefind,2026-07-01,Vesper Table,4600 W Vance Avenue,Verano Bay,40295,Sunfield,(555) 806-2116,https://www.vespertable.example,Korean,$$$,4.4,529,pass,pass,0.89,,none,unknown,SME,
R003016,roamly,2026-07-15,Foxtail Smoothie,3305 S Cortez Rd,Verano Bay,40552,Calder Park,+15552444031,https://www.foxtailsmoothie.example,Indian,$$$,4.5,807,fail,fail,0.73,,none,unknown,SME,
R002363,tablefind,2026-07-10,Redbird Boba 1,939 S Mallow St,Verano Bay,40519,Bayview Flats,555.101.7251,https://www.redbirdboba1.example,Indian,$$,4.0,1096,fail,fail,0.85,-,none,unknown,SME,
R001049,roamly,2026-07-27,Amber Wine Bar,2528 N Rivermead Rd,Verano Bay,40518,Rivera District,5554027189,https://www.amberwinebar.example,Contemporary,$$,4.6,1537,pass,pass,0.85,,none,unknown,SME,
R001846,bookwell,2026-07-27,Motherland Osteria,7904 E Halloway Ave,Verano Bay,40173,Miradero,(555) 320-7694,,Indian,$$,3.4,1756,pass,pass,0.96,-,none,unknown,SME,
R003185,civicpages,2026-07-02,Pike Taqueria - Palisade Park,5410 South Mallow Boulevard,Verano Bay,40199,Stillwater,5552804502,https://www.piketaqueria.example,Mexican,$$,4.2,371,pass,pass,0.95,n/a,none,unknown,mid-cap,Pike Group
R002951,dineline,2026-07-14,Thicket Juice Bar - Harbor Point,"293 W Quinton Blvd, Verano Bay",Verano Bay,40441,Old Mill,+1 555 571 0374,https://www.thicketjuicebar.example,Steakhouse,$$$,3.9,313,fail,fail,0.8,unknown,none,unknown,SME,
R000110,roamly,2026-07-13,Wildwood Trattoria,1359 W Vance St,Verano Bay,40312,Bayview Flats,555-729-6161,,Italian,$$,4.9,489,pass,pass,0.76,-,none,unknown,SME,
R002213,roamly,2026-07-21,Ember Taqueria,640 W Bayard Ave,Verano Bay,40620,Palisade Park,(555) 696-7421,https://www.embertaqueria.example,Peruvian,$$,4.1,310,pass,pass,0.78,UNKNOWN,none,unknown,SME,
R002005,tablefind,2026-07-13,KINSHIP OSTERIA,275 South Quinton Avenue,Verano Bay,40325,Ferrymead,(555) 595-0885,,Contemporary,$,3.5,908,pass,pass,0.75,UNKNOWN,none,unknown,SME,
R002604,civicpages,2026-07-04,Yarrow Juice Bar,7972 S Vance Ave,Verano Bay,40160,Miradero,(555) 918-1592,https://www.yarrowjuicebar.example,Mediterranean,$$$,3.5,1972,fail,fail,0.81,n/a,none,unknown,SME,
R002778,atlasmaps,2026-07-27,Vesper Donuts,5582 S Vance Ave,Verano Bay,40148,Old Mill,+1 555 675 6077,,Indian,$$,4.0,1586,pass,fail,0.93,not found,none,unknown,SME,
R003369,roamly,2026-07-13,The Nettle Osteria,1431 W Ashfield St,Verano Bay,40727,Greenhithe,(555) 972-2429,https://www.nettleosteria.example,Peruvian,$,3.5,97,pass,pass,0.78,-,none,unknown,large,Nettle Inc
R003320,atlasmaps,2026-07-02,Lantern Dining Room,3894 W Halloway Boulevard,Verano Bay,40199,Palisade Park,555-299-0860,https://www.lanterndiningroom.example,Seafood,$,4.2,651,pass,pass,0.76,-,none,unknown,large,Lantern Inc
R002567,atlasmaps,2026-07-04,Yarrow Bakery Verano Bay,7678 East Serra Boulevard,Verano Bay,40417,Templeton,555-343-2914,,Indian,$$$,3.7,55,fail,fail,0.98,Unknown,none,unknown,SME,
R002218,dineline,2026-07-14,Olive & Ash Taqueria,878 W Mallow Rd,Verano Bay,40581,Sablewood,555-349-4797,,Japanese,$$$,4.2,1300,pass,pass,0.79,UNKNOWN,none,unknown,SME,
R002243,dineline,2026-07-27,Larkspur Osteria,7116 W Quinton Ave,Verano Bay,40295,Marisol,+15551144529,https://www.larkspurosteria.example,Italian,$$$,3.5,588,pass,pass,0.76,not found,none,unknown,SME,
R000778,roamly,2026-07-23,Anchor Table,2297 W Halloway Ave,Verano Bay,40603,Sablewood,555-691-3389,https://www.anchortable.example,Contemporary,$,4.8,730,pass,pass,0.86,,none,unknown,SME,
R002964,atlasmaps,2026-07-01,Warbler Food Truck,2350 E Halloway St,Verano Bay,40234,Sablewood,(555) 354-6122,,Polish,$$$,3.9,823,fail,fail,0.81,n/a,none,unknown,SME,
R002576,dineline,2026-07-09,Amber Bakery,7888 E Fennimore Ave,Verano Bay,40293,Corvo Heights,+1 555 852 1546,,Ethiopian,$$$,4.2,652,fail,fail,0.76,Unknown,none,unknown,SME,
R000936,roamly,2026-07-03,Verde Dining Room,1488 E Fennimore Blvd,Verano Bay,40129,Kingsway,+15551553936,https://www.verdediningroom.example,Italian,$$$,4.1,1218,pass,pass,0.86,-,none,unknown,SME,
R001489,dineline,2026-07-28,Wildwood Table,3358 N Tarrow Blvd,Verano Bay,40788,Old Mill,5553900080,https://www.wildwoodtable.example,Indian,$$$$,4.4,1921,pass,pass,0.99,N/A,none,unknown,SME,
R001502,dineline,2026-07-08,Rambler Oyster Bar,2585 N Tarrow Blvd,Verano Bay,40286,Fox Hollow,5558068249,https://www.rambleroysterbar.example,Italian,$$$$,3.8,1615,pass,pass,0.95,UNKNOWN,none,unknown,SME,
R001939,atlasmaps,2026-07-16,Nettle Steakhouse,7320 W Vance Ave,Verano Bay,40128,Kingsway,5559167459,https://www.nettlesteakhouse.example,Thai,$$,3.6,1082,pass,pass,0.94,Northstar Restaurant,website_fingerprint,pass,SME,
R003099,roamly,2026-07-28,Silverfin Chophouse Restaurant,4783 N Prospect Boulevard,Verano Bay,40191,Kingsway,5556570823,https://www.silverfinchophouse.example,Mexican,$$$$,4.5,574,pass,pass,0.75,-,none,unknown,mid-cap,Silverfin Group
R002410,dineline,2026-07-26,Harrow Donuts 1,2872 W Serra St,Verano Bay,40111,Lantern Hill,555.376.6327,https://www.harrowdonuts1.example,Indian,$,3.5,273,fail,fail,0.98,n/a,none,unknown,SME,
R002024,civicpages,2026-07-04,Golden Hour Smokehouse,1057 W Mallow Rd,Verano Bay,40501,Marisol,555-285-7292,,Mediterranean,$$$,3.8,1225,pass,pass,0.94,Unknown,none,unknown,SME,
R000328,bookwell,2026-07-04,Tin Roof Supper Club,635 W Mallow St,Verano Bay,40534,Marisol,+1 555 230 2577,,Indian,$$$,4.6,864,pass,pass,0.9,-,none,unknown,SME,
R002115,dineline,2026-07-19,Pike Bistro,2553 South Lindmere Blvd,Verano Bay,40579,Stillwater,5557675879,,Thai,$,3.9,572,pass,pass,0.74,,none,unknown,SME,
R000483,civicpages,2026-07-15,Copper Chophouse Restaurant,321 North Rivermead Blvd,Verano Bay,40378,Alder Heights,+15557244994,https://www.copperchophouse.example,Greek,$$$,4.5,494,pass,pass,0.8,unknown,none,unknown,SME,
R000252,civicpages,2026-07-08,The Juniper Supper Club,6414 South Fennimore Avenue,Verano Bay,40482,Bramble Row,5556190462,https://www.junipersupperclub.example,Mediterranean,$$,3.5,1398,pass,pass,0.88,Unknown,none,unknown,SME,
R001146,civicpages,2026-07-03,Nine Bridges Tavern,6278 N Fennimore Rd,Verano Bay,40428,Fox Hollow,555.492.4989,https://www.ninebridgestavern.example,Steakhouse,$$$,3.8,1468,pass,pass,0.91,not found,none,unknown,SME,
R000654,bookwell,2026-07-21,Loam Smokehouse,3609 S Mallow Street,Verano Bay,40659,Corvo Heights,5558470910,https://www.loamsmokehouse.example,Greek,$$$$,4.1,874,pass,pass,0.93,not found,none,unknown,SME,
R001374,atlasmaps,2026-07-23,Violet Cantina,1893 E Calder St,Verano Bay,40422,Miradero,+15558989534,,Italian,$$,4.4,874,pass,pass,0.8,,none,unknown,SME,
R002683,roamly,2026-07-07,Cardinal Food Truck,4705 N Calder Rd,Verano Bay,40699,Ashgrove,+15553057742,https://www.cardinalfoodtruck.example,Contemporary,$$$$,3.5,782,pass,fail,0.85,,none,unknown,SME,
R001219,tablefind,2026-07-15,Basil & Bone Trattoria,7457 E Rivermead Ave,Verano Bay,40531,Windrow,555.420.9220,https://www.basilbonetrattoria.example,Italian,$$,4.5,1706,pass,pass,0.9,,none,unknown,SME,
R000870,roamly,2026-07-05,Zephyr Taqueria,3736 E Tarrow Blvd,Verano Bay,40596,Sablewood,(555) 992-0115,https://www.zephyrtaqueria.example,Mediterranean,$$,4.2,153,pass,pass,0.87,Northstar Restaurant,website_fingerprint,pass,SME,
R002313,atlasmaps,2026-07-14,The Warbler Juice Bar,1105 W Ashfield Blvd,Verano Bay,40353,Fox Hollow,+15558299059,https://www.warblerjuicebar.example,Greek,$$,4.8,1328,pass,fail,0.92,-,none,unknown,SME,
R000672,tablefind,2026-07-27,Mercado Wine Bar,5660 N Ashfield Blvd,Verano Bay,40263,Kingsway,555.533.2046,,Italian,$$,4.0,162,pass,pass,0.82,-,none,unknown,SME,
R001189,civicpages,2026-07-05,Sable Steakhouse - Ashgrove,1615 East Tarrow Boulevard,Verano Bay,40396,Sablewood,(555) 827-9097,,Greek,$$$,4.1,438,pass,pass,0.84,unknown,none,unknown,SME,
R002417,tablefind,2026-07-14,Understory Counter,2161 W Tarrow Rd,Verano Bay,40328,Rivera District,5553803345,,Japanese,$$$,5.0,543,pass,fail,0.86,unknown,none,unknown,SME,
R002370,bookwell,2026-07-10,Harrow Donuts,2625 S Tarrow Rd,Verano Bay,40730,Lantern Hill,5553974324,https://www.harrowdonuts.example,Ethiopian,$$,4.6,240,fail,fail,0.95,IRONCLAD,website_fingerprint,fail,SME,
R001035,civicpages,2026-07-13,Verde Osteria,"3201 W Mallow Rd, Verano Bay",Verano Bay,40683,Sunfield,555.627.1295,https://www.verdeosteria.example,Indian,$$$,4.9,1896,pass,pass,0.91,N/A,none,unknown,SME,
R001863,tablefind,2026-07-27,Alder Alehouse - Greenhithe,2582 S Mallow Rd,Verano Bay,40744,Cedar Cross,5554530531,,French,$$$$,4.7,1107,pass,pass,0.98,Unknown,none,unknown,SME,
R000887,tablefind,2026-07-05,Saffron Brasserie,4071 W Mallow Ave,Verano Bay,40681,Harbor Point,555.789.5103,,Polish,$,3.8,616,pass,pass,0.96,UNKNOWN,none,unknown,SME,
R002260,tablefind,2026-07-24,Quarry Creamery,5065 W Lindmere Rd,Verano Bay,40741,Greenhithe,555.845.8494,https://www.quarrycreamery.example,Italian,$,3.2,183,pass,fail,0.94,-,none,unknown,SME,
R001287,atlasmaps,2026-07-02,The Foxglove Dining Room,"5735 E Lindmere St, Verano Bay",Verano Bay,40236,Sablewood,+15552098035,,Mexican,$$$$,3.4,1059,pass,pass,0.79,UNKNOWN,none,unknown,SME,
R000418,dineline,2026-07-24,Heron Chophouse,7073 W Halloway St,Verano Bay,40544,Cedar Cross,(555) 383-7725,https://www.heronchophouse.example,Seafood,$$$$,4.7,628,pass,pass,0.77,,none,unknown,SME,
R000714,dineline,2026-07-03,Jackdaw Oyster Bar,5449 W Lindmere Blvd,Verano Bay,40732,Kingsway,(555) 462-6327,https://www.jackdawoysterbar.example,Contemporary,$$$,3.9,1308,pass,pass,0.99,-,none,unknown,SME,
R000462,dineline,2026-07-22,Basil & Bone House Verano Bay,5623 S Bayard St,Verano Bay,40770,Fox Hollow,555.918.3068,,Japanese,$,4.1,1317,pass,pass,0.91,,none,unknown,SME,
R000787,dineline,2026-07-23,MAGPIE TAVERN,"1614 W Rivermead Ave, Verano Bay",Verano Bay,40230,Sablewood,+1 555 869 9421,https://www.magpietavern.example,Peruvian,$$$,4.9,755,pass,pass,0.8,cadence,website_fingerprint,fail,SME,
R001417,civicpages,2026-07-07,Vesper Tavern,5772 North Fennimore St,Verano Bay,40259,Bayview Flats,5557579028,https://www.vespertavern.example,Korean,$$,4.5,935,pass,pass,0.95,N/A,none,unknown,SME,
R002908,bookwell,2026-07-17,Ember Counter,608 N Halloway St,Verano Bay,40779,Marisol,5553435782,,Mediterranean,$$,3.6,221,fail,fail,0.9,not found,none,unknown,SME,
R001642,tablefind,2026-07-16,Quarry Room - Calder Park,5302 East Ashfield Ave,Verano Bay,40339,Old Mill,555.843.0541,https://www.quarryroom.example,Peruvian,$$$$,3.9,1065,pass,pass,0.72,UNKNOWN,none,unknown,SME,
R002504,roamly,2026-07-15,The Palisade Kiosk,2568 W Mallow Rd,Verano Bay,40308,Harbor Point,555.791.0860,https://www.palisadekiosk.example,Korean,$$$,3.5,963,pass,fail,0.98,n/a,none,unknown,SME,
R002029,tablefind,2026-07-12,Pike Chophouse,1148 North Bayard Street,Verano Bay,40216,Alder Heights,+1 555 389 2581,,Barbecue,$$,3.6,132,pass,pass,0.88,n/a,none,unknown,SME,
R001870,bookwell,2026-07-21,MARIGOLD CHOPHOUSE,6371 N Vance Street,Verano Bay,40225,Palisade Park,555.467.3418,https://www.marigoldchophouse.example,Vietnamese,$$,3.7,605,pass,pass,0.75,N/A,none,unknown,SME,
R002939,dineline,2026-07-16,Salt & Vine Express Restaurant,2540 West Tarrow Boulevard,Verano Bay,40688,Rivera District,555-327-4209,,Greek,$,4.8,1308,pass,fail,0.95,-,none,unknown,SME,
R003321,civicpages,2026-07-09,Lantern Dining Room,3894 West Halloway Blvd,Verano Bay,40200,Palisade Park,(555) 299-0860,https://www.lanterndiningroom.example,Seafood,$,4.1,652,pass,pass,0.88,n/a,none,unknown,large,Lantern Inc
R000815,bookwell,2026-07-27,Sparrow House - Quarry End,2907 W Ashfield Rd,Verano Bay,40140,Rivera District,(555) 303-7331,,Indian,$$$,3.9,1470,pass,pass,0.8,n/a,none,unknown,SME,
R003290,bookwell,2026-07-02,Tallgrass Oyster Bar Restaurant,1645 East Quinton Boulevard,Verano Bay,40404,Stillwater,555-331-0203,https://www.tallgrassoysterbar.example,Mexican,$$$,3.8,894,pass,pass,0.84,Vellum Restaurant,website_fingerprint,pass,large,Tallgrass Inc
R002924,civicpages,2026-07-15,Basil & Bone To Go,6620 N Rivermead Rd,Verano Bay,40395,Templeton,+15552066682,,Mexican,$$$,3.8,339,fail,fail,0.76,n/a,none,unknown,SME,
R001073,tablefind,2026-07-16,Plumb Osteria,5975 N Rivermead Rd,Verano Bay,40540,Cedar Cross,555-611-8854,https://www.plumbosteria.example,Seafood,$,3.6,1150,pass,pass,0.99,N/A,none,unknown,SME,
R001392,bookwell,2026-07-16,Nine Bridges Cantina Restaurant,1465 S Mallow Rd,Verano Bay,40537,Cedar Cross,5557579755,https://www.ninebridgescantina.example,Italian,$$$$,4.6,249,pass,pass,0.89,Salt Box,website_fingerprint,fail,SME,
R000256,bookwell,2026-07-17,Verde Bistro Verano Bay,828 South Serra Boulevard,Verano Bay,40522,Bramble Row,5557995761,https://www.verdebistro.example,Vietnamese,$$$$,3.5,1955,pass,pass,0.83,Cadence Station,website_fingerprint,fail,SME,
R002990,dineline,2026-07-17,Tin Roof Smoothie,4127 E Wexley Ave,Verano Bay,40552,Alder Heights,+1 555 255 5913,https://www.tinroofsmoothie.example,Barbecue,$,4.0,909,pass,fail,0.73,,none,unknown,SME,
R000279,roamly,2026-07-26,Quill Kitchen,4160 E Tarrow St,Verano Bay,40556,Templeton,+15553126690,https://www.quillkitchen.example,Greek,$$,4.7,369,pass,pass,0.76,n/a,none,unknown,SME,
R002978,atlasmaps,2026-07-06,Rookery Counter,1353 E Rivermead St,Verano Bay,40595,Rivera District,5559056675,,Seafood,$$,4.7,1239,pass,fail,0.87,unknown,none,unknown,SME,
R001337,roamly,2026-07-12,Thistle Bistro Restaurant,1341 East Lindmere Street,Verano Bay,40260,Cedar Cross,5556998106,https://www.thistlebistro.example,Japanese,$$,3.7,594,pass,pass,0.82,-,none,unknown,SME,
R001698,bookwell,2026-07-26,The Loam Trattoria,"3803 W Serra Blvd, Verano Bay",Verano Bay,40689,Sunfield,5557461807,,Polish,$,4.7,353,pass,pass,0.74,-,none,unknown,SME,
R002248,atlasmaps,2026-07-23,Amber House,974 E Bayard Rd,Verano Bay,40766,Lantern Hill,555.990.4276,https://www.amberhouse.example,Spanish,$,4.6,698,pass,pass,0.8,unknown,none,unknown,SME,
R002168,tablefind,2026-07-01,Nettle Taqueria,4273 West Wexley Road,Verano Bay,40620,Kingsway,555.608.9215,https://www.nettletaqueria.example,Mexican,$$,3.9,2054,pass,pass,0.83,,none,unknown,SME,
R000794,bookwell,2026-07-05,Cobalt Table,2325 E Tarrow Ave,Verano Bay,40574,Ferrymead,(555) 874-2493,https://www.cobalttable.example,Korean,$$,4.1,1689,pass,pass,0.73,,none,unknown,SME,
R002272,roamly,2026-07-16,Ironwood Coffee Verano Bay,3820 North Wexley Rd,Verano Bay,40406,Corvo Heights,5555353027,https://www.ironwoodcoffee.example,Seafood,$$$$,4.8,897,pass,fail,0.86,n/a,none,unknown,SME,
R002256,civicpages,2026-07-26,Sorrel To Go,2515 S Mallow Blvd,Verano Bay,40339,Cedar Cross,555-501-3751,,Greek,$,3.3,1150,fail,fail,0.85,N/A,none,unknown,SME,
R002825,atlasmaps,2026-07-22,Quill To Go,7759 E Prospect Blvd,Verano Bay,40221,Lantern Hill,+15559929262,https://www.quilltogo.example,Contemporary,$$,4.0,1442,fail,fail,0.82,n/a,none,unknown,SME,
R002616,roamly,2026-07-07,MAGPIE DONUTS,7341 S Quinton St,Verano Bay,40621,Bayview Flats,(555) 355-6421,https://www.magpiedonuts.example,Spanish,$,4.1,431,pass,fail,0.86,,none,unknown,SME,
R001212,civicpages,2026-07-17,Zephyr Supper Club - Alder Heights,247 East Calder Avenue,Verano Bay,40418,Bayview Flats,5553619659,,Japanese,$$,4.1,1143,pass,pass,0.92,N/A,none,unknown,SME,
R002557,roamly,2026-07-01,Kingfisher Boba,1727 W Halloway St,Verano Bay,40577,Alder Heights,(555) 778-8638,https://www.kingfisherboba.example,Greek,$$,4.6,1070,pass,fail,0.91,not found,none,unknown,SME,
R002303,atlasmaps,2026-07-08,Mercado Coffee,2599 S Bayard Blvd,Verano Bay,40401,Miradero,(555) 850-9445,https://www.mercadocoffee.example,Thai,$$,4.0,1451,fail,fail,0.9,,none,unknown,SME,
R002392,roamly,2026-07-16,Tidewater Deli,720 N Calder Ave,Verano Bay,40214,Sunfield,(555) 737-4233,https://www.tidewaterdeli.example,Vietnamese,$$,4.3,864,fail,fail,0.88,Unknown,none,unknown,SME,
R002489,tablefind,2026-07-19,Harrow Kiosk Verano Bay,6772 South Prospect Street,Verano Bay,40210,Ferrymead,5551988874,https://www.harrowkiosk.example,Vietnamese,$$$,4.5,907,pass,fail,0.75,unknown,none,unknown,SME,
R000773,dineline,2026-07-28,Dovetail Oyster Bar - Quarry End,"2211 W Fennimore Rd, Verano Bay",Verano Bay,40627,Calder Park,555.128.7262,https://www.dovetailoysterbar.example,French,$$,3.8,1384,pass,pass,0.89,cadence flex,website_fingerprint,fail,SME,
R000899,roamly,2026-07-14,Zephyr Tavern,3027 North Cortez Street,Verano Bay,40480,Palisade Park,555-605-0732,https://www.zephyrtavern.example,Barbecue,$$,3.8,844,pass,pass,0.93,,none,unknown,SME,
R001203,civicpages,2026-07-07,Larkspur Table,6639 N Tarrow Ave,Verano Bay,40241,Windrow,5559741255,,Polish,$,4.8,1261,pass,pass,0.92,not found,none,unknown,SME,
R001139,roamly,2026-07-09,Blue Heron Wine Bar,7394 W Calder Ave,Verano Bay,40594,Corvo Heights,+15559031889,https://www.blueheronwinebar.example,Thai,$$$,3.7,51,pass,pass,0.76,,none,unknown,SME,
R002745,dineline,2026-07-20,Kettle Coffee,5239 North Tarrow Rd,Verano Bay,40676,Cedar Cross,5559482194,https://www.kettlecoffee.example,Peruvian,$$$$,4.4,388,fail,fail,0.94,IRONCLAD,website_fingerprint,fail,SME,
R001186,civicpages,2026-07-20,Thistle Tavern,2582 N Lindmere Rd,Verano Bay,40389,Harbor Point,+1 555 215 1816,https://www.thistletavern.example,Mexican,$$,4.8,1617,pass,pass,0.95,N/A,none,unknown,SME,
R000882,bookwell,2026-07-15,Tidewater Dining Room,2494 South Halloway Rd,Verano Bay,40307,Kingsway,+1 555 694 2624,https://www.tidewaterdiningroom.example,Italian,$$$,3.7,1363,pass,pass,0.92,Unknown,none,unknown,SME,
R002062,bookwell,2026-07-02,Kettle Oyster Bar,2995 S Cortez Ave,Verano Bay,40279,Marisol,5558504061,https://www.kettleoysterbar.example,Barbecue,$$,4.4,2061,pass,pass,0.95,Tessera,website_fingerprint,pass,SME,
R000534,roamly,2026-06-30,Marigold Oyster Bar - Old Mill,5208 West Fennimore St,Verano Bay,40271,Palisade Park,5559107149,,Seafood,$,3.8,1492,pass,pass,0.73,N/A,none,unknown,SME,
R003248,roamly,2026-07-07,Larkspur Steakhouse Restaurant,"2942 N Fennimore Rd, Verano Bay",Verano Bay,40564,Cedar Cross,555.295.6959,https://www.larkspursteakhouse.example,Korean,$$,4.6,778,pass,pass,0.88,,none,unknown,mid-cap,Larkspur Group
R002515,bookwell,2026-07-26,UNDERSTORY CAFE,4600 S Vance Road,Verano Bay,40678,Templeton,555-164-7769,https://www.understorycafe.example,Contemporary,$$$,3.6,771,pass,fail,0.77,n/a,none,unknown,SME,
R002052,dineline,2026-07-07,Harrow Oyster Bar,3950 E Tarrow Rd,Verano Bay,40334,Cedar Cross,555-139-7671,https://www.harrowoysterbar.example,Peruvian,$$,3.9,1353,pass,pass,0.78,,none,unknown,SME,
R002292,dineline,2026-07-12,Anchor Counter,835 N Calder Rd,Verano Bay,40459,Alder Heights,5551510267,,Mediterranean,$$$,4.9,903,fail,fail,0.86,not found,none,unknown,SME,
R002118,roamly,2026-07-22,Halcyon Brasserie,2180 S Quinton Rd,Verano Bay,40350,Templeton,,https://www.halcyonbrasserie.example,Ethiopian,$$,4.2,577,pass,pass,0.98,UNKNOWN,none,unknown,SME,
R001352,tablefind,2026-07-23,Jackdaw Brasserie - Quarry End,"6751 E Vance Ave, Verano Bay",Verano Bay,40378,Ashgrove,+15553630393,,Japanese,$$$$,3.8,899,pass,pass,0.99,Unknown,none,unknown,SME,
R000221,atlasmaps,2026-07-22,Sixpence Steakhouse,4719 West Rivermead Rd,Verano Bay,40208,Greenhithe,+15552921112,https://www.sixpencesteakhouse.example,Korean,$$$,4.3,998,pass,pass,0.85,N/A,none,unknown,SME,
R000514,roamly,2026-07-22,Warbler Dining Room,1108 N Mallow St,Verano Bay,40609,Ashgrove,555-550-0833,https://www.warblerdiningroom.example,Barbecue,$$,3.9,471,pass,pass,0.9,Unknown,none,unknown,SME,
R003227,bookwell,2026-07-08,Gallow Kitchen,4052 N Calder Blvd,Verano Bay,40347,Kingsway,555-220-4942,https://www.gallowkitchen.example,Contemporary,$$$,3.9,1333,pass,pass,0.81,,none,unknown,mid-cap,Gallow Group
R001575,bookwell,2026-07-26,Gallow Steakhouse - Ashgrove,4542 W Mallow Boulevard,Verano Bay,40412,Miradero,5553671188,,Spanish,$$,3.6,852,pass,pass,0.84,Unknown,none,unknown,SME,
R000124,roamly,2026-07-23,Sparrow Alehouse,7320 E Calder St,Verano Bay,40344,Corvo Heights,(555) 940-3998,https://www.sparrowalehouse.example,Barbecue,$$$$,3.7,100,pass,pass,0.77,Northstar Restaurant,website_fingerprint,pass,SME,
R003302,atlasmaps,2026-07-24,Nine Bridges Grill,4966 S Halloway Rd,Verano Bay,40725,Bramble Row,5555951333,https://www.ninebridgesgrill.example,Italian,$$$,4.8,559,pass,pass,0.82,vellum pos,website_fingerprint,pass,large,Nine Inc
R001376,tablefind,2026-06-30,Violet Cantina - Ferrymead,1893 East Calder Street,Verano Bay,40238,Miradero,+15558989534,,Italian,$$,4.3,601,pass,pass,0.77,not found,none,unknown,SME,
R000112,roamly,2026-07-21,JACKDAW GRILL,2420 E Tarrow Boulevard,Verano Bay,40565,Templeton,5558781659,https://www.jackdawgrill.example,Spanish,$$,4.7,970,pass,pass,0.89,unknown,none,unknown,SME,
R000108,bookwell,2026-07-02,Kingfisher Bistro,181 S Vance St,Verano Bay,40439,Miradero,+15553740494,https://www.kingfisherbistro.example,French,$,4.4,536,pass,pass,0.98,-,none,unknown,SME,
R003329,civicpages,2026-07-08,Plumb Dining Room Verano Bay,1468 N Quinton Blvd,Verano Bay,40729,Cedar Cross,,https://www.plumbdiningroom.example,Mediterranean,$$$,3.5,294,pass,pass,0.99,N/A,none,unknown,large,Plumb Inc
R002998,tablefind,2026-07-20,Gallow Deli,5477 W Cortez Avenue,Verano Bay,40528,Miradero,555.723.6254,https://www.gallowdeli.example,Barbecue,$$,3.9,1121,pass,fail,0.73,N/A,none,unknown,SME,
R000321,atlasmaps,2026-07-15,Understory Kitchen,7478 S Lindmere Ave,Verano Bay,40758,Ferrymead,555.789.5883,,Seafood,$$,4.4,620,pass,pass,0.96,N/A,none,unknown,SME,
R001893,atlasmaps,2026-07-22,Quill Steakhouse - Corvo Heights,"7868 E Quinton Ave, Verano Bay",Verano Bay,40250,Miradero,+15554198879,https://www.quillsteakhouse.example,Barbecue,$$,4.0,808,pass,pass,0.9,unknown,none,unknown,SME,
R003167,atlasmaps,2026-07-12,Cinder Room,3291 S Rivermead Rd,Verano Bay,40203,Old Mill,(555) 649-0270,https://www.cinderroom.example,Ethiopian,$$,4.1,402,pass,pass,0.75,not found,none,unknown,mid-cap,Cinder Group
R000327,dineline,2026-07-06,Larkspur Chophouse,3274 South Tarrow Road,Verano Bay,40689,Marisol,,https://www.larkspurchophouse.example,Thai,$$$,3.8,1084,pass,pass,0.77,Meridian Server,website_fingerprint,pass,SME,
R003119,bookwell,2026-07-06,Silverfin Alehouse,"4768 E Mallow Ave, Verano Bay",Verano Bay,40446,Fox Hollow,5559436020,https://www.silverfinalehouse.example,Italian,$$,3.5,781,pass,pass,0.98,-,none,unknown,mid-cap,Silverfin Group
R001897,atlasmaps,2026-07-08,Understory Tavern,1528 E Lindmere Ave,Verano Bay,40211,Fox Hollow,555.664.3643,,Greek,$$,4.3,117,pass,pass,0.76,n/a,none,unknown,SME,
R000278,atlasmaps,2026-07-02,Lantern Trattoria,1359 East Vance St,Verano Bay,40751,Greenhithe,555.627.1425,https://www.lanterntrattoria.example,Polish,$,4.5,577,pass,pass,0.96,UNKNOWN,none,unknown,SME,
R000387,civicpages,2026-07-26,Sorrel Supper Club - Harbor Point,1241 W Serra Avenue,Verano Bay,40231,Stillwater,+15553696916,https://www.sorrelsupperclub.example,Barbecue,$$$,4.4,44,pass,pass,0.72,N/A,none,unknown,SME,
R003334,roamly,2026-07-17,Northbank Trattoria,6583 N Cortez Rd,Verano Bay,40264,Fox Hollow,555.942.4375,https://www.northbanktrattoria.example,Contemporary,$$$,3.9,573,pass,pass,0.84,CADENCE,website_fingerprint,fail,large,Northbank Inc
R000781,civicpages,2026-07-21,Quill Grill - Ashgrove,791 N Halloway Blvd,Verano Bay,40576,Greenhithe,5557338680,https://www.quillgrill.example,Japanese,$$,4.1,791,pass,pass,0.91,not found,none,unknown,SME,
R002522,tablefind,2026-07-24,Tallgrass Food Truck,674 S Prospect Rd,Verano Bay,40124,Palisade Park,555.906.7932,,Mexican,$$,4.0,824,pass,fail,0.8,not found,none,unknown,SME,
R002572,civicpages,2026-07-25,Kingfisher Juice Bar,4661 North Bayard Rd,Verano Bay,40299,Harbor Point,+1 555 341 0766,,Barbecue,$$$$,3.6,1576,pass,fail,0.84,-,none,unknown,SME,
R003144,dineline,2026-07-22,SILVERFIN GRILL,4218 South Bayard Rd,Verano Bay,40363,Stillwater,555-214-4310,https://www.silverfingrill.example,Steakhouse,$$,4.7,1598,pass,pass,0.79,Unknown,none,unknown,mid-cap,Silverfin Group
R000115,bookwell,2026-07-26,Rambler Osteria - Harbor Point,3370 South Cortez Rd,Verano Bay,40105,Rivera District,,https://www.ramblerosteria.example,Japanese,$,3.9,533,pass,pass,0.73,UNKNOWN,none,unknown,SME,
R001754,civicpages,2026-07-07,Understory Room,6370 E Fennimore Ave,Verano Bay,40157,Greenhithe,555.283.3537,https://www.understoryroom.example,Vietnamese,$$$,3.6,231,pass,pass,0.93,,none,unknown,SME,
R002645,tablefind,2026-07-01,Olive & Ash Sandwich Shop,4829 W Mallow St,Verano Bay,40586,Fox Hollow,(555) 445-6225,https://www.oliveashsandwichshop.example,Contemporary,$,4.3,221,pass,fail,0.85,unknown,none,unknown,SME,
R001966,bookwell,2026-07-19,Thicket Grill Restaurant,5352 N Bayard Road,Verano Bay,40688,Miradero,555.396.9753,https://www.thicketgrill.example,Contemporary,$$$$,4.0,1633,pass,pass,0.93,N/A,none,unknown,SME,
R003407,roamly,2026-07-11,Umber Chophouse,4539 N Fennimore Ave,Northmoor,40384,,+1 555 708 9163,https://www.umberchophouse.example,Vietnamese,$$$,4.6,699,pass,pass,0.75,Meridian Cloud POS,website_fingerprint,pass,SME,
R002409,atlasmaps,2026-07-02,Marigold To Go,1857 E Ashfield Ave,Verano Bay,40144,Miradero,+15553759845,,Peruvian,$$,3.7,249,pass,fail,0.81,not found,none,unknown,SME,
R002104,civicpages,2026-07-22,Plumb Wine Bar,5225 S Mallow St,Verano Bay,40632,Windrow,555.632.4586,https://www.plumbwinebar.example,French,$$$,4.6,223,pass,pass,0.98,quillpay pos,website_fingerprint,pass,SME,
R002102,bookwell,2026-07-01,Silverfin House,6487 E Mallow Ave,Verano Bay,40472,Bayview Flats,+15555993078,https://www.silverfinhouse.example,Thai,$$,5.0,1202,pass,pass,0.9,,none,unknown,SME,
R000932,civicpages,2026-07-16,Persimmon Bistro,3916 W Rivermead Ave,Verano Bay,40342,Rivera District,555-657-2844,https://www.persimmonbistro.example,Ethiopian,$$$$,4.3,448,pass,pass,0.95,not found,none,unknown,SME,
R000148,bookwell,2026-07-01,Harrow Supper Club,3346 S Cortez St,Verano Bay,40513,Palisade Park,5553429091,,Contemporary,$$$,3.7,1140,pass,pass,0.96,Unknown,none,unknown,SME,
R000357,roamly,2026-07-05,Cardinal Chophouse,7224 W Vance Ave,Verano Bay,40156,Greenhithe,555-954-9908,https://www.cardinalchophouse.example,Seafood,$$$,3.9,26,pass,pass,0.85,not found,none,unknown,SME,
R002640,atlasmaps,2026-07-15,Saffron Boba,3950 E Rivermead Rd,Verano Bay,40189,Lantern Hill,5556475428,,Peruvian,$$$$,4.7,1611,pass,fail,0.93,n/a,none,unknown,SME,
R000959,dineline,2026-07-18,Zephyr Room,3652 E Cortez Ave,Verano Bay,40421,Miradero,+1 555 775 1777,,French,$$$,3.3,1931,pass,pass,0.96,n/a,none,unknown,SME,
R002486,roamly,2026-07-09,Lantern Kiosk Verano Bay,3613 W Cortez Boulevard,Verano Bay,40347,Calder Park,5557047064,,French,$$$,3.6,1175,fail,fail,0.97,UNKNOWN,none,unknown,SME,
R001546,atlasmaps,2026-07-10,Fallowfield Bistro,2896 S Fennimore Ave,Verano Bay,40135,Lantern Hill,555-592-2264,https://www.fallowfieldbistro.example,Barbecue,$$$,4.6,1632,pass,pass,0.79,Ironclad POS,website_fingerprint,fail,SME,
R003150,atlasmaps,2026-07-09,Yarrow Smokehouse,7976 E Vance St,Verano Bay,40364,Palisade Park,+1 555 386 7827,https://www.yarrowsmokehouse.example,Polish,$$,3.7,36,pass,pass,0.95,N/A,none,unknown,mid-cap,Yarrow Group
R001445,atlasmaps,2026-07-13,Wildwood Supper Club,3717 W Rivermead Blvd,Verano Bay,40387,Kingsway,5559351479,,Greek,$,4.4,867,pass,pass,0.8,N/A,none,unknown,SME,
R003115,dineline,2026-07-17,Marrow Brasserie,3386 W Halloway St,Verano Bay,40347,Bramble Row,5556117505,https://www.marrowbrasserie.example,Spanish,$$,3.8,1491,pass,pass,0.97,not found,none,unknown,mid-cap,Marrow Group
R000946,tablefind,2026-07-16,Juniper Steakhouse,1413 E Bayard Blvd,Verano Bay,40516,Windrow,555.695.2761,https://www.junipersteakhouse.example,Korean,$$$,4.1,1054,pass,pass,0.72,not found,none,unknown,SME,
R001335,bookwell,2026-07-03,Thistle Bistro Restaurant,"1341 E Lindmere St, Verano Bay",Verano Bay,40207,Cedar Cross,(555) 699-8106,https://www.thistlebistro.example,Japanese,$$,4.0,712,pass,pass,0.95,,none,unknown,SME,
R000528,civicpages,2026-07-11,Fallowfield Alehouse Restaurant,439 South Bayard Ave,Verano Bay,40658,Windrow,+15556125370,https://www.fallowfieldalehouse.example,Indian,$$,4.6,833,pass,pass,0.86,ironclad,website_fingerprint,fail,SME,
R002159,dineline,2026-07-28,Magpie Cantina,5724 W Ashfield Ave,Verano Bay,40261,Lantern Hill,555.716.7052,https://www.magpiecantina.example,Vietnamese,$$$$,4.5,469,pass,pass,0.98,N/A,none,unknown,SME,
R003123,civicpages,2026-07-13,Quill Wine Bar,7123 W Mallow Blvd,Verano Bay,40291,Templeton,555.700.2920,https://www.quillwinebar.example,Italian,$$$$,3.6,843,pass,pass,0.78,not found,none,unknown,mid-cap,Quill Group
R001331,tablefind,2026-07-20,Tidewater Tavern,868 West Wexley Ave,Verano Bay,40467,Corvo Heights,555.261.4860,https://www.tidewatertavern.example,Greek,$,3.6,923,pass,pass,0.85,Ironclad,website_fingerprint,fail,SME,
R001735,civicpages,2026-07-23,Quarry Oyster Bar Restaurant,3506 West Tarrow Boulevard,Verano Bay,40545,Sunfield,+1 555 365 8714,https://www.quarryoysterbar.example,Contemporary,$$,4.5,1133,pass,pass,0.93,not found,none,unknown,SME,
R003032,tablefind,2026-07-04,Sorrel Cafe,2822 E Tarrow Road,Verano Bay,40639,Corvo Heights,(555) 881-7994,https://www.sorrelcafe.example,Mexican,$$$,4.6,295,pass,fail,0.76,-,none,unknown,SME,
R001490,atlasmaps,2026-07-13,The Wildwood Table,3358 N Tarrow Boulevard,Verano Bay,40123,Old Mill,,https://www.wildwoodtable.example,Indian,$$$$,4.5,2012,pass,pass,0.8,Fernpost,website_fingerprint,fail,SME,
R002701,tablefind,2026-07-01,Heron Donuts 1,1112 W Prospect Ave,Verano Bay,40713,Quarry End,555-389-9305,,Italian,$$,4.0,938,fail,fail,0.91,unknown,none,unknown,SME,
R001839,dineline,2026-07-05,KINGFISHER DINING ROOM,1545 E Bayard Street,Verano Bay,40512,Ashgrove,(555) 332-5989,https://www.kingfisherdiningroom.example,Thai,$$$,5.0,1401,pass,pass,0.83,,none,unknown,SME,
R000720,tablefind,2026-07-24,Kinship Alehouse,6370 S Rivermead St,Verano Bay,40173,Corvo Heights,+15556939976,https://www.kinshipalehouse.example,Barbecue,$$,5.0,1248,pass,pass,0.82,n/a,none,unknown,SME,
R002319,roamly,2026-07-13,JUNIPER CREAMERY,7369 N Calder Blvd,Verano Bay,40564,Bramble Row,555.375.3850,https://www.junipercreamery.example,Polish,$$$,3.6,666,fail,fail,0.84,Meridian Cloud POS,website_fingerprint,pass,SME,
R000591,atlasmaps,2026-07-10,Little Bear Steakhouse - Old Mill,5291 West Bayard Street,Verano Bay,40407,Sablewood,555.116.9089,https://www.littlebearsteakhouse.example,Japanese,$,3.8,1071,pass,pass,0.78,Northstar,website_fingerprint,pass,SME,
R000119,bookwell,2026-07-17,Redbird Supper Club,7226 North Calder Road,Verano Bay,40562,Calder Park,+1 555 763 3990,https://www.redbirdsupperclub.example,Contemporary,$,3.4,195,pass,pass,0.98,Fernpost,website_fingerprint,fail,SME,
R002629,dineline,2026-07-15,Wren Creamery - Stillwater,"3429 N Calder St, Verano Bay",Verano Bay,40463,Lantern Hill,+1 555 536 3372,,Barbecue,$$$,4.1,103,pass,fail,0.77,,none,unknown,SME,
R003108,bookwell,2026-07-27,Sorrel Bistro,5147 S Bayard Ave,Verano Bay,40353,Old Mill,,https://www.sorrelbistro.example,Polish,$$$,3.6,153,pass,pass,0.79,unknown,none,unknown,mid-cap,Sorrel Group
R003039,tablefind,2026-07-01,Sorrel Coffee,3538 S Wexley Blvd,Verano Bay,40726,Harbor Point,555.743.2154,,Contemporary,$$$,4.5,883,pass,fail,0.94,-,none,unknown,SME,
R000516,tablefind,2026-07-27,Orchard Tavern,1189 S Halloway St,Verano Bay,40557,Stillwater,+15558505155,,Polish,$,3.5,1077,pass,pass,0.92,,none,unknown,SME,
R002298,tablefind,2026-07-18,Tallgrass Creamery,7634 S Rivermead Street,Verano Bay,40112,Stillwater,+1 555 976 3163,https://www.tallgrasscreamery.example,Korean,$,4.5,1414,fail,fail,0.73,ironcladpos,website_fingerprint,fail,SME,
R000686,atlasmaps,2026-07-02,Wren Chophouse,485 West Tarrow Road,Verano Bay,40306,Ashgrove,+15559093269,https://www.wrenchophouse.example,Vietnamese,$$$,3.7,1636,pass,pass,0.77,Unknown,none,unknown,SME,
R002192,dineline,2026-07-09,Rookery Supper Club,3453 North Rivermead Boulevard,Verano Bay,40250,Ferrymead,555-409-2987,https://www.rookerysupperclub.example,Barbecue,$,3.6,1257,pass,pass,0.98,Vellum Restaurant,website_fingerprint,pass,SME,
R000661,dineline,2026-07-08,Harrow Tavern,4021 W Tarrow Blvd,Verano Bay,40373,Sablewood,555-938-6109,https://www.harrowtavern.example,Ethiopian,$$$$,3.7,1265,pass,pass,0.88,Unknown,none,unknown,SME,
R001969,civicpages,2026-07-11,Orchard Trattoria,5749 E Mallow Avenue,Verano Bay,40650,Fox Hollow,+1 555 175 1932,https://www.orchardtrattoria.example,Vietnamese,$$,4.2,1206,pass,pass,0.98,UNKNOWN,none,unknown,SME,
R003323,civicpages,2026-07-18,Marrow Table - Miradero,280 N Serra St,Verano Bay,40583,Quarry End,555.773.8524,https://www.marrowtable.example,Spanish,$,4.5,1283,pass,pass,0.87,Unknown,none,unknown,large,Marrow Inc
R000096,atlasmaps,2026-07-10,Nightjar Cantina,1949 S Serra Rd,Verano Bay,40709,Bramble Row,+1 555 833 8019,https://www.nightjarcantina.example,Barbecue,$$$,4.5,345,pass,pass,0.73,ironclad,website_fingerprint,fail,SME,
R003357,civicpages,2026-07-28,Stonecutter Chophouse Restaurant,1329 N Bayard Ave,Verano Bay,40458,Cedar Cross,555.780.7842,https://www.stonecutterchophouse.example,Barbecue,$$$,3.8,410,pass,pass,0.87,N/A,none,unknown,large,Stonecutter Inc
R002210,tablefind,2026-07-09,The Yarrow Trattoria,6758 West Tarrow Avenue,Verano Bay,40153,Sunfield,555.544.8886,https://www.yarrowtrattoria.example,Mediterranean,$$$,3.4,1131,pass,pass,0.9,N/A,none,unknown,SME,
R000722,roamly,2026-07-01,Kinship Alehouse - Greenhithe,6370 S Rivermead Street,Verano Bay,40275,Corvo Heights,555-693-9976,https://www.kinshipalehouse.example,Barbecue,$$,4.8,1727,pass,pass,0.83,N/A,none,unknown,SME,
R000739,bookwell,2026-07-28,Little Bear Grill,7609 N Vance Rd,Verano Bay,40343,Greenhithe,555-533-4184,https://www.littlebeargrill.example,Thai,$$$,3.7,2209,pass,pass,0.86,N/A,none,unknown,SME,
R000330,atlasmaps,2026-07-10,Tidewater Steakhouse,3869 W Bayard Ave,Verano Bay,40751,Miradero,+1 555 336 7676,,Ethiopian,$,4.1,1788,pass,pass,0.92,unknown,none,unknown,SME,
R002743,dineline,2026-07-22,Nettle Juice Bar,6311 North Mallow Blvd,Verano Bay,40124,Quarry End,555.986.6546,,French,$$$,4.5,1669,pass,fail,0.88,-,none,unknown,SME,
R002966,tablefind,2026-07-26,Warbler Food Truck Verano Bay,2350 E Halloway Street,Verano Bay,40445,Sablewood,,,Polish,$$$,3.9,505,pass,fail,0.95,not found,none,unknown,SME,
R001829,dineline,2026-07-26,Rosewater Kitchen,7432 N Ashfield Rd,Verano Bay,40305,Old Mill,555.445.6886,,Mediterranean,$$,4.4,1677,pass,pass,0.85,unknown,none,unknown,SME,
R000020,bookwell,2026-07-26,VERDE ALEHOUSE,5653 N Tarrow Boulevard,Verano Bay,40197,Bayview Flats,,https://www.verdealehouse.example,Spanish,$$,4.1,131,pass,pass,0.85,Meridian Cloud,website_fingerprint,pass,SME,Verde Restaurant Group
R002401,tablefind,2026-07-19,Bluebird Express - Stillwater,6710 W Lindmere Street,Verano Bay,40742,Marisol,+1 555 156 1529,,Korean,$$$,4.3,227,pass,fail,0.87,Unknown,none,unknown,SME,
R001317,atlasmaps,2026-07-24,Foxtail House,6035 E Vance Rd,Verano Bay,40396,Ferrymead,+1 555 524 9523,https://www.foxtailhouse.example,Thai,$,4.6,1293,pass,pass,0.87,ironcladpos,website_fingerprint,fail,SME,
R001298,atlasmaps,2026-07-23,Lantern Cantina Verano Bay,1638 East Cortez Boulevard,Verano Bay,40557,Lantern Hill,+1 555 832 0667,https://www.lanterncantina.example,Polish,$$$,4.7,1378,pass,pass,0.79,,none,unknown,SME,
R002711,civicpages,2026-07-08,Cardinal Boba,6473 E Cortez St,Verano Bay,40310,Stillwater,+15552497698,https://www.cardinalboba.example,Italian,$$$$,4.3,1258,pass,fail,0.96,N/A,none,unknown,SME,
R000259,atlasmaps,2026-07-06,Lantern Kitchen,1241 E Halloway Blvd,Verano Bay,40796,Cedar Cross,+15553370878,,Thai,$$,3.5,2059,pass,pass,0.96,-,none,unknown,SME,
R001645,bookwell,2026-06-30,Bluebird House,1928 S Quinton Rd,Verano Bay,40301,Alder Heights,+15551509784,https://www.bluebirdhouse.example,Mexican,$$$,4.4,276,pass,pass,0.87,not found,none,unknown,SME,
R000587,dineline,2026-07-21,Kinship Grill,6042 N Ashfield Blvd,Verano Bay,40193,Ferrymead,5556838454,,Barbecue,$$$,4.0,1378,pass,pass,0.87,,none,unknown,SME,
R003264,civicpages,2026-07-05,JUNIPER CHOPHOUSE,2680 East Ashfield Blvd,Verano Bay,40549,Sablewood,555-503-2669,https://www.juniperchophouse.example,Steakhouse,$$$,3.8,1627,pass,pass,0.84,n/a,none,unknown,mid-cap,Juniper Group
R002788,dineline,2026-07-22,Kinship Bakery,7228 W Vance Ave,Verano Bay,40556,Templeton,+1 555 634 8894,,Japanese,$$$,4.0,1354,fail,fail,0.82,UNKNOWN,none,unknown,SME,
R002253,atlasmaps,2026-07-22,Northbank Dining Room,3386 S Cortez St,Verano Bay,40498,Greenhithe,5552034425,https://www.northbankdiningroom.example,Thai,$$$$,4.5,619,pass,pass,0.89,N/A,none,unknown,SME,
R001922,roamly,2026-07-11,Larkspur Grill,3928 W Bayard St,Verano Bay,40208,Rivera District,(555) 264-2308,https://www.larkspurgrill.example,Barbecue,$$$$,3.6,1983,pass,pass,0.85,Unknown,none,unknown,SME,
R001556,tablefind,2026-07-09,Foxglove Bistro,3280 N Fennimore Avenue,Verano Bay,40379,Greenhithe,+15559810674,,Steakhouse,$$$$,4.3,467,pass,pass,0.78,unknown,none,unknown,SME,
R000102,roamly,2026-07-04,Saffron Kitchen,1246 S Calder Blvd,Verano Bay,40202,Rivera District,(555) 998-2953,https://www.saffronkitchen.example,Peruvian,$$$$,3.6,268,pass,pass,0.81,-,none,unknown,SME,
R001557,atlasmaps,2026-07-09,Foxglove Bistro Verano Bay,3280 North Fennimore Avenue,Verano Bay,40348,Greenhithe,5559810674,,Steakhouse,$$$$,4.1,491,pass,pass,0.86,unknown,none,unknown,SME,
R001058,atlasmaps,2026-07-04,Kinship Chophouse,4941 W Ashfield St,Verano Bay,40354,Old Mill,555-881-6926,https://www.kinshipchophouse.example,Contemporary,$,4.6,920,pass,pass,0.75,n/a,none,unknown,SME,
R000489,civicpages,2026-07-02,Plumb Cantina,2826 N Cortez Rd,Verano Bay,40333,Calder Park,5555105113,https://www.plumbcantina.example,Steakhouse,$$$$,3.6,676,pass,pass,0.94,not found,none,unknown,SME,
R003232,civicpages,2026-07-09,Sorrel Kitchen,745 W Quinton Rd,Verano Bay,40301,Bramble Row,555.441.7718,https://www.sorrelkitchen.example,Greek,$$,3.6,230,pass,pass,0.78,-,none,unknown,mid-cap,Sorrel Group
R002517,dineline,2026-07-13,Kinship Smoothie,3169 W Tarrow Blvd,Verano Bay,40798,Fox Hollow,+1 555 420 9875,,Vietnamese,$$$,3.8,641,fail,fail,0.74,UNKNOWN,none,unknown,SME,
R001768,roamly,2026-07-06,Umber Steakhouse,4147 S Quinton Blvd,Verano Bay,40517,Marisol,5553316769,https://www.umbersteakhouse.example,Seafood,$$$,4.8,1000,pass,pass,0.73,ironclad,website_fingerprint,fail,SME,
R001924,civicpages,2026-07-19,Larkspur Grill,3928 W Bayard Street,Verano Bay,40681,Rivera District,+1 555 264 2308,https://www.larkspurgrill.example,Barbecue,$$$$,3.9,1447,pass,pass,0.97,,none,unknown,SME,
R002644,civicpages,2026-07-17,Kingfisher Counter Verano Bay,3098 E Halloway Rd,Verano Bay,40565,Ferrymead,555-668-5898,https://www.kingfishercounter.example,Thai,$$,4.8,481,pass,fail,0.92,-,none,unknown,SME,
R000225,civicpages,2026-07-15,Cobalt Supper Club,5792 E Quinton St,Verano Bay,40436,Marisol,555.299.3532,https://www.cobaltsupperclub.example,French,$$,4.4,600,pass,pass,0.91,unknown,none,unknown,SME,
R001951,atlasmaps,2026-07-04,Northbank Chophouse,2522 E Quinton Rd,Verano Bay,40395,Quarry End,(555) 878-1411,https://www.northbankchophouse.example,Mediterranean,$$,3.6,2357,pass,pass,0.86,N/A,none,unknown,SME,
R000138,civicpages,2026-07-24,Ember Chophouse,108 N Ashfield Rd,Verano Bay,40138,Bramble Row,5552111847,https://www.emberchophouse.example,Steakhouse,$$,4.5,978,pass,pass,0.77,Unknown,none,unknown,SME,
R001179,bookwell,2026-07-28,GOLDEN HOUR TRATTORIA,6896 West Calder Street,Verano Bay,40444,Palisade Park,+15559256216,https://www.goldenhourtrattoria.example,Korean,$$$$,3.7,1444,pass,pass,0.89,vellum pos,website_fingerprint,pass,SME,
R000447,atlasmaps,2026-07-27,Driftwood Grill,3427 S Calder Ave,Verano Bay,40357,Ashgrove,555-134-5056,https://www.driftwoodgrill.example,Greek,$$$,3.6,2084,pass,pass,0.94,Unknown,none,unknown,SME,
R001687,dineline,2026-07-04,The Bramble Room,"2022 S Fennimore Ave, Verano Bay",Verano Bay,40184,Fox Hollow,555-407-6967,https://www.brambleroom.example,Mediterranean,$$$,3.4,524,pass,pass,0.93,,none,unknown,SME,
R000081,roamly,2026-07-18,Rookery Grill,5516 W Lindmere Blvd,Verano Bay,40747,Windrow,555-738-5597,,Greek,$$$,3.8,1308,pass,pass,0.79,-,none,unknown,SME,
R003400,civicpages,2026-07-05,Alder Chophouse,6419 E Tarrow Rd,Calla Ridge,40153,,+1 555 943 4598,https://www.alderchophouse.example,Vietnamese,$$$$,3.4,1381,pass,pass,0.83,n/a,none,unknown,SME,
R002685,civicpages,2026-07-27,Cardinal Food Truck,"4705 N Calder Rd, Verano Bay",Verano Bay,40529,Ashgrove,(555) 305-7742,https://www.cardinalfoodtruck.example,Contemporary,$$$$,3.5,533,pass,fail,0.79,-,none,unknown,SME,
R003183,bookwell,2026-07-17,Plumb House,7086 E Serra Rd,Verano Bay,40721,Old Mill,+1 555 224 3344,https://www.plumbhouse.example,Ethiopian,$$$,3.9,971,pass,pass,0.81,,none,unknown,mid-cap,Plumb Group
R001119,bookwell,2026-07-05,Vesper Grill,3792 W Ashfield St,Verano Bay,40243,Harbor Point,555-733-5091,https://www.vespergrill.example,Thai,$$$$,3.8,336,pass,pass,0.89,N/A,none,unknown,SME,
R002738,civicpages,2026-07-26,Sixpence Deli,727 W Bayard Blvd,Verano Bay,40195,Greenhithe,(555) 623-1825,https://www.sixpencedeli.example,Contemporary,$$$$,4.5,609,pass,fail,0.91,FERNPOST,website_fingerprint,fail,SME,
R002360,bookwell,2026-07-26,Saffron Sandwich Shop,3989 S Mallow Blvd,Verano Bay,40713,Miradero,555-839-0338,,Indian,$$$,4.5,1311,fail,fail,0.89,n/a,none,unknown,SME,
R002943,tablefind,2026-07-19,Fernwood To Go,4645 E Cortez Ave,Verano Bay,40185,Windrow,(555) 801-1191,https://www.fernwoodtogo.example,Polish,$$,3.7,140,fail,fail,0.72,unknown,none,unknown,SME,
R001902,roamly,2026-07-07,Olive & Ash Table,5673 S Prospect Rd,Verano Bay,40114,Palisade Park,555-951-9633,https://www.oliveashtable.example,Peruvian,$$,3.8,1254,pass,pass,0.74,ironcladpos,website_fingerprint,fail,SME,
R000750,dineline,2026-07-15,Wren Oyster Bar,2342 N Serra Rd,Verano Bay,40249,Palisade Park,,https://www.wrenoysterbar.example,Contemporary,$$,4.3,175,pass,pass,0.89,Unknown,none,unknown,SME,
R003166,atlasmaps,2026-07-01,Understory Oyster Bar,6771 W Quinton Ave,Verano Bay,40479,Harbor Point,+1 555 532 1346,https://www.understoryoysterbar.example,Mexican,$$$$,4.3,48,pass,pass,0.75,CADENCE,website_fingerprint,fail,mid-cap,Understory Group
R002886,atlasmaps,2026-06-30,Sparrow Bakery,4868 South Bayard Rd,Verano Bay,40170,Fox Hollow,5558258849,,Indian,$$,3.3,340,pass,fail,0.75,unknown,none,unknown,SME,
R002785,roamly,2026-07-11,Pike Deli,5692 W Ashfield Blvd,Verano Bay,40212,Old Mill,5555542685,https://www.pikedeli.example,Italian,$$$,3.8,982,fail,fail,0.81,-,none,unknown,SME,
R000123,civicpages,2026-07-05,Stonecutter House,5557 N Quinton Rd,Verano Bay,40679,Kingsway,5551131938,https://www.stonecutterhouse.example,Contemporary,$$$,4.2,1209,pass,pass,0.96,ironclad,website_fingerprint,fail,SME,
R002972,dineline,2026-07-01,Saffron To Go Verano Bay,5552 South Lindmere Road,Verano Bay,40738,Alder Heights,5551892128,,Seafood,$$,4.2,785,fail,fail,0.78,UNKNOWN,none,unknown,SME,
R000015,civicpages,2026-07-09,Verde Room,7235 W Vance Rd,Verano Bay,40170,Windrow,+15556433319,https://www.verderoom.example,Greek,$$$,4.4,732,pass,pass,0.75,Meridian Cloud,website_fingerprint,pass,SME,Verde Restaurant Group
R000506,tablefind,2026-07-20,Salt & Vine Steakhouse,2561 S Rivermead Blvd,Verano Bay,40650,Bramble Row,,,Ethiopian,$$,3.6,1038,pass,pass,0.83,n/a,none,unknown,SME,
R003216,dineline,2026-07-27,Thistle Osteria,"6457 S Mallow Rd, Verano Bay",Verano Bay,40564,Lantern Hill,555.665.6331,https://www.thistleosteria.example,Greek,$,4.4,236,pass,pass,0.84,unknown,none,unknown,mid-cap,Thistle Group
R001579,bookwell,2026-07-05,Tin Roof Smokehouse,3262 N Mallow St,Verano Bay,40244,Lantern Hill,5553644090,https://www.tinroofsmokehouse.example,Ethiopian,$,3.5,974,pass,pass,0.99,Meridian Cloud,website_fingerprint,pass,SME,
R000863,atlasmaps,2026-07-16,Orchard Chophouse,5527 W Ashfield Ave,Verano Bay,40103,Fox Hollow,(555) 162-5446,https://www.orchardchophouse.example,Spanish,$$,4.1,1205,pass,pass,0.95,Unknown,none,unknown,SME,
R000910,roamly,2026-07-01,Marigold Kitchen,7498 E Tarrow Rd,Verano Bay,40106,Miradero,5553697870,,Vietnamese,$$,4.0,1444,pass,pass,0.85,-,none,unknown,SME,
R003356,dineline,2026-07-20,Stonecutter Chophouse,1329 N Bayard Ave,Verano Bay,40571,Cedar Cross,555-780-7842,https://www.stonecutterchophouse.example,Barbecue,$$$,3.8,590,pass,pass,0.79,n/a,none,unknown,large,Stonecutter Inc
R000248,civicpages,2026-07-06,Rookery House,3591 W Calder Ave,Verano Bay,40795,Miradero,(555) 407-6308,https://www.rookeryhouse.example,French,$$$,4.4,874,pass,pass,0.99,not found,none,unknown,SME,
R002302,atlasmaps,2026-07-20,Motherland Smoothie,1222 South Rivermead Boulevard,Verano Bay,40367,Quarry End,555-570-7856,https://www.motherlandsmoothie.example,Mexican,$,4.2,142,fail,fail,0.86,Unknown,none,unknown,SME,
R002637,atlasmaps,2026-07-22,The Motherland Boba 1,6925 South Tarrow Ave,Verano Bay,40286,Bramble Row,(555) 766-7150,https://www.motherlandboba1.example,Mexican,$$,3.8,201,fail,fail,0.92,N/A,none,unknown,SME,
R003471,dineline,2026-07-22,Tallgrass Alehouse,7243 S Bayard Blvd,Kestrel Falls,40285,,+1 555 235 8959,https://www.tallgrassalehouse.example,Mediterranean,$$$$,3.9,691,pass,pass,0.99,UNKNOWN,none,unknown,SME,
R001562,civicpages,2026-06-30,Warbler Tavern,4018 N Ashfield St,Verano Bay,40726,Kingsway,+15551469904,,Indian,$$,4.1,1281,pass,pass,0.94,not found,none,unknown,SME,
R001553,roamly,2026-07-10,PLUMB TABLE,3580 North Bayard Road,Verano Bay,40146,Greenhithe,555-886-3983,https://www.plumbtable.example,Ethiopian,$$,4.3,1014,pass,pass,0.77,n/a,none,unknown,SME,
R002142,tablefind,2026-07-20,The Stonecutter Grill,835 S Ashfield Blvd,Verano Bay,40470,Calder Park,+1 555 864 3380,https://www.stonecuttergrill.example,Peruvian,$$,3.4,496,pass,pass,0.99,Unknown,none,unknown,SME,
R002527,bookwell,2026-07-17,Basil and Bone Smoothie,463 West Serra Boulevard,Verano Bay,40228,Marisol,555-604-5857,https://www.basilbonesmoothie.example,Barbecue,$$,4.0,478,pass,fail,0.74,Unknown,none,unknown,SME,
R002789,roamly,2026-07-26,Lantern Sandwich Shop,800 W Bayard Blvd,Verano Bay,40587,Quarry End,+15557709347,,Italian,$,4.1,1908,pass,fail,0.95,,none,unknown,SME,
R002351,civicpages,2026-07-04,Nettle Bakery,4864 North Quinton Road,Verano Bay,40525,Alder Heights,555-875-9344,,Contemporary,$$,3.5,645,pass,fail,0.89,UNKNOWN,none,unknown,SME,
R001067,tablefind,2026-07-09,Bellwether Table,2114 W Mallow St,Verano Bay,40403,Palisade Park,555-549-9313,https://www.bellwethertable.example,Mediterranean,$$$,4.1,283,pass,pass,0.99,-,none,unknown,SME,
R002896,roamly,2026-07-28,Warbler Cafe,3939 E Calder Ave,Verano Bay,40285,Palisade Park,+1 555 323 9253,https://www.warblercafe.example,Barbecue,$$$$,4.1,1075,pass,fail,0.92,not found,none,unknown,SME,
R002373,atlasmaps,2026-07-17,Yarrow Counter,7824 W Halloway Blvd,Verano Bay,40662,Bramble Row,555-234-1656,https://www.yarrowcounter.example,Indian,$$$,4.4,103,fail,fail,0.82,Unknown,none,unknown,SME,
R000232,civicpages,2026-07-28,Redbird House,3159 East Serra Boulevard,Verano Bay,40553,Old Mill,555-905-4701,https://www.redbirdhouse.example,Thai,$$,4.7,1639,pass,pass,0.79,Unknown,none,unknown,SME,
R003060,atlasmaps,2026-07-18,Verde Bakery,5953 South Fennimore Ave,Verano Bay,40182,Rivera District,5559239455,https://www.verdebakery.example,Mexican,$$$,3.8,1184,fail,fail,0.77,Unknown,none,unknown,SME,
R002602,roamly,2026-07-02,Prairie Sandwich Shop,2077 E Prospect Blvd,Verano Bay,40400,Ashgrove,555.884.6188,https://www.prairiesandwichshop.example,Korean,$$,4.1,1192,pass,fail,0.81,-,none,unknown,SME,
R000568,roamly,2026-07-27,Nine Bridges Alehouse,2323 N Prospect Ave,Verano Bay,40485,Lantern Hill,(555) 551-1306,https://www.ninebridgesalehouse.example,Italian,$$$,5.0,1941,pass,pass,0.73,Tessera Express,website_fingerprint,pass,SME,
R000885,roamly,2026-07-02,The Olive & Ash Oyster Bar,5318 E Calder Boulevard,Verano Bay,40333,Bramble Row,5551758004,,Japanese,$$,4.2,1664,pass,pass,0.87,-,none,unknown,SME,
R002712,roamly,2026-07-03,Marigold Deli,6591 S Vance Blvd,Verano Bay,40352,Old Mill,555.968.9228,https://www.marigolddeli.example,Steakhouse,$,4.4,471,fail,fail,0.9,N/A,none,unknown,SME,
R001855,bookwell,2026-07-17,Oxbow Table,7024 W Rivermead Blvd,Verano Bay,40183,Marisol,(555) 925-5921,https://www.oxbowtable.example,Seafood,$$$,4.1,881,pass,pass,0.81,-,none,unknown,SME,
R000349,bookwell,2026-07-11,Olive & Ash Supper Club,"5870 S Rivermead Rd, Verano Bay",Verano Bay,40733,Marisol,+15557677285,,Contemporary,$$$,3.8,1907,pass,pass,0.88,,none,unknown,SME,
R002981,bookwell,2026-07-03,Thicket Sandwich Shop - Sablewood,7182 W Fennimore Boulevard,Verano Bay,40494,Templeton,+1 555 900 7607,https://www.thicketsandwichshop.example,Japanese,$$,3.8,1096,fail,fail,0.88,,none,unknown,SME,
R001086,bookwell,2026-07-11,Tidewater Osteria - Rivera District,1183 North Serra Avenue,Verano Bay,40727,Cedar Cross,555.396.7759,https://www.tidewaterosteria.example,Contemporary,$$,4.3,1794,pass,pass,0.81,not found,none,unknown,SME,
R001473,civicpages,2026-07-22,The Palisade Kitchen,5117 E Tarrow Ave,Verano Bay,40656,Miradero,5555494197,https://www.palisadekitchen.example,Greek,$,4.4,800,pass,pass,0.88,Unknown,none,unknown,SME,
R001046,bookwell,2026-07-14,Sable Chophouse - Cedar Cross,3599 North Fennimore Blvd,Verano Bay,40499,Greenhithe,+15554367166,https://www.sablechophouse.example,Mexican,$$$,4.1,270,pass,pass,0.86,Ironclad,website_fingerprint,fail,SME,
R001648,atlasmaps,2026-07-15,Yarrow Supper Club,6467 W Wexley St,Verano Bay,40620,Cedar Cross,(555) 370-7304,https://www.yarrowsupperclub.example,Korean,$$$,4.3,798,pass,pass,0.86,Cadence POS,website_fingerprint,fail,SME,
R000994,atlasmaps,2026-07-27,Redbird Trattoria - Old Mill,5881 W Ashfield Blvd,Verano Bay,40422,Ashgrove,555.477.6683,https://www.redbirdtrattoria.example,Polish,$$$,3.8,2194,pass,pass,0.83,N/A,none,unknown,SME,
R000007,tablefind,2026-07-11,Sable Kitchen,1625 S Serra Ave,Verano Bay,40354,Palisade Park,555-169-4452,https://www.sablekitchen.example,Vietnamese,$,3.8,781,pass,pass,0.92,n/a,none,unknown,mid-cap,Sable Hospitality Group
R002057,atlasmaps,2026-07-21,Northbank Alehouse,1567 E Fennimore St,Verano Bay,40564,Stillwater,+1 555 792 2749,https://www.northbankalehouse.example,Peruvian,$$$$,3.5,212,pass,pass,0.82,UNKNOWN,none,unknown,SME,
R001262,dineline,2026-07-15,Sorrel Table,7782 W Wexley Rd,Verano Bay,40609,Marisol,+15554518318,https://www.sorreltable.example,Polish,$$,4.1,714,pass,pass,0.99,n/a,none,unknown,SME,
R003343,tablefind,2026-07-17,Warbler Kitchen Restaurant,464 N Rivermead St,Verano Bay,40307,Miradero,+15551264801,https://www.warblerkitchen.example,Ethiopian,$$,4.2,1285,pass,pass,0.77,unknown,none,unknown,large,Warbler Inc
R001293,atlasmaps,2026-07-07,Orchard Taqueria,7068 S Tarrow Ave,Verano Bay,40488,Sablewood,+15557583881,https://www.orchardtaqueria.example,Spanish,$$,3.6,749,pass,pass,0.9,-,none,unknown,SME,
R000931,dineline,2026-07-01,Ember House,2904 S Lindmere Ave,Verano Bay,40373,Ferrymead,5556547340,https://www.emberhouse.example,Korean,$$$,3.9,182,pass,pass,0.85,unknown,none,unknown,SME,
R002106,dineline,2026-07-06,Plumb Wine Bar - Quarry End,5225 South Mallow Street,Verano Bay,40594,Windrow,+1 555 632 4586,https://www.plumbwinebar.example,French,$$$,4.4,301,pass,pass,0.98,,none,unknown,SME,
R002022,bookwell,2026-07-10,Thicket House,6640 N Ashfield Rd,Verano Bay,40285,Sablewood,555.594.1086,https://www.thickethouse.example,Peruvian,$$,3.5,497,pass,pass,0.77,Saltbox,website_fingerprint,fail,SME,
R000640,atlasmaps,2026-07-01,Thistle Alehouse,1839 N Prospect Blvd,Verano Bay,40607,Ferrymead,+15553978894,https://www.thistlealehouse.example,Contemporary,$$$,3.6,1057,pass,pass,0.88,N/A,none,unknown,SME,
R000055,civicpages,2026-07-03,Little Supper Club,1678 W Quinton Ave,Verano Bay,40716,Fox Hollow,555-885-4082,https://www.littlesupperclub.example,Ethiopian,$$$,4.7,632,pass,pass,0.74,N/A,none,unknown,SME,Little Bear Group
R000107,tablefind,2026-07-20,The Golden Hour Supper Club,6771 N Quinton Ave,Verano Bay,40465,Fox Hollow,555.857.2650,https://www.goldenhoursupperclub.example,Spanish,$$,3.4,1241,pass,pass,0.74,ironclad,website_fingerprint,fail,SME,
R001116,tablefind,2026-07-14,Heron House - Fox Hollow,1781 N Fennimore Road,Verano Bay,40506,Cedar Cross,5556444032,https://www.heronhouse.example,Greek,$$$,4.0,1660,pass,pass,0.75,Tessera,website_fingerprint,pass,SME,
R002077,civicpages,2026-07-24,Cinder Grill,1033 W Mallow Ave,Verano Bay,40120,Palisade Park,555-391-6780,https://www.cindergrill.example,Polish,$,4.0,1301,pass,pass,0.9,not found,none,unknown,SME,
R000402,roamly,2026-07-12,Golden Hour Room,7216 E Halloway Ave,Verano Bay,40384,Bramble Row,555-575-8332,https://www.goldenhourroom.example,Steakhouse,$,3.8,1709,pass,pass,0.76,not found,none,unknown,SME,
R000893,atlasmaps,2026-07-07,Warbler Alehouse,"1772 S Mallow Rd, Verano Bay",Verano Bay,40481,Palisade Park,(555) 175-9419,https://www.warbleralehouse.example,Italian,$$$,4.2,263,pass,pass,0.92,n/a,none,unknown,SME,
R000769,dineline,2026-07-15,Anchor Wine Bar,5526 East Bayard Street,Verano Bay,40507,Sunfield,5557913048,https://www.anchorwinebar.example,Barbecue,$$,4.5,583,pass,pass,0.93,unknown,none,unknown,SME,
R000170,roamly,2026-07-08,Copper Kitchen,376 E Quinton Blvd,Verano Bay,40693,Bayview Flats,(555) 848-4215,https://www.copperkitchen.example,Vietnamese,$$,4.4,426,pass,pass,0.83,Unknown,none,unknown,SME,
R000660,bookwell,2026-07-25,Hearth Cantina,7181 N Rivermead Ave,Verano Bay,40729,Marisol,+1 555 617 7055,https://www.hearthcantina.example,Korean,$$$,3.8,924,pass,pass,0.92,N/A,none,unknown,SME,
R003390,atlasmaps,2026-07-10,Fernwood Cantina,4572 S Calder Ave,Northmoor,40371,,+15559719449,https://www.fernwoodcantina.example,Mediterranean,$$,4.0,1436,pass,pass,0.81,-,none,unknown,SME,
R000951,roamly,2026-07-04,Thistle Smokehouse,6089 W Mallow Road,Verano Bay,40163,Corvo Heights,555-678-4395,https://www.thistlesmokehouse.example,Polish,$$$,3.8,1026,pass,pass,0.92,n/a,none,unknown,SME,
R000676,bookwell,2026-07-02,The Sixpence Supper Club,1620 West Tarrow Avenue,Verano Bay,40327,Harbor Point,555.939.0609,https://www.sixpencesupperclub.example,Greek,$$$,4.4,1894,pass,pass,0.8,not found,none,unknown,SME,
R002603,atlasmaps,2026-07-16,Roan Smoothie 1,2757 N Halloway St,Verano Bay,40134,Alder Heights,+1 555 142 5685,https://www.roansmoothie1.example,Barbecue,$$$,3.7,1089,fail,fail,0.99,-,none,unknown,SME,
R001496,roamly,2026-07-23,Juniper Wine Bar,1637 N Lindmere St,Verano Bay,40709,Greenhithe,+15558890303,https://www.juniperwinebar.example,Japanese,$,3.6,1247,pass,pass,0.92,not found,none,unknown,SME,
R000960,civicpages,2026-07-14,Zephyr Room - Bramble Row,3652 E Cortez Ave,Verano Bay,40608,Miradero,555.775.1777,,French,$$$,3.3,2170,pass,pass,0.87,N/A,none,unknown,SME,
R003126,roamly,2026-07-12,Sparrow Kitchen,610 W Quinton Ave,Verano Bay,40373,Sablewood,+15558296640,https://www.sparrowkitchen.example,Spanish,$$$$,4.3,899,pass,pass,0.84,Unknown,none,unknown,mid-cap,Sparrow Group
R000202,civicpages,2026-07-06,Silverfin Taqueria,495 E Fennimore Ave,Verano Bay,40687,Sablewood,+15559598473,https://www.silverfintaqueria.example,Spanish,$$,4.8,483,pass,pass,0.78,unknown,none,unknown,SME,
R001504,tablefind,2026-07-28,Mercado Taqueria - Fox Hollow,"4969 N Quinton St, Verano Bay",Verano Bay,40752,Greenhithe,,https://www.mercadotaqueria.example,Mexican,$$,3.6,1367,pass,pass,0.89,n/a,none,unknown,SME,
R002408,bookwell,2026-07-03,Verde Sandwich Shop,4926 W Prospect St,Verano Bay,40629,Sablewood,+15552146600,https://www.verdesandwichshop.example,Contemporary,$$$,4.4,1526,pass,fail,0.96,not found,none,unknown,SME,
R002383,tablefind,2026-07-08,Vesper Juice Bar,"4553 E Ashfield Rd, Verano Bay",Verano Bay,40778,Ferrymead,555.491.3725,,Thai,$,3.7,1239,fail,fail,0.97,N/A,none,unknown,SME,
R002175,civicpages,2026-07-17,Bluebird Oyster Bar,3614 S Quinton Ave,Verano Bay,40554,Fox Hollow,+1 555 172 2663,https://www.bluebirdoysterbar.example,Seafood,$$,3.6,1315,pass,pass,0.77,,none,unknown,SME,
R001106,bookwell,2026-07-02,BASIL & BONE WINE BAR,"7312 E Tarrow Blvd, Verano Bay",Verano Bay,40268,Ashgrove,5557652605,,Spanish,$$,4.6,1632,pass,pass,0.76,not found,none,unknown,SME,
R000543,civicpages,2026-07-22,Harrow Kitchen,379 W Prospect Blvd,Verano Bay,40578,Stillwater,555.716.0675,https://www.harrowkitchen.example,Thai,$,3.7,1525,pass,pass,0.95,unknown,none,unknown,SME,
R003122,dineline,2026-07-12,Heron Brasserie,3439 N Lindmere Rd,Verano Bay,40660,Kingsway,+15556580408,https://www.heronbrasserie.example,Greek,$,4.7,781,pass,pass,0.88,-,none,unknown,mid-cap,Heron Group
R002042,bookwell,2026-07-21,Rambler Alehouse,103 N Halloway St,Verano Bay,40144,Harbor Point,+15558918769,https://www.rambleralehouse.example,Thai,$$,4.7,1744,pass,pass,0.85,Unknown,none,unknown,SME,
R001500,dineline,2026-07-11,Bramble Oyster Bar Restaurant,3231 S Halloway St,Verano Bay,40674,Sablewood,+1 555 943 3282,https://www.brambleoysterbar.example,Ethiopian,$$,4.3,1822,pass,pass,0.99,UNKNOWN,none,unknown,SME,
R000471,tablefind,2026-07-06,The Palisade Grill,3168 E Rivermead Rd,Verano Bay,40744,Rivera District,+15558190423,https://www.palisadegrill.example,Steakhouse,$$$,3.9,703,pass,pass,0.95,unknown,none,unknown,SME,
R000101,roamly,2026-07-06,Kingfisher Supper Club,"2950 N Tarrow Ave, Verano Bay",Verano Bay,40326,Sablewood,555.631.2207,https://www.kingfishersupperclub.example,Greek,$,3.6,811,pass,pass,0.76,,none,unknown,SME,
R000581,roamly,2026-07-16,Nine Bridges Supper Club,3557 N Prospect Ave,Verano Bay,40270,Palisade Park,5555984160,https://www.ninebridgessupperclub.example,Japanese,$$$,3.4,1080,pass,pass,0.73,UNKNOWN,none,unknown,SME,
R001371,roamly,2026-07-23,Little Bear Wine Bar Verano Bay,"7273 W Prospect Blvd, Verano Bay",Verano Bay,40381,Calder Park,5554297781,https://www.littlebearwinebar.example,Greek,$$,3.9,697,pass,pass,0.82,UNKNOWN,none,unknown,SME,
R000338,roamly,2026-07-22,Silverfin Bistro,3492 S Quinton St,Verano Bay,40645,Marisol,+1 555 565 3559,https://www.silverfinbistro.example,Peruvian,$$,4.0,677,pass,pass,0.86,Unknown,none,unknown,SME,
R002287,tablefind,2026-07-20,The Redbird Boba,4902 E Bayard Blvd,Verano Bay,40634,Bayview Flats,(555) 977-2174,https://www.redbirdboba.example,Contemporary,$$,4.5,209,fail,fail,0.82,saltbox,website_fingerprint,fail,SME,
R001480,tablefind,2026-07-01,Tin Roof Oyster Bar,7772 N Tarrow Blvd,Verano Bay,40158,Cedar Cross,+15555068666,https://www.tinroofoysterbar.example,Mediterranean,$$,3.8,1909,pass,pass,0.94,not found,none,unknown,SME,
R001458,atlasmaps,2026-07-09,The Larkspur Dining Room,3899 W Prospect St,Verano Bay,40419,Greenhithe,555-869-0897,https://www.larkspurdiningroom.example,Italian,$$$,4.0,1372,pass,pass,0.91,,none,unknown,SME,
R001554,roamly,2026-07-19,Foxglove Bistro,3280 N Fennimore Ave,Verano Bay,40320,Greenhithe,555-981-0674,,Steakhouse,$$$$,4.0,561,pass,pass,0.98,N/A,none,unknown,SME,
R002844,atlasmaps,2026-07-17,Magpie To Go,6208 South Bayard Street,Verano Bay,40403,Templeton,+15552778052,,Barbecue,$$$$,3.3,1241,pass,fail,0.81,Unknown,none,unknown,SME,
R002089,roamly,2026-07-20,Verde Oyster Bar - Rivera District,273 West Quinton Boulevard,Verano Bay,40457,Bramble Row,+1 555 357 4192,https://www.verdeoysterbar.example,Polish,$$,4.2,1105,pass,pass,0.83,n/a,none,unknown,SME,
R000667,bookwell,2026-07-19,The Mercado Brasserie,7310 N Serra Rd,Verano Bay,40339,Miradero,,,Peruvian,$$,4.3,1271,pass,pass,0.91,UNKNOWN,none,unknown,SME,
R001045,atlasmaps,2026-07-24,Sable Chophouse,3599 N Fennimore Blvd,Verano Bay,40778,Greenhithe,,https://www.sablechophouse.example,Mexican,$$$,4.2,302,pass,pass,0.91,Unknown,none,unknown,SME,
R002949,civicpages,2026-07-01,Kinship Juice Bar 1,3292 S Rivermead Ave,Verano Bay,40529,Harbor Point,555-363-6208,,Peruvian,$$$,3.7,883,fail,fail,0.91,n/a,none,unknown,SME,
R003101,dineline,2026-07-14,The Kinship Dining Room,3083 North Calder St,Verano Bay,40155,Harbor Point,555-539-0639,https://www.kinshipdiningroom.example,Indian,$,4.2,1221,pass,pass,0.72,not found,none,unknown,mid-cap,Kinship Group
R001524,atlasmaps,2026-07-04,Ember Osteria,6278 N Lindmere Rd,Verano Bay,40504,Bayview Flats,(555) 248-8731,https://www.emberosteria.example,Greek,$$$,3.9,337,pass,pass,0.95,vellum,website_fingerprint,pass,SME,
R001650,civicpages,2026-07-10,REDBIRD ROOM,1889 South Fennimore Avenue,Verano Bay,40316,Marisol,555-836-1669,,Spanish,$$$,4.3,768,pass,pass,0.94,UNKNOWN,none,unknown,SME,
R001061,dineline,2026-07-04,Fallowfield Dining Room,7651 W Serra Blvd,Verano Bay,40202,Kingsway,+1 555 275 2673,https://www.fallowfielddiningroom.example,Italian,$,3.5,719,pass,pass,0.96,,none,unknown,SME,
R001506,civicpages,2026-06-30,Saffron Alehouse,7660 N Prospect Blvd,Verano Bay,40455,Corvo Heights,5559375520,,Korean,$$,4.4,1146,pass,pass,0.85,,none,unknown,SME,
R003254,civicpages,2026-07-09,Sparrow Taqueria - Bramble Row,7781 E Bayard St,Verano Bay,40338,Stillwater,+15558521796,https://www.sparrowtaqueria.example,French,$$$,3.9,340,pass,pass,0.78,n/a,none,unknown,mid-cap,Sparrow Group
R003000,atlasmaps,2026-07-17,Violet Kiosk,622 S Lindmere Rd,Verano Bay,40388,Bayview Flats,+1 555 462 8568,,Mediterranean,$$$$,4.2,1224,pass,fail,0.85,not found,none,unknown,SME,
R000659,bookwell,2026-07-18,Understory Table - Windrow,975 East Ashfield Street,Verano Bay,40239,Marisol,+15558309677,,Barbecue,$,4.1,1319,pass,pass,0.9,N/A,none,unknown,SME,
R002294,tablefind,2026-07-19,Sparrow Boba,5726 S Lindmere Rd,Verano Bay,40300,Marisol,(555) 995-0970,,Seafood,$$,3.8,779,fail,fail,0.87,not found,none,unknown,SME,
R003324,bookwell,2026-07-03,Marrow Table - Marisol,"280 N Serra St, Verano Bay",Verano Bay,40407,Quarry End,(555) 773-8524,https://www.marrowtable.example,Spanish,$,4.6,980,pass,pass,0.89,n/a,none,unknown,large,Marrow Inc
R000550,atlasmaps,2026-07-21,Violet House,2731 N Serra Rd,Verano Bay,40337,Fox Hollow,+15557740057,https://www.violethouse.example,Seafood,$$,4.0,797,pass,pass,0.76,not found,none,unknown,SME,
R001313,bookwell,2026-07-05,Umber Osteria,5179 E Vance Ave,Verano Bay,40613,Palisade Park,+1 555 354 4548,https://www.umberosteria.example,Steakhouse,$,4.7,419,pass,pass,0.73,not found,none,unknown,SME,
R000917,roamly,2026-07-28,Pike Trattoria,2088 N Prospect Ave,Verano Bay,40225,Stillwater,(555) 385-3509,,Polish,$$$,3.9,1499,pass,pass,0.86,unknown,none,unknown,SME,
R002555,roamly,2026-07-27,Tidewater Coffee,2860 W Ashfield Blvd,Verano Bay,40634,Lantern Hill,5555256517,https://www.tidewatercoffee.example,Ethiopian,$$$,4.8,1904,pass,fail,0.79,unknown,none,unknown,SME,
R002239,roamly,2026-07-25,Sorrel Alehouse,2211 E Mallow Ave,Verano Bay,40384,Greenhithe,5557347048,https://www.sorrelalehouse.example,Barbecue,$$,4.7,115,pass,pass,0.8,Ironclad,website_fingerprint,fail,SME,
R002729,tablefind,2026-07-13,Bluebird To Go,7663 E Rivermead Blvd,Verano Bay,40547,Greenhithe,+1 555 453 0223,,Korean,$$,4.6,1025,pass,fail,0.76,,none,unknown,SME,
R003286,atlasmaps,2026-07-28,Orchard Brasserie,1171 S Mallow St,Verano Bay,40648,Greenhithe,555.999.1448,https://www.orchardbrasserie.example,Mexican,$$$,3.9,965,pass,pass,0.77,Meridian Cloud,website_fingerprint,pass,large,Orchard Inc
R000152,roamly,2026-07-27,Anchor Taqueria,3519 S Cortez Blvd,Verano Bay,40626,Alder Heights,555-413-5026,https://www.anchortaqueria.example,Steakhouse,$,3.5,578,pass,pass,0.89,Unknown,none,unknown,SME,
R001892,civicpages,2026-07-12,The Quill Steakhouse,7868 East Quinton Avenue,Verano Bay,40303,Miradero,+15554198879,https://www.quillsteakhouse.example,Barbecue,$$,3.8,1134,pass,pass,0.88,Unknown,none,unknown,SME,
R000268,bookwell,2026-07-26,Kettle Room,2725 W Tarrow St,Verano Bay,40395,Stillwater,+1 555 459 8951,https://www.kettleroom.example,Korean,$$,3.8,578,pass,pass,0.93,N/A,none,unknown,SME,
R003154,dineline,2026-07-22,Loam Room,5792 W Bayard Rd,Verano Bay,40797,Windrow,555.949.4642,https://www.loamroom.example,Italian,$,3.9,827,pass,pass,0.87,Unknown,none,unknown,mid-cap,Loam Group
R002027,dineline,2026-07-23,Larkspur Smokehouse,3300 E Vance St,Verano Bay,40177,Cedar Cross,(555) 602-1457,https://www.larkspursmokehouse.example,Contemporary,$$$,4.3,1362,pass,pass,0.72,Unknown,none,unknown,SME,
R001033,roamly,2026-07-20,Nettle Supper Club - Bramble Row,1598 West Lindmere Avenue,Verano Bay,40348,Bramble Row,5559367358,https://www.nettlesupperclub.example,Contemporary,$$$,4.6,821,pass,pass,0.79,N/A,none,unknown,SME,
R003073,dineline,2026-07-05,Sorrel Steakhouse - Ferrymead,7291 S Fennimore Avenue,Verano Bay,40226,Corvo Heights,+15553235042,https://www.sorrelsteakhouse.example,Thai,$$$,4.2,1950,pass,pass,0.86,Unknown,none,unknown,mid-cap,Sorrel Group
R000093,atlasmaps,2026-06-30,Plumb Grill,277 E Vance St,Verano Bay,40204,Fox Hollow,+15559073013,https://www.plumbgrill.example,Mediterranean,$$$,3.8,1371,pass,pass,0.73,,none,unknown,SME,
R003405,bookwell,2026-07-22,Basil & Bone Dining Room,4203 W Lindmere St,Kestrel Falls,40581,,555-386-0054,https://www.basilbonediningroom.example,Greek,$$$$,3.8,383,pass,pass,0.76,n/a,none,unknown,SME,
R003069,tablefind,2026-07-10,The Lantern Smokehouse,"3145 W Calder Ave, Verano Bay",Verano Bay,40573,Lantern Hill,5555453647,https://www.lanternsmokehouse.example,Italian,$$$$,3.2,169,pass,pass,0.95,meridian cloud,website_fingerprint,pass,mid-cap,Lantern Group
R003468,roamly,2026-07-28,Sorrel Tavern,814 S Tarrow Rd,Port Adair,40563,,(555) 802-2568,https://www.sorreltavern.example,Korean,$,3.6,195,pass,pass,0.89,Meridian (legacy),website_fingerprint,pass,SME,
R001588,roamly,2026-07-10,Kingfisher Brasserie,7661 S Halloway Rd,Verano Bay,40340,Harbor Point,555-350-7724,https://www.kingfisherbrasserie.example,Ethiopian,$$$,4.7,1344,pass,pass,0.77,unknown,none,unknown,SME,
R000669,bookwell,2026-07-26,Mercado Bistro,593 N Wexley Blvd,Verano Bay,40458,Fox Hollow,5554941684,,Peruvian,$$$,4.0,2274,pass,pass,0.98,,none,unknown,SME,
R000906,dineline,2026-07-26,Bellwether Smokehouse,1400 S Lindmere St,Verano Bay,40370,Stillwater,555.753.8435,https://www.bellwethersmokehouse.example,Contemporary,$$,4.0,135,pass,pass,0.75,N/A,none,unknown,SME,
R001925,atlasmaps,2026-07-12,Fallowfield Brasserie,5616 N Calder Blvd,Verano Bay,40204,Lantern Hill,5558037066,https://www.fallowfieldbrasserie.example,Italian,$$$,3.8,650,pass,pass,0.9,Cadence,website_fingerprint,fail,SME,
R002002,civicpages,2026-07-06,Little Bear Cantina - Cedar Cross,4759 West Quinton Street,Verano Bay,40115,Lantern Hill,+1 555 116 9646,https://www.littlebearcantina.example,Thai,$$,4.9,1722,pass,pass,0.8,UNKNOWN,none,unknown,SME,
R000513,tablefind,2026-07-20,Warbler Dining Room,1108 N Mallow St,Verano Bay,40436,Ashgrove,555-550-0833,https://www.warblerdiningroom.example,Barbecue,$$,3.7,411,pass,pass,0.73,Unknown,none,unknown,SME,
R002289,tablefind,2026-07-05,Ember Cafe - Fox Hollow,5282 South Calder Road,Verano Bay,40295,Alder Heights,+15556150539,https://www.embercafe.example,Korean,$$,4.1,59,pass,fail,0.76,Vellum Restaurant,website_fingerprint,pass,SME,
R000370,tablefind,2026-07-11,Tidewater Room Verano Bay,4318 South Ashfield Road,Verano Bay,40742,Ferrymead,+1 555 146 9121,https://www.tidewaterroom.example,Spanish,$$,3.9,254,pass,pass,0.73,Fern Post,website_fingerprint,fail,SME,
R001914,roamly,2026-07-11,Palisade Dining Room,879 W Bayard Ave,Verano Bay,40708,Quarry End,+15556372778,,Mediterranean,$$$,4.4,1794,pass,pass,0.86,n/a,none,unknown,SME,
R001224,atlasmaps,2026-07-26,LANTERN BRASSERIE,7848 W Cortez St,Verano Bay,40594,Greenhithe,+1 555 796 4799,https://www.lanternbrasserie.example,Barbecue,$$$,4.4,1327,pass,pass,0.77,unknown,none,unknown,SME,
R001781,dineline,2026-07-10,Kingfisher Taqueria,6998 N Calder Blvd,Verano Bay,40204,Sablewood,+1 555 777 6025,https://www.kingfishertaqueria.example,Contemporary,$$$,4.3,2313,pass,pass,0.83,IRONCLAD,website_fingerprint,fail,SME,
R001886,atlasmaps,2026-07-09,Cobalt Alehouse,2231 S Cortez Rd,Verano Bay,40568,Quarry End,+15555188227,https://www.cobaltalehouse.example,Indian,$$$,4.6,699,pass,pass,0.78,n/a,none,unknown,SME,
R002960,dineline,2026-07-17,Ironwood Creamery - Ashgrove,4643 E Halloway Rd,Verano Bay,40403,Quarry End,555-851-6826,https://www.ironwoodcreamery.example,Spanish,$$$,4.5,502,pass,fail,0.91,Cadence Mini,website_fingerprint,fail,SME,
R001700,atlasmaps,2026-07-20,Harrow Trattoria,3605 N Fennimore St,Verano Bay,40116,Miradero,+1 555 396 7061,,Spanish,$$,4.1,466,pass,pass,0.86,not found,none,unknown,SME,
R002985,dineline,2026-07-12,Mercado Boba,5170 E Tarrow Ave,Verano Bay,40713,Lantern Hill,(555) 433-9532,https://www.mercadoboba.example,Indian,$$,4.9,1476,fail,fail,0.75,n/a,none,unknown,SME,
R003412,atlasmaps,2026-07-14,Motherland Table,1037 N Prospect Ave,Kestrel Falls,40132,,+15555216009,https://www.motherlandtable.example,Italian,$$,3.8,891,pass,pass,0.82,unknown,none,unknown,SME,
R001377,civicpages,2026-07-21,Palisade Room,5538 S Vance Blvd,Verano Bay,40795,Lantern Hill,5555662897,https://www.palisaderoom.example,Contemporary,$,3.8,660,pass,pass,0.95,n/a,none,unknown,SME,
R002610,atlasmaps,2026-07-07,Basil and Bone Donuts 1,4063 East Rivermead Rd,Verano Bay,40667,Miradero,555-109-3237,https://www.basilbonedonuts1.example,Italian,$$,3.8,1336,pass,fail,0.96,n/a,none,unknown,SME,
R002060,bookwell,2026-07-25,Umber Dining Room - Old Mill,1844 East Lindmere Boulevard,Verano Bay,40522,Lantern Hill,(555) 828-1820,https://www.umberdiningroom.example,Italian,$$$,4.1,2096,pass,pass,0.77,N/A,none,unknown,SME,
R003322,tablefind,2026-07-14,Marrow Table,280 N Serra St,Verano Bay,40413,Quarry End,555.773.8524,https://www.marrowtable.example,Spanish,$,4.8,960,pass,pass,0.91,meridian cloud,website_fingerprint,pass,large,Marrow Inc
R000084,tablefind,2026-07-21,Rambler Bistro - Palisade Park,644 S Quinton Avenue,Verano Bay,40226,Greenhithe,+1 555 228 6455,,Italian,$$,3.4,1243,pass,pass,0.95,N/A,none,unknown,SME,
R000990,roamly,2026-07-09,Oxbow Trattoria,6388 N Lindmere Blvd,Verano Bay,40664,Ashgrove,5551456397,https://www.oxbowtrattoria.example,Thai,$$,3.9,216,pass,pass,0.73,CADENCE,website_fingerprint,fail,SME,
R002974,bookwell,2026-07-13,Yarrow Cafe Verano Bay,7641 West Quinton Rd,Verano Bay,40564,Old Mill,555.278.9922,,French,$,4.6,639,pass,fail,0.82,unknown,none,unknown,SME,
R002173,civicpages,2026-07-14,Wren Alehouse,6489 W Fennimore Rd,Verano Bay,40294,Windrow,5559258974,https://www.wrenalehouse.example,Korean,$$,4.7,521,pass,pass,0.8,Unknown,none,unknown,SME,
R001463,tablefind,2026-07-22,Magpie Bistro,965 S Quinton Rd,Verano Bay,40152,Templeton,(555) 633-6528,https://www.magpiebistro.example,Ethiopian,$$$,4.0,1772,pass,pass,0.98,-,none,unknown,SME,
R002418,dineline,2026-07-18,Understory Counter,2161 W Tarrow Rd,Verano Bay,40643,Rivera District,555.380.3345,,Japanese,$$$,4.9,577,pass,fail,0.83,,none,unknown,SME,
R002634,tablefind,2026-07-25,Verde Deli Restaurant,598 E Ashfield Boulevard,Verano Bay,40223,Miradero,(555) 167-5900,https://www.verdedeli.example,Korean,$$$,4.2,1554,fail,fail,0.75,n/a,none,unknown,SME,
R000631,atlasmaps,2026-07-22,Pike Supper Club Verano Bay,5503 South Rivermead Road,Verano Bay,40586,Sablewood,+1 555 654 0328,https://www.pikesupperclub.example,Japanese,$$$,4.7,1082,pass,pass,0.83,n/a,none,unknown,SME,
R001690,roamly,2026-07-26,Bellwether Alehouse,4896 E Tarrow Ave,Verano Bay,40378,Stillwater,(555) 658-2826,,Indian,$,3.7,302,pass,pass,0.91,,none,unknown,SME,
R000485,atlasmaps,2026-06-30,Tallgrass Taqueria Restaurant,1545 N Rivermead Boulevard,Verano Bay,40393,Quarry End,555-294-1040,https://www.tallgrasstaqueria.example,Steakhouse,$$$$,4.3,238,pass,pass,0.76,n/a,none,unknown,SME,
R003461,dineline,2026-06-30,Orchard Cantina - Templeton,6961 South Quinton Street,Kestrel Falls,40458,,+1 555 837 3595,https://www.orchardcantina.example,French,$$$,3.4,841,pass,pass,0.89,n/a,none,unknown,SME,
R003221,civicpages,2026-07-25,Heron Dining Room,2086 S Prospect Rd,Verano Bay,40743,Bramble Row,(555) 409-8444,https://www.herondiningroom.example,Polish,$$$,4.9,1236,pass,pass,0.83,,none,unknown,mid-cap,Heron Group
R000532,atlasmaps,2026-07-04,Marigold Oyster Bar,5208 West Fennimore Street,Verano Bay,40600,Palisade Park,555-910-7149,,Seafood,$,3.6,1136,pass,pass,0.87,n/a,none,unknown,SME,
R003355,bookwell,2026-07-15,Bramble Grill,2015 S Tarrow St,Verano Bay,40170,Rivera District,555.512.6047,https://www.bramblegrill.example,Polish,$$$,3.9,1765,pass,pass,0.9,-,none,unknown,large,Bramble Inc
R002012,bookwell,2026-07-18,Quarry Cantina,633 W Cortez St,Verano Bay,40283,Sunfield,+1 555 543 1877,https://www.quarrycantina.example,French,$$,4.4,344,pass,pass,0.77,unknown,none,unknown,SME,
R000699,roamly,2026-07-28,Nettle Cantina,3653 W Cortez St,Verano Bay,40187,Windrow,555-685-8158,https://www.nettlecantina.example,Korean,$$$$,4.2,1626,pass,pass,0.98,not found,none,unknown,SME,
R002772,bookwell,2026-07-22,Motherland Cafe,1494 North Quinton Road,Verano Bay,40530,Rivera District,+15551140637,,Steakhouse,$$$,4.3,906,fail,fail,0.86,Unknown,none,unknown,SME,
R000071,civicpages,2026-07-15,Nightjar Taqueria,367 E Rivermead St,Verano Bay,40429,Bramble Row,5552351065,,Steakhouse,$$$,3.5,1766,pass,pass,0.77,UNKNOWN,none,unknown,SME,
R002764,dineline,2026-07-27,INKWELL SANDWICH SHOP,4487 W Serra Boulevard,Verano Bay,40109,Corvo Heights,,https://www.inkwellsandwichshop.example,Japanese,$$,4.3,612,fail,fail,0.72,cadence,website_fingerprint,fail,SME,
R002706,dineline,2026-07-18,Warbler Kiosk,6244 E Ashfield Rd,Verano Bay,40223,Ferrymead,555.403.8125,,Contemporary,$,4.5,63,fail,fail,0.78,UNKNOWN,none,unknown,SME,
R001815,atlasmaps,2026-07-13,Quarry Table,1765 W Wexley St,Verano Bay,40528,Old Mill,+15552526798,https://www.quarrytable.example,Greek,$$$,3.7,1540,pass,pass,0.72,,none,unknown,SME,
R000300,roamly,2026-07-05,Magpie Steakhouse,6636 W Calder Ave,Verano Bay,40311,Calder Park,555.135.9326,https://www.magpiesteakhouse.example,Mediterranean,$$,4.1,518,pass,pass,0.76,,none,unknown,SME,
R003365,dineline,2026-07-23,Harrow Wine Bar Verano Bay,2040 East Fennimore St,Verano Bay,40298,Templeton,5558834632,https://www.harrowwinebar.example,French,$$,3.7,932,pass,pass,0.82,n/a,none,unknown,large,Harrow Inc
R000224,roamly,2026-07-19,The Foxglove Smokehouse,7896 North Mallow Avenue,Verano Bay,40590,Windrow,5552823650,https://www.foxglovesmokehouse.example,Italian,$$$,4.9,515,pass,pass,0.84,Unknown,none,unknown,SME,
R001904,tablefind,2026-07-16,Kingfisher Kitchen,6961 E Ashfield Blvd,Verano Bay,40424,Kingsway,555-156-3001,https://www.kingfisherkitchen.example,Polish,$$$$,3.6,1006,pass,pass,0.88,n/a,none,unknown,SME,
R003118,civicpages,2026-07-17,Silverfin Alehouse,4768 E Mallow Ave,Verano Bay,40538,Fox Hollow,+1 555 943 6020,https://www.silverfinalehouse.example,Italian,$$,3.6,467,pass,pass,0.84,N/A,none,unknown,mid-cap,Silverfin Group
R001715,roamly,2026-07-18,Harrow Taqueria,1596 S Serra Rd,Verano Bay,40341,Lantern Hill,(555) 117-7664,https://www.harrowtaqueria.example,Korean,$$,4.0,560,pass,pass,0.75,fernpost,website_fingerprint,fail,SME,
R001031,bookwell,2026-07-03,LITTLE BEAR TRATTORIA,4328 East Cortez Ave,Verano Bay,40527,Quarry End,(555) 884-8515,https://www.littlebeartrattoria.example,Thai,$$$,4.0,452,pass,pass,0.86,Ironclad,website_fingerprint,fail,SME,
R000269,dineline,2026-07-03,Kettle Room - Sablewood,2725 West Tarrow St,Verano Bay,40331,Stillwater,+15554598951,https://www.kettleroom.example,Korean,$$,3.6,496,pass,pass,0.95,not found,none,unknown,SME,
R001727,civicpages,2026-07-07,Tallgrass Dining Room,1204 W Ashfield St,Verano Bay,40512,Ashgrove,555.856.9032,https://www.tallgrassdiningroom.example,Contemporary,$,4.0,193,pass,pass,0.79,not found,none,unknown,SME,
R000924,roamly,2026-07-21,Cinder Brasserie,3000 E Ashfield Rd,Verano Bay,40706,Palisade Park,5558556689,https://www.cinderbrasserie.example,Mexican,$$,3.6,1360,pass,pass,0.84,,none,unknown,SME,
R002172,dineline,2026-07-16,Roan Supper Club,6655 E Mallow Boulevard,Verano Bay,40563,Bramble Row,5557453356,https://www.roansupperclub.example,Ethiopian,$$$,3.9,429,pass,pass,0.84,IRONCLAD,website_fingerprint,fail,SME,
R002574,roamly,2026-07-22,Heron Cafe,403 E Calder Rd,Verano Bay,40276,Sunfield,555-956-7375,https://www.heroncafe.example,Seafood,$$$$,3.7,358,fail,fail,0.96,UNKNOWN,none,unknown,SME,
R002551,dineline,2026-07-23,Persimmon Sandwich Shop,1125 W Ashfield Rd,Verano Bay,40764,Calder Park,+1 555 196 1857,,Thai,$$$,4.6,542,pass,fail,0.91,,none,unknown,SME,
R002407,civicpages,2026-07-14,Thicket Counter,"5670 W Quinton Ave, Verano Bay",Verano Bay,40243,Miradero,(555) 325-2383,https://www.thicketcounter.example,Korean,$,4.6,344,fail,fail,0.76,n/a,none,unknown,SME,
R001388,dineline,2026-07-22,Fallowfield Supper Club,6643 W Mallow Rd,Verano Bay,40497,Old Mill,(555) 236-6874,https://www.fallowfieldsupperclub.example,Ethiopian,$$$,4.0,2054,pass,pass,0.79,Northstar,website_fingerprint,pass,SME,
R000509,bookwell,2026-07-27,Alder Oyster Bar,1116 W Vance Ave,Verano Bay,40256,Kingsway,+1 555 320 0321,https://www.alderoysterbar.example,Vietnamese,$$$,4.9,1249,pass,pass,0.87,Northstar,website_fingerprint,pass,SME,
R003045,civicpages,2026-07-27,Kinship Creamery 1 2 - Alder Heights,367 S Halloway Blvd,Verano Bay,40446,Marisol,+1 555 453 7817,https://www.kinshipcreamery12.example,Barbecue,$$,3.4,1475,fail,fail,0.89,not found,none,unknown,SME,
R000638,bookwell,2026-07-21,Quarry Dining Room,5456 E Mallow St,Verano Bay,40595,Calder Park,555.365.4245,https://www.quarrydiningroom.example,Contemporary,$$$$,4.1,731,pass,pass,0.99,not found,none,unknown,SME,
R002429,bookwell,2026-07-22,Palisade Cafe,2348 West Wexley Blvd,Verano Bay,40616,Miradero,5554838171,https://www.palisadecafe.example,French,$,3.4,121,pass,fail,0.91,UNKNOWN,none,unknown,SME,
R001693,civicpages,2026-07-06,Northbank Kitchen - Corvo Heights,300 North Calder Street,Verano Bay,40578,Old Mill,+15552013698,https://www.northbankkitchen.example,Italian,$$,4.5,322,pass,pass,0.78,-,none,unknown,SME,
R001989,bookwell,2026-07-25,Lantern Tavern,6089 E Serra St,Verano Bay,40716,Corvo Heights,555-575-9656,https://www.lanterntavern.example,Steakhouse,$$,4.5,1011,pass,pass,0.96,n/a,none,unknown,SME,
R000406,tablefind,2026-07-16,Loam Tavern,7848 S Vance Rd,Verano Bay,40680,Cedar Cross,555-370-6105,https://www.loamtavern.example,Indian,$$$$,4.0,1348,pass,pass,0.91,not found,none,unknown,SME,
R001738,civicpages,2026-07-08,Sparrow Cantina,5586 North Lindmere Boulevard,Verano Bay,40290,Rivera District,5553283360,https://www.sparrowcantina.example,Italian,$$$$,4.3,676,pass,pass,0.81,,none,unknown,SME,
R000872,dineline,2026-07-19,Zephyr Taqueria - Quarry End,3736 East Tarrow Boulevard,Verano Bay,40635,Sablewood,555-992-0115,https://www.zephyrtaqueria.example,Mediterranean,$$,4.1,187,pass,pass,0.94,n/a,none,unknown,SME,
R001342,tablefind,2026-07-11,Thistle Grill,4746 W Mallow Road,Verano Bay,40222,Stillwater,+1 555 690 8109,,Polish,$$,4.1,1827,pass,pass,0.79,UNKNOWN,none,unknown,SME,
R001531,roamly,2026-07-02,Redbird Osteria,2942 W Fennimore St,Verano Bay,40783,Marisol,+1 555 935 7793,https://www.redbirdosteria.example,Japanese,$$,3.6,664,pass,pass,0.74,n/a,none,unknown,SME,
R000529,roamly,2026-07-06,Yarrow Grill,3042 W Bayard Rd,Verano Bay,40789,Sablewood,555.413.9572,https://www.yarrowgrill.example,Japanese,$$$$,4.4,1401,pass,pass,0.76,ironclad,website_fingerprint,fail,SME,
R000728,roamly,2026-07-22,Dovetail Steakhouse,1151 N Vance Blvd,Verano Bay,40224,Ferrymead,555.780.3395,https://www.dovetailsteakhouse.example,Barbecue,$$,3.7,229,pass,pass,0.9,CADENCE,website_fingerprint,fail,SME,
R001824,roamly,2026-07-17,Oxbow Oyster Bar,6865 S Fennimore St,Verano Bay,40302,Bramble Row,+15557099029,,Barbecue,$$$,3.7,1128,pass,pass,0.79,-,none,unknown,SME,
R000542,roamly,2026-07-20,Orchard Kitchen,1743 E Cortez Blvd,Verano Bay,40460,Bramble Row,+1 555 841 4766,https://www.orchardkitchen.example,Mexican,$$,4.6,1755,pass,pass,0.79,n/a,none,unknown,SME,
R000174,bookwell,2026-07-20,Violet Bistro - Windrow,1345 W Mallow St,Verano Bay,40761,Marisol,+15554120168,https://www.violetbistro.example,Korean,$,4.1,817,pass,pass,0.78,Unknown,none,unknown,SME,
R000793,atlasmaps,2026-07-19,The Persimmon Osteria,4607 East Quinton Boulevard,Verano Bay,40383,Bayview Flats,(555) 520-0806,https://www.persimmonosteria.example,Thai,$$,4.3,1233,pass,pass,0.72,,none,unknown,SME,
R000679,tablefind,2026-07-03,Copper Brasserie,281 N Bayard Ave,Verano Bay,40232,Corvo Heights,(555) 435-6212,https://www.copperbrasserie.example,Korean,$$$$,3.3,1452,pass,pass,0.8,UNKNOWN,none,unknown,SME,
R002130,roamly,2026-07-07,Ironwood Tavern,5473 N Wexley Blvd,Verano Bay,40761,Corvo Heights,+1 555 224 6752,https://www.ironwoodtavern.example,Steakhouse,$$,4.3,1200,pass,pass,0.74,-,none,unknown,SME,
R001767,roamly,2026-06-30,Sixpence Cantina,3531 E Fennimore Blvd,Verano Bay,40174,Calder Park,555.988.2462,https://www.sixpencecantina.example,Steakhouse,$$$,4.3,1549,pass,pass,0.96,n/a,none,unknown,SME,
R003350,tablefind,2026-07-11,Sparrow Brasserie - Sunfield,6977 S Vance Ave,Verano Bay,40457,Calder Park,+15555207081,https://www.sparrowbrasserie.example,Spanish,$$$,4.5,1887,pass,pass,0.97,not found,none,unknown,large,Sparrow Inc
R001254,atlasmaps,2026-07-09,Marigold Bistro,1390 W Fennimore Ave,Verano Bay,40409,Windrow,555.237.0248,https://www.marigoldbistro.example,Greek,$$,3.9,1368,pass,pass,0.93,N/A,none,unknown,SME,
R001017,civicpages,2026-07-07,Vesper Osteria,6718 North Mallow St,Verano Bay,40787,Templeton,5551812316,https://www.vesperosteria.example,Polish,$$,3.3,1402,pass,pass,0.92,n/a,none,unknown,SME,
R002942,dineline,2026-07-12,Quarry Cafe,699 West Bayard Street,Verano Bay,40571,Harbor Point,5554197246,https://www.quarrycafe.example,Italian,$$$,4.7,811,pass,fail,0.79,Tessera Express,website_fingerprint,pass,SME,
R002026,atlasmaps,2026-07-23,Larkspur Smokehouse,3300 E Vance St,Verano Bay,40555,Cedar Cross,5556021457,https://www.larkspursmokehouse.example,Contemporary,$$$,4.2,1593,pass,pass,0.85,UNKNOWN,none,unknown,SME,
R002350,roamly,2026-07-13,Nettle Bakery,4864 North Quinton Road,Verano Bay,40507,Alder Heights,+15558759344,,Contemporary,$$,3.8,602,pass,fail,0.92,N/A,none,unknown,SME,
R001007,atlasmaps,2026-07-15,Silverfin Steakhouse,4082 W Quinton Blvd,Verano Bay,40330,Ashgrove,555-814-0250,https://www.silverfinsteakhouse.example,Italian,$,4.4,1750,pass,pass,0.76,not found,none,unknown,SME,
R003047,roamly,2026-07-14,Kinship Kiosk,3944 W Ashfield Ave,Verano Bay,40580,Quarry End,+1 555 772 8210,,Korean,$$,4.1,142,fail,fail,0.82,unknown,none,unknown,SME,
R001692,dineline,2026-07-20,Northbank Kitchen,300 N Calder St,Verano Bay,40528,Old Mill,(555) 201-3698,https://www.northbankkitchen.example,Italian,$$,4.5,558,pass,pass,0.8,Cadence Mini,website_fingerprint,fail,SME,
R001090,atlasmaps,2026-07-21,Tallgrass Table - Corvo Heights,1887 North Ashfield Boulevard,Verano Bay,40310,Stillwater,+1 555 114 0353,https://www.tallgrasstable.example,French,$$,3.8,891,pass,pass,0.83,not found,none,unknown,SME,
R000012,roamly,2026-07-12,Sable Alehouse,734 W Fennimore Ave,Verano Bay,40172,Sablewood,+1 555 983 9363,https://www.sablealehouse.example,Contemporary,$$,3.8,855,pass,pass,0.83,n/a,none,unknown,mid-cap,Sable Hospitality Group
R002900,tablefind,2026-07-07,Redbird Counter 1 - Sablewood,1615 N Serra Rd,Verano Bay,40544,Alder Heights,,https://www.redbirdcounter1.example,Mediterranean,$,4.2,1093,pass,fail,0.88,,none,unknown,SME,
R001613,roamly,2026-07-01,Saffron Cantina - Ferrymead,7522 E Prospect Blvd,Verano Bay,40429,Miradero,555-654-4187,https://www.saffroncantina.example,Vietnamese,$,3.5,1432,pass,pass,0.84,-,none,unknown,SME,
R001756,civicpages,2026-07-22,Mercado Grill,1481 N Serra Blvd,Verano Bay,40396,Bayview Flats,5557711284,https://www.mercadogrill.example,French,$$$,4.1,201,pass,pass,0.79,UNKNOWN,none,unknown,SME,
R001394,atlasmaps,2026-07-21,Dovetail Cantina,6257 S Halloway Rd,Verano Bay,40695,Palisade Park,+15553672287,https://www.dovetailcantina.example,French,$$,3.9,1036,pass,pass,0.87,n/a,none,unknown,SME,
R002366,bookwell,2026-07-22,Jackdaw Deli,4383 N Halloway St,Verano Bay,40170,Cedar Cross,+1 555 113 6873,,Indian,$$,4.3,155,fail,fail,0.72,Unknown,none,unknown,SME,
R002166,roamly,2026-07-11,Nettle Taqueria,4273 W Wexley Rd,Verano Bay,40377,Kingsway,+1 555 608 9215,https://www.nettletaqueria.example,Mexican,$$,4.1,2048,pass,pass,0.89,n/a,none,unknown,SME,
R002041,atlasmaps,2026-07-01,Inkwell Wine Bar - Bayview Flats,"4261 W Fennimore St, Verano Bay",Verano Bay,40633,Palisade Park,5552541760,https://www.inkwellwinebar.example,Japanese,$$$,4.4,908,pass,pass,0.94,Unknown,none,unknown,SME,
R002400,bookwell,2026-06-30,Bluebird Express Verano Bay,6710 W Lindmere St,Verano Bay,40311,Marisol,+1 555 156 1529,,Korean,$$$,4.2,233,fail,fail,0.9,,none,unknown,SME,
R001032,tablefind,2026-07-10,Nettle Supper Club,1598 W Lindmere Ave,Verano Bay,40709,Bramble Row,555.936.7358,https://www.nettlesupperclub.example,Contemporary,$$$,4.4,762,pass,pass,0.79,n/a,none,unknown,SME,
R000023,tablefind,2026-06-30,Northbank Grill,1325 E Vance Ave,Verano Bay,40633,Ferrymead,555-744-5746,https://www.northbankgrill.example,Spanish,$$$,3.8,708,pass,pass,0.85,n/a,none,unknown,SME,Northbank Concepts
R001389,bookwell,2026-07-12,Fallowfield Supper Club Restaurant,6643 West Mallow Road,Verano Bay,40297,Old Mill,(555) 236-6874,https://www.fallowfieldsupperclub.example,Ethiopian,$$$,4.3,1225,pass,pass,0.84,Unknown,none,unknown,SME,
R002932,roamly,2026-07-02,Roan To Go,4986 S Prospect Blvd,Verano Bay,40621,Bramble Row,+15555820213,,Italian,$$$,4.4,893,pass,fail,0.84,unknown,none,unknown,SME,
R001881,bookwell,2026-07-27,Marrow Room,3777 N Tarrow St,Verano Bay,40321,Templeton,5557988603,https://www.marrowroom.example,Contemporary,$,3.9,2098,pass,pass,0.89,N/A,none,unknown,SME,
R001053,roamly,2026-07-22,Stonecutter Smokehouse,563 S Quinton Ave,Verano Bay,40515,Ashgrove,555-387-2709,,Vietnamese,$$$$,3.6,24,pass,pass,0.98,not found,none,unknown,SME,
R002713,bookwell,2026-07-03,Olive & Ash Creamery,2632 W Halloway Rd,Verano Bay,40205,Fox Hollow,(555) 734-3367,https://www.oliveashcreamery.example,Barbecue,$$$,4.0,1194,pass,fail,0.73,-,none,unknown,SME,
R000577,bookwell,2026-07-28,Golden Hour Dining Room,288 S Serra Rd,Verano Bay,40194,Bramble Row,555-312-9655,https://www.goldenhourdiningroom.example,Japanese,$,4.7,205,pass,pass,0.94,Orbit Systems,website_fingerprint,pass,SME,
R002242,dineline,2026-07-08,Zephyr Smokehouse,5981 E Halloway Ave,Verano Bay,40514,Calder Park,555-718-2705,https://www.zephyrsmokehouse.example,Italian,$$$,3.4,957,pass,pass,0.73,n/a,none,unknown,SME,
R001153,dineline,2026-07-14,Pike Tavern,1792 N Wexley St,Verano Bay,40403,Kingsway,5558373594,https://www.piketavern.example,Spanish,$$,4.8,1324,pass,pass,0.94,-,none,unknown,SME,
R000983,bookwell,2026-07-23,SORREL HOUSE,110 S Serra St,Verano Bay,40413,Sablewood,555.461.8937,https://www.sorrelhouse.example,Korean,$$$,3.7,214,pass,pass,0.87,-,none,unknown,SME,
R002352,tablefind,2026-07-26,Sorrel Kiosk,5989 N Prospect St,Verano Bay,40617,Stillwater,(555) 526-4040,https://www.sorrelkiosk.example,Ethiopian,$$$,4.2,2226,pass,fail,0.77,ironclad,website_fingerprint,fail,SME,
R000014,tablefind,2026-07-25,Sable Taqueria,6936 S Calder Blvd,Verano Bay,40132,Ashgrove,555-105-2939,https://www.sabletaqueria.example,Ethiopian,$$$,3.7,422,pass,pass,0.93,,none,unknown,mid-cap,Sable Hospitality Group
R001072,atlasmaps,2026-07-07,Halcyon Chophouse - Corvo Heights,3283 South Vance Blvd,Verano Bay,40524,Marisol,+1 555 256 5282,https://www.halcyonchophouse.example,Ethiopian,$,4.7,960,pass,pass,0.75,-,none,unknown,SME,
R003201,tablefind,2026-07-14,Hearth Grill,2620 E Serra Blvd,Verano Bay,40420,Templeton,(555) 374-0498,https://www.hearthgrill.example,Mexican,$$,3.9,1055,pass,pass,0.73,unknown,none,unknown,mid-cap,Hearth Group
R002143,bookwell,2026-06-30,Harrow Grill,7677 S Prospect St,Verano Bay,40194,Quarry End,(555) 950-0363,,Indian,$,4.6,1711,pass,pass,0.93,n/a,none,unknown,SME,
R002881,bookwell,2026-07-11,Oxbow Cafe,4591 South Ashfield Road,Verano Bay,40681,Sablewood,+1 555 730 3997,https://www.oxbowcafe.example,Peruvian,$,4.2,1042,pass,fail,0.93,not found,none,unknown,SME,
R000997,bookwell,2026-07-08,Magpie Supper Club - Palisade Park,4462 E Ashfield Ave,Verano Bay,40249,Harbor Point,,https://www.magpiesupperclub.example,Spanish,$$$,4.1,2054,pass,pass,0.8,Unknown,none,unknown,SME,
R001542,bookwell,2026-07-20,Stonecutter Oyster Bar,7695 W Wexley Blvd,Verano Bay,40741,Quarry End,5559365786,https://www.stonecutteroysterbar.example,Vietnamese,$$$,3.9,352,pass,pass,0.77,,none,unknown,SME,
R003298,roamly,2026-07-26,Oxbow Smokehouse,474 E Ashfield St,Verano Bay,40288,Alder Heights,+15558471677,https://www.oxbowsmokehouse.example,Ethiopian,$$$$,4.7,290,pass,pass,0.77,Meridian Cloud POS,website_fingerprint,pass,large,Oxbow Inc
R002316,bookwell,2026-07-02,HEARTH BAKERY,"2271 E Tarrow Rd, Verano Bay",Verano Bay,40672,Rivera District,+1 555 549 9791,,Indian,$$$,4.0,1250,fail,fail,0.88,,none,unknown,SME,
R000237,roamly,2026-07-13,Vesper Cantina,4168 W Cortez St,Verano Bay,40559,Bramble Row,555-936-5456,https://www.vespercantina.example,Japanese,$$$$,4.8,41,pass,pass,0.93,-,none,unknown,SME,
R003158,bookwell,2026-07-06,Warbler Oyster Bar,3669 E Fennimore Blvd,Verano Bay,40413,Ashgrove,5557250459,https://www.warbleroysterbar.example,Spanish,$$$$,3.9,1425,pass,pass,0.81,N/A,none,unknown,mid-cap,Warbler Group
R001010,atlasmaps,2026-07-15,Plumb Kitchen,7039 W Calder Blvd,Verano Bay,40122,Windrow,(555) 796-8259,https://www.plumbkitchen.example,Barbecue,$$$$,3.7,1627,pass,pass,0.73,UNKNOWN,none,unknown,SME,
R001954,atlasmaps,2026-07-21,The Sorrel Chophouse,6018 North Serra Rd,Verano Bay,40258,Sablewood,555-802-2177,,Contemporary,$$$,4.4,572,pass,pass,0.83,-,none,unknown,SME,
R000871,atlasmaps,2026-07-26,Zephyr Taqueria - Harbor Point,"3736 E Tarrow Blvd, Verano Bay",Verano Bay,40262,Sablewood,5559920115,https://www.zephyrtaqueria.example,Mediterranean,$$,3.9,180,pass,pass,0.86,NorthStar,website_fingerprint,pass,SME,
R000183,roamly,2026-07-03,Zephyr Cantina,3607 West Quinton Street,Verano Bay,40760,Miradero,+1 555 562 9604,,Contemporary,$$,4.5,786,pass,pass,0.88,not found,none,unknown,SME,
R001602,tablefind,2026-07-10,Olive & Ash Trattoria,2463 W Halloway Rd,Verano Bay,40635,Greenhithe,5554571339,,Indian,$$,3.9,253,pass,pass,0.96,,none,unknown,SME,
R002696,tablefind,2026-07-21,The Sable Juice Bar,222 South Cortez Road,Verano Bay,40584,Fox Hollow,+1 555 798 9043,,Seafood,$$$,4.2,38,fail,fail,0.77,not found,none,unknown,SME,
R000319,roamly,2026-07-10,Vesper Taqueria Verano Bay,669 N Wexley Boulevard,Verano Bay,40354,Windrow,+1 555 987 3835,https://www.vespertaqueria.example,Peruvian,$$$,3.5,239,pass,pass,0.78,,none,unknown,SME,
R001625,bookwell,2026-07-17,Rambler Dining Room,2844 S Prospect Ave,Verano Bay,40730,Templeton,(555) 490-6185,,Thai,$,3.6,935,pass,pass,0.74,-,none,unknown,SME,
R000172,atlasmaps,2026-07-28,Violet Bistro,1345 W Mallow St,Verano Bay,40398,Marisol,+15554120168,https://www.violetbistro.example,Korean,$,4.5,809,pass,pass,0.88,n/a,none,unknown,SME,
R001858,tablefind,2026-07-25,Rambler Smokehouse,3499 W Mallow Ave,Verano Bay,40322,Ashgrove,555-562-6325,,French,$$$,4.0,37,pass,pass,0.95,-,none,unknown,SME,
R003379,tablefind,2026-07-08,Thicket Trattoria,5464 W Fennimore Rd,Kestrel Falls,40219,,555-169-3787,https://www.thickettrattoria.example,Korean,$$$,4.2,1504,pass,pass,0.8,UNKNOWN,none,unknown,SME,
R001832,bookwell,2026-07-22,Rosewater Kitchen Restaurant,7432 North Ashfield Road,Verano Bay,40118,Old Mill,(555) 445-6886,,Mediterranean,$$,4.3,2216,pass,pass,0.79,N/A,none,unknown,SME,
R002083,bookwell,2026-07-07,Vesper Table - Greenhithe,4600 West Vance Avenue,Verano Bay,40531,Sunfield,5558062116,https://www.vespertable.example,Korean,$$$,4.6,605,pass,pass,0.93,N/A,none,unknown,SME,
R001266,roamly,2026-07-15,Inkwell Tavern,5302 W Quinton Ave,Verano Bay,40693,Bramble Row,555.225.4022,https://www.inkwelltavern.example,Peruvian,$$$$,4.6,1302,pass,pass,0.97,QuillPay,website_fingerprint,pass,SME,
R002491,tablefind,2026-07-02,Plumb Kiosk,3233 S Rivermead Rd,Verano Bay,40174,Calder Park,+1 555 293 6107,,Mediterranean,$$,4.4,1821,pass,fail,0.99,-,none,unknown,SME,
R000584,roamly,2026-07-14,LOAM STEAKHOUSE,"1303 N Vance St, Verano Bay",Verano Bay,40684,Kingsway,(555) 782-7621,https://www.loamsteakhouse.example,Spanish,$$$$,4.3,1172,pass,pass,0.93,Ironclad,website_fingerprint,fail,SME,
R003498,roamly,2026-07-07,QA TEST ROW,4286 S Tarrow Rd,Verano Bay,40644,Palisade Park,(555) 862-0993,,Steakhouse,$$,3.9,870,pass,pass,0.92,Unknown,none,unknown,SME,
R000313,tablefind,2026-07-07,Zephyr Table,1941 W Bayard Ave,Verano Bay,40293,Fox Hollow,(555) 631-6744,https://www.zephyrtable.example,Korean,$$,4.3,872,pass,pass,0.93,n/a,none,unknown,SME,
R000063,dineline,2026-06-30,Casa Verde Cantina,600 N Prospect Rd,Verano Bay,40101,Ashgrove,,https://www.casaverdecantina.example,Contemporary,$,4.2,342,pass,pass,0.81,Unknown,none,unknown,SME,
R003168,tablefind,2026-07-04,CINDER ROOM,3291 S Rivermead Road,Verano Bay,40204,Old Mill,(555) 649-0270,https://www.cinderroom.example,Ethiopian,$$,4.0,382,pass,pass,0.75,n/a,none,unknown,mid-cap,Cinder Group
R002959,tablefind,2026-07-04,Ironwood Creamery,4643 E Halloway Rd,Verano Bay,40369,Quarry End,555-851-6826,https://www.ironwoodcreamery.example,Spanish,$$$,4.6,768,fail,fail,0.86,UNKNOWN,none,unknown,SME,
R000374,bookwell,2026-07-11,Nightjar Tavern,"7850 E Vance Ave, Verano Bay",Verano Bay,40491,Greenhithe,555.257.4322,https://www.nightjartavern.example,Greek,$$,3.7,1613,pass,pass,0.89,not found,none,unknown,SME,
R000802,tablefind,2026-07-14,Fernwood Taqueria,6803 N Bayard St,Verano Bay,40410,Palisade Park,555.679.6663,https://www.fernwoodtaqueria.example,Indian,$$$$,3.7,131,pass,pass,0.9,Unknown,none,unknown,SME,
R002263,tablefind,2026-07-20,Gallow Express,472 S Calder St,Verano Bay,40132,Kingsway,+15559886459,,Seafood,$$,4.2,275,fail,fail,0.99,unknown,none,unknown,SME,
R000666,dineline,2026-07-20,Mercado Brasserie,7310 North Serra Road,Verano Bay,40341,Miradero,(555) 502-1375,,Peruvian,$$,4.3,1411,pass,pass,0.75,n/a,none,unknown,SME,
R000636,civicpages,2026-07-25,Gallow Smokehouse,7861 E Halloway Rd,Verano Bay,40195,Sablewood,+1 555 688 2612,https://www.gallowsmokehouse.example,Mediterranean,$$$,4.2,36,pass,pass,0.82,,none,unknown,SME,
R003077,bookwell,2026-07-28,Vesper Alehouse,4816 W Ashfield Blvd,Verano Bay,40532,Corvo Heights,+1 555 780 8383,https://www.vesperalehouse.example,Steakhouse,$$,4.4,898,pass,pass,0.78,-,none,unknown,mid-cap,Vesper Group
R001987,bookwell,2026-07-25,Heron Supper Club Restaurant,2736 N Vance Avenue,Verano Bay,40673,Kingsway,555-959-6159,https://www.heronsupperclub.example,Vietnamese,$$$,4.6,1175,pass,pass,0.83,Cadence Station,website_fingerprint,fail,SME,
R001850,dineline,2026-07-24,Palisade Steakhouse,7251 E Lindmere Rd,Verano Bay,40709,Ashgrove,(555) 774-4217,https://www.palisadesteakhouse.example,French,$,4.2,1423,pass,pass,0.88,not found,none,unknown,SME,
R000551,atlasmaps,2026-07-22,Verde Kitchen,1234 N Mallow Ave,Verano Bay,40220,Ashgrove,555-717-7751,https://www.verdekitchen.example,Ethiopian,$,3.8,1169,pass,pass,0.86,N/A,none,unknown,SME,
R003086,roamly,2026-07-05,Plumb Bistro,2496 W Mallow Ave,Verano Bay,40172,Fox Hollow,555-470-6197,https://www.plumbbistro.example,Korean,$$$$,4.8,1144,pass,pass,0.72,Cadence,website_fingerprint,fail,mid-cap,Plumb Group
R000866,atlasmaps,2026-07-04,Olive & Ash Bistro Restaurant,6670 W Cortez Blvd,Verano Bay,40223,Rivera District,+1 555 204 8120,https://www.oliveashbistro.example,Spanish,$$$,3.8,632,pass,pass,0.99,Unknown,none,unknown,SME,
R002627,atlasmaps,2026-07-25,The Ember Cafe 1,991 North Prospect Street,Verano Bay,40732,Rivera District,555-176-5649,https://www.embercafe1.example,Peruvian,$$$$,3.8,830,pass,fail,0.78,UNKNOWN,none,unknown,SME,
R001343,bookwell,2026-07-15,THISTLE GRILL,4746 West Mallow Road,Verano Bay,40356,Stillwater,+1 555 690 8109,,Polish,$$,4.1,1431,pass,pass,0.77,unknown,none,unknown,SME,
R000649,civicpages,2026-07-05,Vesper Steakhouse,4834 South Vance Blvd,Verano Bay,40704,Ashgrove,555.770.1847,,Spanish,$$,4.0,737,pass,pass,0.93,not found,none,unknown,SME,
R002307,atlasmaps,2026-07-02,Nine Bridges Bakery,164 South Lindmere Blvd,Verano Bay,40467,Quarry End,,https://www.ninebridgesbakery.example,Korean,$$$$,4.7,865,fail,fail,0.86,rivet,website_fingerprint,fail,SME,
R001647,atlasmaps,2026-07-11,Bluebird House Verano Bay,1928 S Quinton Rd,Verano Bay,40641,Alder Heights,555-150-9784,https://www.bluebirdhouse.example,Mexican,$$$,4.2,325,pass,pass,0.84,Fern Post,website_fingerprint,fail,SME,
R002904,dineline,2026-07-14,Zephyr Juice Bar,4975 N Bayard Rd,Verano Bay,40633,Old Mill,555.350.6135,https://www.zephyrjuicebar.example,Ethiopian,$$$,4.6,700,pass,fail,0.73,-,none,unknown,SME,
R000027,roamly,2026-07-16,The Northbank Room,3262 S Halloway Rd,Verano Bay,40427,Bramble Row,555-324-3480,https://www.northbankroom.example,Greek,$$$,4.5,647,pass,pass,0.8,CADENCE,website_fingerprint,fail,SME,Northbank Concepts
R002548,bookwell,2026-07-06,Marrow Smoothie 1,6288 E Fennimore St,Verano Bay,40410,Rivera District,+1 555 401 8694,https://www.marrowsmoothie1.example,Steakhouse,$$,3.6,2158,pass,fail,0.9,n/a,none,unknown,SME,
R001231,tablefind,2026-07-18,Wildwood Chophouse Verano Bay,1479 West Prospect Road,Verano Bay,40404,Stillwater,(555) 626-6371,https://www.wildwoodchophouse.example,Korean,$$,3.6,691,pass,pass,0.76,not found,none,unknown,SME,
R002196,civicpages,2026-07-10,The Little Bear Dining Room,7250 West Quinton Boulevard,Verano Bay,40621,Stillwater,+15558437792,https://www.littlebeardiningroom.example,Polish,$$$,4.3,250,pass,pass,0.74,FERNPOST,website_fingerprint,fail,SME,
R000957,dineline,2026-07-02,Nine Bridges Brasserie,5700 W Lindmere Rd,Verano Bay,40573,Templeton,555.440.1107,https://www.ninebridgesbrasserie.example,French,$$$$,3.6,1187,pass,pass,0.86,unknown,none,unknown,SME,
R003094,dineline,2026-07-05,Basil and Bone Room,1052 North Rivermead Avenue,Verano Bay,40735,Templeton,+1 555 723 7907,https://www.basilboneroom.example,Vietnamese,$$,3.5,1329,pass,pass,0.79,Unknown,none,unknown,mid-cap,Basil Group
R000341,tablefind,2026-07-06,The Umber Smokehouse,6859 W Mallow Blvd,Verano Bay,40238,Sablewood,555.752.2668,https://www.umbersmokehouse.example,Polish,$,4.2,1275,pass,pass,0.76,Saltbox,website_fingerprint,fail,SME,
R000326,tablefind,2026-07-08,Larkspur Chophouse,3274 S Tarrow Rd,Verano Bay,40326,Marisol,5557139868,https://www.larkspurchophouse.example,Thai,$$$,4.0,719,pass,pass,0.84,UNKNOWN,none,unknown,SME,
R002432,tablefind,2026-07-03,Redbird Counter,334 South Wexley Avenue,Verano Bay,40182,Palisade Park,+15556628035,https://www.redbirdcounter.example,Italian,$$$,3.4,1500,fail,fail,0.79,Ironclad POS,website_fingerprint,fail,SME,
R000179,civicpages,2026-07-08,REDBIRD ALEHOUSE,"4936 E Bayard Blvd, Verano Bay",Verano Bay,40599,Kingsway,,https://www.redbirdalehouse.example,Peruvian,$$$,4.6,802,pass,pass,0.98,CADENCE,website_fingerprint,fail,SME,
R000914,tablefind,2026-07-13,Violet Table,2996 S Halloway Ave,Verano Bay,40648,Ferrymead,5553638422,https://www.violettable.example,Barbecue,$$$$,3.5,998,pass,pass,0.99,N/A,none,unknown,SME,
R001901,dineline,2026-07-17,Olive & Ash Brasserie,3465 E Vance St,Verano Bay,40764,Harbor Point,5559797893,https://www.oliveashbrasserie.example,Greek,$$,4.6,900,pass,pass,0.86,not found,none,unknown,SME,
R003215,tablefind,2026-07-03,Thistle Osteria - Greenhithe,6457 S Mallow Rd,Verano Bay,40476,Lantern Hill,555.665.6331,https://www.thistleosteria.example,Greek,$,4.7,190,pass,pass,0.75,Ironclad,website_fingerprint,fail,mid-cap,Thistle Group
R002813,dineline,2026-07-04,Bluebird Kiosk,1951 W Prospect Rd,Verano Bay,40461,Miradero,555.599.4317,https://www.bluebirdkiosk.example,Barbecue,$$,3.7,1310,fail,fail,0.92,UNKNOWN,none,unknown,SME,
R003359,civicpages,2026-07-02,Ironwood Cantina Restaurant,3881 E Cortez Street,Verano Bay,40250,Sunfield,555.345.3864,https://www.ironwoodcantina.example,Polish,$$,4.0,1733,pass,pass,0.86,unknown,none,unknown,large,Ironwood Inc
R003494,tablefind,2026-07-20,asdfasdf,7781 S Vance St,Verano Bay,40790,Fox Hollow,555.808.7476,,Spanish,$$$,3.9,1025,pass,pass,0.73,not found,none,unknown,SME,
R003095,bookwell,2026-07-26,Northbank Tavern,1812 S Serra Rd,Verano Bay,40440,Stillwater,555.280.7711,https://www.northbanktavern.example,Japanese,$$,4.2,779,pass,pass,0.91,unknown,none,unknown,mid-cap,Northbank Group
R002635,roamly,2026-07-01,Motherland Boba 1,6925 S Tarrow Ave,Verano Bay,40115,Bramble Row,+15557667150,https://www.motherlandboba1.example,Mexican,$$,3.8,154,fail,fail,0.92,not found,none,unknown,SME,
R001632,atlasmaps,2026-07-08,Inkwell Supper Club,4227 E Wexley Ave,Verano Bay,40379,Greenhithe,+15553419352,https://www.inkwellsupperclub.example,Greek,$$$,4.1,393,pass,pass,0.78,,none,unknown,SME,
R002611,atlasmaps,2026-07-06,Tallgrass Coffee 1,975 E Wexley Blvd,Verano Bay,40419,Greenhithe,555-524-4709,https://www.tallgrasscoffee1.example,Thai,$$,4.8,1533,pass,fail,0.83,Unknown,none,unknown,SME,
R003001,civicpages,2026-07-09,Violet Kiosk Restaurant,622 S Lindmere Road,Verano Bay,40260,Bayview Flats,555.462.8568,,Mediterranean,$$$$,4.0,1341,fail,fail,0.82,-,none,unknown,SME,
R002601,roamly,2026-07-17,The Anchor Cafe,3645 West Lindmere Road,Verano Bay,40126,Bayview Flats,(555) 293-1301,https://www.anchorcafe.example,Italian,$,4.1,297,fail,fail,0.97,Unknown,none,unknown,SME,
R001973,civicpages,2026-07-28,Copper Wine Bar,3451 E Ashfield St,Verano Bay,40208,Ferrymead,+15557533410,https://www.copperwinebar.example,Mexican,$$,4.4,1473,pass,pass,0.74,-,none,unknown,SME,
R000724,roamly,2026-07-21,Sorrel Oyster Bar Restaurant,1545 South Fennimore Boulevard,Verano Bay,40751,Corvo Heights,+1 555 647 2704,https://www.sorreloysterbar.example,Peruvian,$,3.9,144,pass,pass,0.74,UNKNOWN,none,unknown,SME,
R001776,dineline,2026-07-13,The Rambler Cantina,7913 E Halloway St,Verano Bay,40199,Lantern Hill,555.223.4047,https://www.ramblercantina.example,Steakhouse,$$,4.1,98,pass,pass,0.92,Vellum Restaurant,website_fingerprint,pass,SME,
R002893,bookwell,2026-07-20,Oxbow Kiosk,6410 N Lindmere Ave,Verano Bay,40313,Sunfield,+1 555 529 0135,https://www.oxbowkiosk.example,French,$$$,3.9,750,fail,fail,0.94,n/a,none,unknown,SME,
R002207,tablefind,2026-07-04,Thistle Taqueria Verano Bay,5679 East Prospect St,Verano Bay,40494,Ferrymead,+1 555 909 4188,https://www.thistletaqueria.example,Thai,$$,3.4,1929,pass,pass,0.77,IRONCLAD,website_fingerprint,fail,SME,
R000829,atlasmaps,2026-07-24,Tidewater Kitchen,"4520 S Wexley Ave, Verano Bay",Verano Bay,40766,Bayview Flats,5557681544,https://www.tidewaterkitchen.example,Seafood,$$$,4.2,1061,pass,pass,0.9,n/a,none,unknown,SME,
R000825,tablefind,2026-07-25,Marigold Table Verano Bay,5917 E Fennimore Boulevard,Verano Bay,40253,Bayview Flats,555.285.1379,,Seafood,$$$,3.9,1660,pass,pass,0.92,Unknown,none,unknown,SME,
R001036,roamly,2026-07-07,Marrow Taqueria,6309 E Cortez Blvd,Verano Bay,40378,Palisade Park,555-483-6888,,Japanese,$$,4.7,1603,pass,pass,0.97,N/A,none,unknown,SME,
R001783,tablefind,2026-07-22,Cardinal House,2660 W Tarrow Rd,Verano Bay,40465,Ashgrove,+15555383004,https://www.cardinalhouse.example,Seafood,$,3.7,789,pass,pass,0.89,,none,unknown,SME,
R001541,tablefind,2026-07-10,Quill Supper Club,4113 North Lindmere Blvd,Verano Bay,40239,Miradero,+15552165580,,Vietnamese,$$,3.5,700,pass,pass,0.9,Unknown,none,unknown,SME,
R002500,bookwell,2026-07-18,Rosewater Express - Bramble Row,"433 N Wexley Blvd, Verano Bay",Verano Bay,40455,Rivera District,(555) 725-9732,https://www.rosewaterexpress.example,Ethiopian,$$,4.9,1367,fail,fail,0.81,not found,none,unknown,SME,
R003376,tablefind,2026-07-12,MAGPIE GRILL,5591 West Ashfield Avenue,Verano Bay,40471,Lantern Hill,555-827-6295,https://www.magpiegrill.example,Seafood,$$,3.8,1107,pass,pass,0.93,,none,unknown,large,Magpie Inc
R000210,bookwell,2026-07-04,Tidewater Chophouse,3963 E Calder St,Verano Bay,40587,Templeton,5559487955,https://www.tidewaterchophouse.example,Greek,$$,4.6,334,pass,pass,0.76,n/a,none,unknown,SME,
R001410,tablefind,2026-07-05,Yarrow Wine Bar,390 S Wexley St,Verano Bay,40664,Corvo Heights,555.439.7505,https://www.yarrowwinebar.example,Italian,$$$,4.7,1270,pass,pass,0.98,UNKNOWN,none,unknown,SME,
R001365,bookwell,2026-07-01,Anchor Tavern Restaurant,6789 West Cortez Road,Verano Bay,40460,Stillwater,5554910517,https://www.anchortavern.example,French,$$,4.6,404,pass,pass,0.76,Unknown,none,unknown,SME,
R000569,atlasmaps,2026-07-09,Kingfisher Chophouse,4950 W Ashfield Ave,Verano Bay,40218,Quarry End,(555) 616-8334,https://www.kingfisherchophouse.example,Indian,$$$,3.6,1693,pass,pass,0.86,not found,none,unknown,SME,
R001722,dineline,2026-07-12,Lantern House Verano Bay,1729 S Tarrow Road,Verano Bay,40172,Greenhithe,5554285850,https://www.lanternhouse.example,Seafood,$$$$,3.6,208,pass,pass,0.91,unknown,none,unknown,SME,
R002451,civicpages,2026-07-24,Plumb Bakery,1296 North Calder St,Verano Bay,40132,Marisol,,https://www.plumbbakery.example,Italian,$$,4.7,512,fail,fail,0.82,Unknown,none,unknown,SME,
R002848,atlasmaps,2026-07-18,The Amber Cafe 1,"1837 S Lindmere Ave, Verano Bay",Verano Bay,40752,Old Mill,555.714.6649,https://www.ambercafe1.example,Seafood,$$,3.7,830,pass,fail,0.91,unknown,none,unknown,SME,
R001038,atlasmaps,2026-07-25,Saffron Tavern,5342 W Prospect St,Verano Bay,40420,Bayview Flats,(555) 166-9436,https://www.saffrontavern.example,Vietnamese,$$,4.3,1230,pass,pass,0.74,,none,unknown,SME,
R000448,civicpages,2026-07-21,Driftwood Grill - Old Mill,3427 S Calder Ave,Verano Bay,40253,Ashgrove,555.134.5056,https://www.driftwoodgrill.example,Greek,$$$,3.8,1263,pass,pass,0.79,N/A,none,unknown,SME,
R002087,dineline,2026-07-25,Verde Oyster Bar,273 W Quinton Blvd,Verano Bay,40534,Bramble Row,+15553574192,https://www.verdeoysterbar.example,Polish,$$,3.9,1530,pass,pass,0.87,Unknown,none,unknown,SME,
R001828,dineline,2026-07-28,Larkspur Kitchen,6869 E Prospect Rd,Verano Bay,40364,Old Mill,5554083229,,Vietnamese,$$$,4.2,310,pass,pass,0.85,N/A,none,unknown,SME,
R002498,tablefind,2026-06-30,Rosewater Express Verano Bay,433 North Wexley Boulevard,Verano Bay,40660,Rivera District,555.725.9732,https://www.rosewaterexpress.example,Ethiopian,$$,4.7,1058,fail,fail,0.97,n/a,none,unknown,SME,
R002369,tablefind,2026-07-03,BRAMBLE TO GO,3039 South Wexley Road,Verano Bay,40487,Bayview Flats,+1 555 819 8128,,Mediterranean,$$$,3.7,1800,fail,fail,0.9,not found,none,unknown,SME,
R001497,civicpages,2026-07-05,Pike Room,2092 W Bayard Ave,Verano Bay,40410,Palisade Park,(555) 535-7262,https://www.pikeroom.example,Mexican,$,3.5,768,pass,pass,0.83,N/A,none,unknown,SME,
R002438,tablefind,2026-06-30,Driftwood Counter,4793 W Ashfield St,Verano Bay,40221,Greenhithe,555-502-7699,https://www.driftwoodcounter.example,Barbecue,$$,4.3,976,pass,fail,0.77,UNKNOWN,none,unknown,SME,
R000343,atlasmaps,2026-07-14,Redbird Wine Bar,4627 E Halloway Blvd,Verano Bay,40232,Bayview Flats,+1 555 844 4150,https://www.redbirdwinebar.example,Thai,$,3.6,1037,pass,pass,0.76,Unknown,none,unknown,SME,
R002377,roamly,2026-07-23,Yarrow Counter 1,1553 W Calder Ave,Verano Bay,40721,Harbor Point,,https://www.yarrowcounter1.example,Thai,$$,4.7,1211,pass,fail,0.89,UNKNOWN,none,unknown,SME,
R000839,atlasmaps,2026-07-08,Yarrow Tavern,1929 N Wexley Rd,Verano Bay,40724,Sunfield,+1 555 307 2154,https://www.yarrowtavern.example,French,$$$,4.7,1497,pass,pass,0.91,,none,unknown,SME,
R002354,dineline,2026-07-26,Wildwood Smoothie,3334 N Calder Rd,Verano Bay,40667,Windrow,555-473-6467,https://www.wildwoodsmoothie.example,Polish,$$,4.7,1888,fail,fail,0.82,N/A,none,unknown,SME,
R000001,dineline,2026-07-07,Sable Trattoria,1474 W Fennimore Ave,Verano Bay,40245,Miradero,555.161.5414,https://www.sabletrattoria.example,Peruvian,$$,4.1,994,pass,pass,0.83,n/a,none,unknown,mid-cap,Sable Hospitality Group
R002216,tablefind,2026-07-06,Cobalt Chophouse,2754 W Bayard Blvd,Verano Bay,40594,Quarry End,5551571789,https://www.cobaltchophouse.example,Mexican,$$$,3.6,461,pass,pass,0.79,-,none,unknown,SME,
R003035,dineline,2026-07-08,Violet Counter Restaurant,"6575 S Halloway St, Verano Bay",Verano Bay,40384,Kingsway,+1 555 359 9356,https://www.violetcounter.example,Peruvian,$$$,3.3,1456,pass,fail,0.84,Unknown,none,unknown,SME,
R002014,atlasmaps,2026-07-09,QUARRY CANTINA,"633 W Cortez St, Verano Bay",Verano Bay,40375,Sunfield,5555431877,https://www.quarrycantina.example,French,$$,4.3,480,pass,pass,0.96,-,none,unknown,SME,
R002715,tablefind,2026-07-15,Anchor Coffee 1,815 N Fennimore St,Verano Bay,40483,Harbor Point,555.389.3556,https://www.anchorcoffee1.example,Italian,$$,3.6,228,fail,fail,0.94,Vellum Restaurant,website_fingerprint,pass,SME,
R000247,tablefind,2026-07-26,Saffron Dining Room,5545 E Halloway Rd,Verano Bay,40293,Quarry End,555-463-7007,,Barbecue,$$$$,4.7,1755,pass,pass,0.76,-,none,unknown,SME,
R001744,dineline,2026-07-03,The Tin Roof Steakhouse,924 South Wexley Rd,Verano Bay,40753,Templeton,+15559806648,https://www.tinroofsteakhouse.example,Japanese,$$,4.3,1030,pass,pass,0.82,-,none,unknown,SME,
R000193,tablefind,2026-07-23,Palisade Cantina,2319 E Prospect St,Verano Bay,40411,Cedar Cross,,https://www.palisadecantina.example,Thai,$$$,4.1,240,pass,pass,0.94,N/A,none,unknown,SME,
R003441,dineline,2026-07-23,Tidewater Table,1741 E Halloway St,Northmoor,40361,,+15551395939,https://www.tidewatertable.example,Greek,$$$,4.0,2114,pass,pass,0.98,N/A,none,unknown,SME,
R001065,roamly,2026-06-30,Basil & Bone Bistro,381 W Bayard Blvd,Verano Bay,40442,Alder Heights,+15557046949,,Thai,$$$,3.8,1390,pass,pass,0.88,N/A,none,unknown,SME,
R001137,bookwell,2026-07-02,Cobalt Brasserie,3698 S Lindmere Blvd,Verano Bay,40394,Miradero,+15552011055,https://www.cobaltbrasserie.example,Greek,$$$$,3.9,1538,pass,pass,0.91,not found,none,unknown,SME,
R001201,atlasmaps,2026-07-03,Umber Brasserie,4028 W Rivermead Blvd,Verano Bay,40779,Calder Park,(555) 494-3814,https://www.umberbrasserie.example,Contemporary,$$,3.5,764,pass,pass,0.87,unknown,none,unknown,SME,
R000764,tablefind,2026-07-19,Heron Oyster Bar,4295 South Prospect Boulevard,Verano Bay,40220,Alder Heights,,https://www.heronoysterbar.example,Indian,$,4.3,1723,pass,pass,0.74,saltbox,website_fingerprint,fail,SME,
R000047,roamly,2026-07-26,Prairie Grill,7216 W Rivermead Avenue,Verano Bay,40610,Windrow,555-772-7876,https://www.prairiegrill.example,Italian,$$,3.4,412,pass,pass,0.74,N/A,none,unknown,mid-cap,Prairie Table Group
R001281,bookwell,2026-07-24,Wren Bistro,182 N Cortez Ave,Verano Bay,40532,Quarry End,5559110221,https://www.wrenbistro.example,Italian,$$,4.5,1726,pass,pass,0.81,-,none,unknown,SME,
R001279,atlasmaps,2026-07-04,Marrow Kitchen,4640 W Quinton St,Verano Bay,40698,Templeton,(555) 863-8085,https://www.marrowkitchen.example,Korean,$$$,4.1,1132,pass,pass,0.85,UNKNOWN,none,unknown,SME,
R002953,tablefind,2026-07-07,Thicket Juice Bar - Marisol,293 W Quinton Blvd,Verano Bay,40729,Old Mill,555-571-0374,https://www.thicketjuicebar.example,Steakhouse,$$$,4.2,232,pass,fail,0.91,not found,none,unknown,SME,
R001251,roamly,2026-07-25,Yarrow Cantina,6891 W Bayard Blvd,Verano Bay,40471,Sablewood,(555) 893-5560,https://www.yarrowcantina.example,Korean,$$$,3.8,1736,pass,pass,0.76,orbit systems,website_fingerprint,pass,SME,
R001166,atlasmaps,2026-07-10,Bluebird Tavern,377 S Wexley Ave,Verano Bay,40596,Miradero,555.139.1534,https://www.bluebirdtavern.example,Mediterranean,$$$,4.7,910,pass,pass,0.94,-,none,unknown,SME,
R000698,atlasmaps,2026-07-12,VIOLET ROOM,6942 N Wexley Rd,Verano Bay,40110,Rivera District,5559383686,https://www.violetroom.example,Mexican,$$,4.2,1776,pass,pass,0.84,Unknown,none,unknown,SME,
R002297,dineline,2026-07-11,Tallgrass Creamery,7634 S Rivermead St,Verano Bay,40130,Stillwater,+15559763163,https://www.tallgrasscreamery.example,Korean,$,4.1,904,pass,fail,0.99,IRONCLAD,website_fingerprint,fail,SME,
R002198,tablefind,2026-07-06,Cobalt Smokehouse,7408 N Fennimore St,Verano Bay,40336,Kingsway,+1 555 218 9590,https://www.cobaltsmokehouse.example,Mediterranean,$$,4.6,811,pass,pass,0.88,Unknown,none,unknown,SME,
R001878,roamly,2026-07-14,The Ember Kitchen,339 East Lindmere Rd,Verano Bay,40677,Stillwater,+1 555 890 8755,https://www.emberkitchen.example,Italian,$$,4.4,1754,pass,pass,0.8,N/A,none,unknown,SME,
R001785,dineline,2026-06-30,Redbird Bistro,1957 W Bayard Ave,Verano Bay,40766,Sunfield,(555) 320-7541,https://www.redbirdbistro.example,Thai,$$$,4.7,953,pass,pass,0.86,,none,unknown,SME,
R003481,civicpages,2026-07-13,Ember Smokehouse,303 E Tarrow St,Kestrel Falls,40169,,+15555008032,https://www.embersmokehouse.example,French,$$$,3.4,36,pass,pass,0.74,Vellum,website_fingerprint,pass,SME,
R000807,dineline,2026-07-22,Anchor Room,274 N Halloway St,Verano Bay,40727,Greenhithe,555.330.9758,,Seafood,$$,4.7,962,pass,pass,0.82,Unknown,none,unknown,SME,
R001267,bookwell,2026-07-20,Palisade Smokehouse,1574 E Bayard St,Verano Bay,40160,Fox Hollow,5556061400,https://www.palisadesmokehouse.example,Steakhouse,$$,4.4,179,pass,pass,0.72,Ironclad,website_fingerprint,fail,SME,
R002561,tablefind,2026-07-12,Olive & Ash Juice Bar,6394 N Wexley St,Verano Bay,40193,Sunfield,+15559480570,https://www.oliveashjuicebar.example,Steakhouse,$$,3.4,1121,pass,fail,0.98,UNKNOWN,none,unknown,SME,
R002183,roamly,2026-07-17,The Nightjar Chophouse,379 S Vance Rd,Verano Bay,40714,Quarry End,+1 555 527 2529,https://www.nightjarchophouse.example,Spanish,$$,4.1,1517,pass,pass,0.84,,none,unknown,SME,
R003010,tablefind,2026-07-21,Copper To Go 1,2966 S Calder Rd,Verano Bay,40331,Corvo Heights,(555) 404-9354,https://www.coppertogo1.example,Mediterranean,$$$,3.7,545,fail,fail,0.9,Ironclad POS,website_fingerprint,fail,SME,
R000762,atlasmaps,2026-07-11,Heron Smokehouse,6634 W Rivermead Ave,Verano Bay,40348,Stillwater,5558340768,https://www.heronsmokehouse.example,Mexican,$$$$,4.3,124,pass,pass,0.79,Ironclad,website_fingerprint,fail,SME,
R002730,civicpages,2026-07-15,The Bluebird To Go,7663 East Rivermead Boulevard,Verano Bay,40730,Greenhithe,+1 555 453 0223,,Korean,$$,4.5,1058,pass,fail,0.92,-,none,unknown,SME,
R002608,civicpages,2026-07-14,Basil & Bone Donuts 1,4063 E Rivermead Rd,Verano Bay,40166,Miradero,+15551093237,https://www.basilbonedonuts1.example,Italian,$$,3.8,1190,fail,fail,0.94,not found,none,unknown,SME,
R002801,atlasmaps,2026-07-27,Plumb Smoothie - Templeton,1092 S Bayard Road,Verano Bay,40631,Rivera District,(555) 941-3785,https://www.plumbsmoothie.example,Greek,$$,4.4,1186,fail,fail,0.9,ironclad,website_fingerprint,fail,SME,
R001523,atlasmaps,2026-07-01,Sable Cantina,2227 N Tarrow Ave,Verano Bay,40325,Rivera District,+15554525984,https://www.sablecantina.example,Seafood,$$,4.0,944,pass,pass,0.92,N/A,none,unknown,SME,
R001047,bookwell,2026-07-14,Bellwether Taqueria,6673 E Calder Rd,Verano Bay,40655,Old Mill,555-254-8565,https://www.bellwethertaqueria.example,Mexican,$$$$,4.6,809,pass,pass,0.98,-,none,unknown,SME,
R002455,civicpages,2026-07-25,Kettle To Go Verano Bay,3398 N Prospect Ave,Verano Bay,40402,Lantern Hill,555.332.5317,https://www.kettletogo.example,Thai,$,4.0,1706,pass,fail,0.73,ironcladpos,website_fingerprint,fail,SME,
R001397,atlasmaps,2026-07-14,Saffron Table,4535 W Bayard Rd,Verano Bay,40398,Bramble Row,+1 555 846 9957,https://www.saffrontable.example,Steakhouse,$,3.8,667,pass,pass,0.95,not found,none,unknown,SME,
R002746,civicpages,2026-07-16,KETTLE COFFEE,5239 North Tarrow Rd,Verano Bay,40146,Cedar Cross,,https://www.kettlecoffee.example,Peruvian,$$$$,4.6,558,fail,fail,0.8,-,none,unknown,SME,
R003476,roamly,2026-07-28,Quill Alehouse,6433 E Cortez Rd,Northmoor,40505,,5551769136,https://www.quillalehouse.example,French,$$,4.3,474,pass,pass,0.87,Unknown,none,unknown,SME,
R001536,civicpages,2026-07-08,The Magpie Trattoria,"2365 S Wexley Ave, Verano Bay",Verano Bay,40556,Harbor Point,555.446.9376,https://www.magpietrattoria.example,French,$$$,3.7,426,pass,pass,0.73,n/a,none,unknown,SME,
R002291,bookwell,2026-06-30,The Ember Cafe,5282 S Calder Rd,Verano Bay,40696,Alder Heights,555.615.0539,https://www.embercafe.example,Korean,$$,4.2,54,pass,fail,0.78,vellum,website_fingerprint,pass,SME,
R002692,roamly,2026-07-01,COBALT COUNTER,475 E Vance St,Verano Bay,40680,Old Mill,+1 555 273 0643,,Contemporary,$$$,4.2,506,fail,fail,0.91,unknown,none,unknown,SME,
R002643,bookwell,2026-07-13,Kingfisher Counter,3098 E Halloway Rd,Verano Bay,40327,Ferrymead,+15556685898,https://www.kingfishercounter.example,Thai,$$,4.7,798,pass,fail,0.78,UNKNOWN,none,unknown,SME,
R002605,atlasmaps,2026-07-26,The Yarrow Juice Bar,7972 S Vance Avenue,Verano Bay,40322,Miradero,+1 555 918 1592,https://www.yarrowjuicebar.example,Mediterranean,$$$,3.4,1914,pass,fail,0.94,unknown,none,unknown,SME,
R003253,dineline,2026-07-05,Sparrow Taqueria,7781 E Bayard St,Verano Bay,40308,Stillwater,+15558521796,https://www.sparrowtaqueria.example,French,$$$,3.8,472,pass,pass,0.8,N/A,none,unknown,mid-cap,Sparrow Group
R002841,dineline,2026-07-04,Marrow Kiosk Restaurant,712 South Serra St,Verano Bay,40775,Ashgrove,5554933216,,Polish,$$,4.0,1225,fail,fail,0.72,UNKNOWN,none,unknown,SME,
R000643,roamly,2026-07-22,Pike Smokehouse,7005 W Fennimore Rd,Verano Bay,40694,Sablewood,555.517.9340,https://www.pikesmokehouse.example,Spanish,$$$,3.8,1436,pass,pass,0.73,vellum pos,website_fingerprint,pass,SME,
R000845,civicpages,2026-07-01,Northbank Cantina Restaurant,6912 W Quinton Blvd,Verano Bay,40499,Greenhithe,+1 555 480 4006,https://www.northbankcantina.example,Mexican,$$$$,4.7,1132,pass,pass,0.83,Unknown,none,unknown,SME,
R002976,tablefind,2026-07-06,Golden Hour Juice Bar,1642 W Bayard Rd,Verano Bay,40582,Marisol,+1 555 481 0446,https://www.goldenhourjuicebar.example,Peruvian,$$$,4.4,204,fail,fail,0.95,Fern Post,website_fingerprint,fail,SME,
R002537,dineline,2026-07-19,Saffron Express,504 W Vance St,Verano Bay,40542,Marisol,+1 555 412 1542,https://www.saffronexpress.example,Peruvian,$$$$,4.3,1088,fail,fail,0.98,UNKNOWN,none,unknown,SME,
R003391,bookwell,2026-07-25,Cardinal Oyster Bar,135 W Bayard Rd,Sundermere,40267,,+1 555 725 0277,https://www.cardinaloysterbar.example,Polish,$$,4.5,1251,pass,pass,0.94,not found,none,unknown,SME,
R001438,bookwell,2026-07-08,Magpie Oyster Bar,4255 West Halloway Avenue,Verano Bay,40222,Greenhithe,(555) 143-8322,https://www.magpieoysterbar.example,Peruvian,$$$$,3.4,1511,pass,pass,0.79,,none,unknown,SME,
R002074,dineline,2026-07-23,Oxbow Kitchen - Ashgrove,4038 S Fennimore Ave,Verano Bay,40240,Fox Hollow,555.902.9746,,Italian,$$$$,4.0,1668,pass,pass,0.78,,none,unknown,SME,
R001845,dineline,2026-07-28,SIXPENCE BRASSERIE,6578 W Wexley St,Verano Bay,40243,Quarry End,+15555027701,https://www.sixpencebrasserie.example,Italian,$$,4.4,890,pass,pass,0.83,Unknown,none,unknown,SME,
R000701,tablefind,2026-07-18,Anchor Grill,5815 W Mallow Rd,Verano Bay,40734,Templeton,555-397-5601,,Greek,$,4.7,1390,pass,pass,0.78,N/A,none,unknown,SME,
R000437,tablefind,2026-07-23,Inkwell House,7119 South Vance Street,Verano Bay,40331,Cedar Cross,555-970-5657,https://www.inkwellhouse.example,French,$$,4.0,1528,pass,pass,0.73,UNKNOWN,none,unknown,SME,
R000567,roamly,2026-07-18,Rookery Tavern,4883 S Cortez Blvd,Verano Bay,40489,Old Mill,5551900835,,Seafood,$$,4.8,117,pass,pass,0.78,Unknown,none,unknown,SME,
R002176,bookwell,2026-07-27,Bluebird Oyster Bar,3614 S Quinton Avenue,Verano Bay,40545,Fox Hollow,(555) 172-2663,https://www.bluebirdoysterbar.example,Seafood,$$,3.8,1454,pass,pass,0.82,N/A,none,unknown,SME,
R003208,dineline,2026-07-23,Salt & Vine Grill,7173 W Prospect Rd,Verano Bay,40552,Cedar Cross,+15557387765,https://www.saltvinegrill.example,Barbecue,$$,4.6,1206,pass,pass,0.78,Cadence POS,website_fingerprint,fail,mid-cap,Salt Group
R000613,bookwell,2026-07-23,Silverfin Oyster Bar,4756 N Serra Ave,Verano Bay,40214,Marisol,555-547-7324,,French,$$$,4.2,456,pass,pass,0.91,-,none,unknown,SME,
R000926,dineline,2026-07-04,Quill Taqueria,7213 S Bayard Blvd,Verano Bay,40591,Ashgrove,555.243.5739,https://www.quilltaqueria.example,Ethiopian,$$,3.8,933,pass,pass,0.75,not found,none,unknown,SME,
R003410,atlasmaps,2026-07-19,Warbler Steakhouse,6009 W Calder Blvd,Northmoor,40633,,5552600432,https://www.warblersteakhouse.example,Spanish,$$$,3.6,675,pass,pass,0.8,-,none,unknown,SME,
R001667,dineline,2026-07-15,Foxtail Room,4987 S Quinton Ave,Verano Bay,40238,Templeton,+15555057261,https://www.foxtailroom.example,Spanish,$,4.0,313,pass,pass,0.95,Unknown,none,unknown,SME,
R003194,civicpages,2026-07-18,Dovetail House,2871 E Vance Ave,Verano Bay,40325,Bayview Flats,555.836.2332,https://www.dovetailhouse.example,Thai,$,4.1,500,pass,pass,0.82,UNKNOWN,none,unknown,mid-cap,Dovetail Group
R000230,bookwell,2026-07-01,Redbird House - Alder Heights,3159 East Serra Boulevard,Verano Bay,40779,Old Mill,+1 555 905 4701,https://www.redbirdhouse.example,Thai,$$,4.9,1769,pass,pass,0.94,,none,unknown,SME,
R002447,dineline,2026-07-27,Tin Roof Sandwich Shop,4175 W Fennimore Ave,Verano Bay,40576,Calder Park,+1 555 217 5216,https://www.tinroofsandwichshop.example,Polish,$$,4.3,1369,pass,fail,0.85,IRONCLAD,website_fingerprint,fail,SME,
R000590,dineline,2026-07-09,Little Bear Steakhouse,5291 W Bayard St,Verano Bay,40578,Sablewood,5551169089,https://www.littlebearsteakhouse.example,Japanese,$,3.6,1040,pass,pass,0.86,Northstar Restaurant,website_fingerprint,pass,SME,
R002161,atlasmaps,2026-07-03,Pike Brasserie,7360 E Lindmere St,Verano Bay,40635,Bayview Flats,555-199-4567,,Steakhouse,$,3.4,1009,pass,pass,0.78,N/A,none,unknown,SME,
R002885,civicpages,2026-07-20,Sparrow Bakery - Fox Hollow,"4868 S Bayard Rd, Verano Bay",Verano Bay,40239,Fox Hollow,(555) 825-8849,,Indian,$$,3.2,551,pass,fail,0.76,-,none,unknown,SME,
R002304,roamly,2026-07-22,The Mercado Coffee,2599 South Bayard Boulevard,Verano Bay,40108,Miradero,555.850.9445,https://www.mercadocoffee.example,Thai,$$,3.9,1487,pass,fail,0.95,not found,none,unknown,SME,
R001125,atlasmaps,2026-07-06,Nine Bridges Osteria,1421 North Quinton Rd,Verano Bay,40535,Bayview Flats,5552019667,https://www.ninebridgesosteria.example,Indian,$$$,4.3,1736,pass,pass,0.84,UNKNOWN,none,unknown,SME,
R000439,dineline,2026-07-23,Thicket Dining Room,2704 S Serra Avenue,Verano Bay,40253,Windrow,,https://www.thicketdiningroom.example,Spanish,$$$,3.5,303,pass,pass,0.73,-,none,unknown,SME,
R003195,bookwell,2026-07-05,Dovetail House Restaurant,2871 East Vance Ave,Verano Bay,40114,Bayview Flats,(555) 836-2332,https://www.dovetailhouse.example,Thai,$,4.5,524,pass,pass,0.89,Cadence POS,website_fingerprint,fail,mid-cap,Dovetail Group
R000463,atlasmaps,2026-07-09,Blue Heron Alehouse,7759 S Cortez Rd,Verano Bay,40208,Harbor Point,+15558726344,https://www.blueheronalehouse.example,Ethiopian,$,3.8,1106,pass,pass,0.74,ironcladpos,website_fingerprint,fail,SME,
R002816,bookwell,2026-07-17,Bramble Kiosk,563 E Rivermead Rd,Verano Bay,40612,Calder Park,(555) 727-9352,https://www.bramblekiosk.example,Italian,$$$,3.8,534,pass,fail,0.95,unknown,none,unknown,SME,
R003058,civicpages,2026-07-09,Verde Bakery,5953 S Fennimore Ave,Verano Bay,40458,Rivera District,555.923.9455,https://www.verdebakery.example,Mexican,$$$,3.6,1217,fail,fail,0.75,n/a,none,unknown,SME,
R002826,dineline,2026-07-16,Sable Bakery,3368 N Mallow Rd,Verano Bay,40693,Calder Park,555.682.1882,https://www.sablebakery.example,Indian,$$,3.7,207,fail,fail,0.75,Orbit POS,website_fingerprint,pass,SME,
R001431,civicpages,2026-07-05,Saffron Room,3453 E Wexley Road,Verano Bay,40381,Bayview Flats,5557818874,https://www.saffronroom.example,Mexican,$,3.8,1620,pass,pass,0.84,unknown,none,unknown,SME,
R002929,bookwell,2026-07-16,HALCYON KIOSK,6228 South Lindmere Road,Verano Bay,40514,Bramble Row,+1 555 229 9480,https://www.halcyonkiosk.example,Indian,$$$$,4.4,1600,fail,fail,0.98,n/a,none,unknown,SME,
R002765,dineline,2026-07-06,Wren Donuts,5645 S Lindmere Ave,Verano Bay,40445,Miradero,(555) 831-2912,,Barbecue,$$$$,3.9,1764,fail,fail,0.91,unknown,none,unknown,SME,
R002543,bookwell,2026-07-15,Nine Bridges Sandwich Shop - Sablewood,3848 S Lindmere Street,Verano Bay,40454,Old Mill,5551337876,https://www.ninebridgessandwichsho.example,Mexican,$$,3.4,1233,pass,fail,0.93,Unknown,none,unknown,SME,
R002642,dineline,2026-07-02,Verde Deli 1,"5786 E Halloway Blvd, Verano Bay",Verano Bay,40626,Templeton,555.558.8043,,Ethiopian,$$$$,3.7,76,fail,fail,0.97,n/a,none,unknown,SME,
R002017,tablefind,2026-07-08,Quarry Grill,2428 S Quinton St,Verano Bay,40488,Alder Heights,5555663377,https://www.quarrygrill.example,Indian,$$$,3.8,886,pass,pass,0.83,,none,unknown,SME,
R001113,roamly,2026-07-05,Driftwood Taqueria Restaurant,2451 N Prospect St,Verano Bay,40160,Windrow,(555) 531-6381,https://www.driftwoodtaqueria.example,Vietnamese,$$,3.3,420,pass,pass,0.91,-,none,unknown,SME,
R000711,tablefind,2026-07-14,Kingfisher Osteria,5041 N Halloway Blvd,Verano Bay,40735,Sablewood,5556465444,,Polish,$$$,4.8,1200,pass,pass,0.89,UNKNOWN,none,unknown,SME,
R002282,bookwell,2026-07-03,Oxbow Counter,282 S Vance St,Verano Bay,40787,Old Mill,+15555888407,,Spanish,$$$$,3.5,2022,fail,fail,0.98,,none,unknown,SME,
R001574,dineline,2026-07-07,Gallow Steakhouse,4542 W Mallow Blvd,Verano Bay,40490,Miradero,+15553671188,,Spanish,$$,3.6,1238,pass,pass,0.72,n/a,none,unknown,SME,
R003096,tablefind,2026-07-15,Northbank Tavern Verano Bay,1812 S Serra Road,Verano Bay,40580,Stillwater,+15552807711,https://www.northbanktavern.example,Japanese,$$,4.3,588,pass,pass,0.84,unknown,none,unknown,mid-cap,Northbank Group
R003151,bookwell,2026-07-09,The Yarrow Smokehouse,7976 East Vance St,Verano Bay,40199,Palisade Park,(555) 386-7827,https://www.yarrowsmokehouse.example,Polish,$$,3.6,43,pass,pass,0.81,not found,none,unknown,mid-cap,Yarrow Group
R001310,roamly,2026-07-12,Plumb Steakhouse,6180 S Mallow Ave,Verano Bay,40516,Sablewood,5559522596,https://www.plumbsteakhouse.example,Mediterranean,$$,4.4,1303,pass,pass,0.85,UNKNOWN,none,unknown,SME,
R002034,civicpages,2026-07-06,Tin Roof Tavern,1909 S Rivermead Blvd,Verano Bay,40671,Old Mill,555-954-0687,https://www.tinrooftavern.example,Peruvian,$$$,3.3,608,pass,pass,0.93,-,none,unknown,SME,
R001111,civicpages,2026-07-04,Driftwood Taqueria,2451 N Prospect St,Verano Bay,40461,Windrow,+1 555 531 6381,https://www.driftwoodtaqueria.example,Vietnamese,$$,3.3,348,pass,pass,0.74,-,none,unknown,SME,
R002136,dineline,2026-07-14,Alder Taqueria Verano Bay,6930 North Calder Road,Verano Bay,40464,Bramble Row,555.858.5963,https://www.aldertaqueria.example,Mediterranean,$$$,4.1,895,pass,pass,0.87,n/a,none,unknown,SME,
R002427,dineline,2026-07-22,VIOLET EXPRESS,1454 South Fennimore Street,Verano Bay,40344,Cedar Cross,+1 555 193 5927,https://www.violetexpress.example,Japanese,$$,3.5,840,pass,fail,0.95,UNKNOWN,none,unknown,SME,
R000685,tablefind,2026-07-08,Wren Chophouse,485 W Tarrow Rd,Verano Bay,40547,Ashgrove,5559093269,https://www.wrenchophouse.example,Vietnamese,$$$,4.0,1809,pass,pass,0.91,IRONCLAD,website_fingerprint,fail,SME,
R002573,dineline,2026-07-23,Nettle Food Truck,7144 S Halloway Ave,Verano Bay,40619,Bramble Row,+1 555 703 6911,https://www.nettlefoodtruck.example,Spanish,$$$,4.0,484,fail,fail,0.97,not found,none,unknown,SME,
R002047,dineline,2026-07-12,Bluebird Brasserie,7032 W Vance St,Verano Bay,40740,Miradero,+15556167261,,Korean,$,4.3,663,pass,pass,0.76,N/A,none,unknown,SME,
R000199,bookwell,2026-07-09,Vesper Smokehouse,2960 East Rivermead St,Verano Bay,40621,Old Mill,+15555407227,,Japanese,$$$,4.0,1352,pass,pass,0.9,unknown,none,unknown,SME,
R001369,dineline,2026-07-20,Copper Osteria,3420 N Calder Ave,Verano Bay,40625,Calder Park,+1 555 807 2077,https://www.copperosteria.example,Mediterranean,$$$,3.8,391,pass,pass,0.97,N/A,none,unknown,SME,
R002442,civicpages,2026-07-07,Warbler Juice Bar 1 - Miradero,2923 North Rivermead Ave,Verano Bay,40459,Stillwater,555.688.9840,,Steakhouse,$$$,4.6,1130,pass,fail,0.87,not found,none,unknown,SME,
R000467,roamly,2026-07-02,Bramble Steakhouse,7146 E Prospect St,Verano Bay,40533,Bayview Flats,555-922-8336,,Spanish,$$$,4.4,1652,pass,pass,0.89,N/A,none,unknown,SME,
R002035,roamly,2026-07-05,Tin Roof Tavern Restaurant,1909 S Rivermead Boulevard,Verano Bay,40744,Old Mill,(555) 954-0687,https://www.tinrooftavern.example,Peruvian,$$$,3.5,883,pass,pass,0.98,not found,none,unknown,SME,
R000243,bookwell,2026-07-19,Little Bear Osteria,3640 S Halloway Blvd,Verano Bay,40774,Rivera District,+1 555 849 2176,https://www.littlebearosteria.example,Spanish,$$$$,4.1,535,pass,pass,0.76,Cadence,website_fingerprint,fail,SME,
R001236,tablefind,2026-07-26,WREN TRATTORIA,4229 East Ashfield Street,Verano Bay,40540,Calder Park,(555) 109-1220,https://www.wrentrattoria.example,Italian,$$$,4.2,425,pass,pass,0.76,,none,unknown,SME,
R002748,bookwell,2026-07-19,Stonecutter To Go Verano Bay,7607 West Mallow Street,Verano Bay,40193,Cedar Cross,+1 555 355 4732,https://www.stonecuttertogo.example,Barbecue,$$$$,3.8,144,pass,fail,0.73,-,none,unknown,SME,
R002249,dineline,2026-07-09,Tallgrass Steakhouse,4950 S Vance St,Verano Bay,40153,Greenhithe,(555) 760-0619,https://www.tallgrasssteakhouse.example,French,$$$$,3.6,198,pass,pass,0.91,-,none,unknown,SME,
R002337,bookwell,2026-07-02,Tallgrass Juice Bar,1435 N Bayard St,Verano Bay,40322,Cedar Cross,555.885.5869,https://www.tallgrassjuicebar.example,Greek,$$,4.1,1827,pass,fail,0.87,not found,none,unknown,SME,
R002446,bookwell,2026-07-15,Cardinal Coffee,2435 W Bayard Blvd,Verano Bay,40624,Kingsway,+1 555 378 0764,https://www.cardinalcoffee.example,Ethiopian,$$,3.4,1768,pass,fail,0.92,ORBIT,website_fingerprint,pass,SME,
R001037,atlasmaps,2026-07-19,Juniper Osteria,4357 W Mallow Rd,Verano Bay,40301,Bramble Row,5555431894,,Italian,$,3.6,1165,pass,pass,0.9,-,none,unknown,SME,
R000122,dineline,2026-07-28,Stonecutter Trattoria,2140 W Vance St,Verano Bay,40647,Templeton,(555) 140-1142,https://www.stonecuttertrattoria.example,Korean,$,3.4,606,pass,pass,0.93,N/A,none,unknown,SME,
R000611,tablefind,2026-07-11,Verde Cantina - Windrow,"4514 N Mallow Rd, Verano Bay",Verano Bay,40155,Miradero,+1 555 918 0430,https://www.verdecantina.example,Barbecue,$$,4.2,1529,pass,pass,0.73,n/a,none,unknown,SME,
R003250,dineline,2026-07-27,Wren Steakhouse,5629 E Wexley Rd,Verano Bay,40207,Palisade Park,555.360.8095,https://www.wrensteakhouse.example,Korean,$$,4.3,2042,pass,pass,0.96,not found,none,unknown,mid-cap,Wren Group
R000742,dineline,2026-07-24,Ironwood Steakhouse - Ashgrove,641 S Lindmere Rd,Verano Bay,40194,Cedar Cross,555.151.8173,https://www.ironwoodsteakhouse.example,Mediterranean,$$,4.5,661,pass,pass,0.8,,none,unknown,SME,
R001616,atlasmaps,2026-07-16,Sixpence Kitchen,114 N Serra Blvd,Verano Bay,40393,Sablewood,555-388-5996,https://www.sixpencekitchen.example,Spanish,$,3.7,1362,pass,pass,0.95,Vellum POS,website_fingerprint,pass,SME,
R002843,bookwell,2026-07-04,MAGPIE TO GO,6208 S Bayard Street,Verano Bay,40691,Templeton,555.277.8052,,Barbecue,$$$$,3.4,909,pass,fail,0.82,n/a,none,unknown,SME,
R001475,civicpages,2026-07-28,Understory Supper Club,6288 E Mallow Blvd,Verano Bay,40444,Sablewood,(555) 101-6758,https://www.understorysupperclub.example,Thai,$$$,4.2,433,pass,pass,0.83,-,none,unknown,SME,
R001586,civicpages,2026-07-03,Halcyon Steakhouse,699 N Mallow Ave,Verano Bay,40792,Sablewood,5555734835,https://www.halcyonsteakhouse.example,Greek,$$$,4.3,562,pass,pass,0.78,not found,none,unknown,SME,
R002997,roamly,2026-07-12,The Gallow Deli,5477 West Cortez Avenue,Verano Bay,40162,Miradero,+15557236254,https://www.gallowdeli.example,Barbecue,$$,3.9,1175,fail,fail,0.97,Ironclad POS,website_fingerprint,fail,SME,
R002578,tablefind,2026-07-22,Amber Bakery - Ferrymead,7888 East Fennimore Avenue,Verano Bay,40360,Corvo Heights,5558521546,,Ethiopian,$$$,4.0,521,fail,fail,0.85,unknown,none,unknown,SME,
R001758,bookwell,2026-07-02,Wren Tavern,4124 E Prospect Ave,Verano Bay,40585,Marisol,+1 555 127 2020,https://www.wrentavern.example,Mexican,$$$,4.2,1088,pass,pass,0.82,Unknown,none,unknown,SME,
R002101,dineline,2026-07-03,Kinship Trattoria,5836 North Vance Street,Verano Bay,40404,Old Mill,(555) 128-6091,,Mediterranean,$$$$,4.2,456,pass,pass,0.77,n/a,none,unknown,SME,
R000036,dineline,2026-07-02,Halcyon Alehouse,5503 S Mallow St,Verano Bay,40347,Lantern Hill,5555452669,https://www.halcyonalehouse.example,Thai,$$$,4.4,1391,pass,pass,0.93,ironclad,website_fingerprint,fail,SME,Halcyon Dining
R000495,roamly,2026-07-11,The Heron Steakhouse,3177 W Bayard Boulevard,Verano Bay,40794,Alder Heights,5558429338,https://www.heronsteakhouse.example,Spanish,$,3.8,1692,pass,pass,0.86,unknown,none,unknown,SME,
R003048,dineline,2026-07-22,Kinship Kiosk,3944 W Ashfield Ave,Verano Bay,40289,Quarry End,(555) 772-8210,,Korean,$$,3.9,147,pass,fail,0.95,N/A,none,unknown,SME,
R002559,atlasmaps,2026-07-01,Lantern Creamery,5694 E Fennimore Ave,Verano Bay,40313,Bayview Flats,+15557710382,,Mediterranean,$$,4.2,28,fail,fail,0.83,UNKNOWN,none,unknown,SME,
R000784,dineline,2026-07-17,Quill Room,5428 S Ashfield Ave,Verano Bay,40509,Cedar Cross,(555) 806-5705,https://www.quillroom.example,Mexican,$,4.3,245,pass,pass,0.8,unknown,none,unknown,SME,
R001909,bookwell,2026-07-12,Oxbow Cantina,1163 W Rivermead Blvd,Verano Bay,40696,Templeton,+15552335723,https://www.oxbowcantina.example,Contemporary,$$$,4.7,754,pass,pass,0.9,-,none,unknown,SME,
R001807,civicpages,2026-07-03,Salt & Vine Kitchen,6323 W Fennimore Rd,Verano Bay,40605,Calder Park,555-738-9921,https://www.saltvinekitchen.example,Greek,$$,3.8,415,pass,pass,0.82,ironcladpos,website_fingerprint,fail,SME,
R002322,civicpages,2026-07-16,Roan Counter,2196 E Fennimore Blvd,Verano Bay,40541,Fox Hollow,+1 555 970 6194,https://www.roancounter.example,Barbecue,$$$,3.9,606,pass,fail,0.96,Unknown,none,unknown,SME,
R001587,roamly,2026-07-11,Halcyon Steakhouse,699 N Mallow Ave,Verano Bay,40684,Sablewood,(555) 573-4835,https://www.halcyonsteakhouse.example,Greek,$$$,4.6,448,pass,pass,0.75,n/a,none,unknown,SME,
R003050,dineline,2026-07-23,The Cinder Smoothie 1,1811 East Mallow St,Verano Bay,40125,Greenhithe,+15552148121,https://www.cindersmoothie1.example,Seafood,$,4.1,689,fail,fail,0.82,Ironclad POS,website_fingerprint,fail,SME,
R001165,roamly,2026-07-20,Fernwood Chophouse,2377 W Cortez Blvd,Verano Bay,40138,Alder Heights,555-794-2510,https://www.fernwoodchophouse.example,Korean,$$$,4.4,1321,pass,pass,0.85,-,none,unknown,SME,
R002296,roamly,2026-07-10,Prairie Express,7265 N Rivermead Rd,Verano Bay,40424,Palisade Park,5555909309,https://www.prairieexpress.example,Steakhouse,$$,3.9,1453,fail,fail,0.92,n/a,none,unknown,SME,
R000812,atlasmaps,2026-07-05,SABLE OSTERIA,"3475 E Wexley Ave, Verano Bay",Verano Bay,40451,Palisade Park,555.625.1655,https://www.sableosteria.example,Seafood,$,3.6,1255,pass,pass,0.85,-,none,unknown,SME,
R003225,roamly,2026-07-12,Larkspur Room,6412 W Ashfield Blvd,Verano Bay,40565,Bayview Flats,555.871.9127,https://www.larkspurroom.example,Vietnamese,$$$$,4.4,858,pass,pass,0.93,vellum pos,website_fingerprint,pass,mid-cap,Larkspur Group
R001192,tablefind,2026-07-21,Inkwell Taqueria,4298 S Mallow St,Verano Bay,40757,Stillwater,(555) 291-2428,https://www.inkwelltaqueria.example,Mexican,$$$$,3.7,1036,pass,pass,0.88,n/a,none,unknown,SME,
R001529,atlasmaps,2026-07-04,Dovetail Alehouse,3207 E Cortez St,Verano Bay,40113,Sablewood,555.361.5085,,Mediterranean,$$,4.8,1258,pass,pass,0.75,not found,none,unknown,SME,
R001627,dineline,2026-07-28,Understory Bistro,7352 W Fennimore Blvd,Verano Bay,40356,Corvo Heights,(555) 366-3678,https://www.understorybistro.example,Italian,$,3.8,1791,pass,pass,0.97,N/A,none,unknown,SME,
R003243,civicpages,2026-07-07,Stonecutter Kitchen - Greenhithe,1088 West Wexley Street,Verano Bay,40707,Greenhithe,+15553638947,https://www.stonecutterkitchen.example,Spanish,$$,3.7,706,pass,pass,0.78,not found,none,unknown,mid-cap,Stonecutter Group
R002759,roamly,2026-07-14,Kinship Creamery 1,3730 North Rivermead Ave,Verano Bay,40235,Quarry End,555-154-3872,https://www.kinshipcreamery1.example,Ethiopian,$$$,4.0,912,fail,fail,0.92,Unknown,none,unknown,SME,
R003296,tablefind,2026-06-30,Ironwood Smokehouse,3610 N Cortez Ave,Verano Bay,40544,Greenhithe,+1 555 199 6902,https://www.ironwoodsmokehouse.example,Seafood,$$,3.6,1513,pass,pass,0.87,Unknown,none,unknown,large,Ironwood Inc
R001724,tablefind,2026-07-07,THISTLE HOUSE,4836 East Bayard Avenue,Verano Bay,40317,Sunfield,555.207.1567,https://www.thistlehouse.example,Mexican,$$$$,4.9,866,pass,pass,0.99,FERNPOST,website_fingerprint,fail,SME,
R002860,atlasmaps,2026-07-06,Kinship Boba,5944 N Ashfield Avenue,Verano Bay,40751,Stillwater,5555439711,,Thai,$$,4.4,568,fail,fail,0.74,unknown,none,unknown,SME,
R001152,atlasmaps,2026-07-11,Pike Tavern,1792 N Wexley St,Verano Bay,40660,Kingsway,5558373594,https://www.piketavern.example,Spanish,$$,4.5,1068,pass,pass,0.77,,none,unknown,SME,
R000450,roamly,2026-07-08,Quill Oyster Bar,3930 S Serra Rd,Verano Bay,40701,Greenhithe,,,Indian,$$,4.4,162,pass,pass,0.97,N/A,none,unknown,SME,
R000779,bookwell,2026-07-07,Anchor Table,2297 W Halloway Avenue,Verano Bay,40350,Sablewood,555.691.3389,https://www.anchortable.example,Contemporary,$,4.8,519,pass,pass,0.83,Unknown,none,unknown,SME,
R002806,bookwell,2026-07-27,Driftwood To Go,4990 W Cortez St,Verano Bay,40275,Ashgrove,555.783.1646,https://www.driftwoodtogo.example,Italian,$$$$,4.0,334,pass,fail,0.79,Unknown,none,unknown,SME,
R003378,atlasmaps,2026-07-09,Rambler Room,1938 E Cortez Rd,Calla Ridge,40185,,(555) 273-9287,https://www.ramblerroom.example,Contemporary,$$$,4.8,913,pass,pass,0.99,Ironclad POS,website_fingerprint,fail,SME,
R000933,tablefind,2026-07-14,Persimmon Bistro Verano Bay,"3916 W Rivermead Ave, Verano Bay",Verano Bay,40770,Rivera District,5556572844,https://www.persimmonbistro.example,Ethiopian,$$$$,4.2,677,pass,pass,0.97,meridian,website_fingerprint,pass,SME,
R000610,atlasmaps,2026-07-20,Verde Cantina,4514 N Mallow Rd,Verano Bay,40338,Miradero,+15559180430,https://www.verdecantina.example,Barbecue,$$,4.0,1383,pass,pass,0.86,Unknown,none,unknown,SME,
R001896,dineline,2026-07-27,Violet Chophouse - Rivera District,3015 E Prospect Boulevard,Verano Bay,40578,Rivera District,(555) 790-1402,https://www.violetchophouse.example,Mediterranean,$$,4.6,194,pass,pass,0.78,N/A,none,unknown,SME,
R003496,atlasmaps,2026-07-11,Sample Entry - ignore,1293 E Prospect Rd,Verano Bay,40199,Calder Park,+15558584311,,Ethiopian,$$$,3.3,318,pass,pass,0.88,,none,unknown,SME,
R000302,civicpages,2026-07-16,Marrow Chophouse,3116 S Cortez Rd,Verano Bay,40776,Rivera District,555-627-8071,https://www.marrowchophouse.example,Peruvian,$$$,3.5,107,pass,pass,0.89,-,none,unknown,SME,
R002358,bookwell,2026-07-20,Fernwood Kiosk,4994 S Cortez Blvd,Verano Bay,40611,Cedar Cross,555.761.1196,https://www.fernwoodkiosk.example,Steakhouse,$$$$,4.2,72,pass,fail,0.94,Cadence Mini,website_fingerprint,fail,SME,
R000270,atlasmaps,2026-07-21,Fallowfield Room,723 S Quinton Rd,Verano Bay,40746,Calder Park,(555) 870-1828,https://www.fallowfieldroom.example,Polish,$$$,3.4,630,pass,pass,0.73,UNKNOWN,none,unknown,SME,
R002946,civicpages,2026-07-03,Sixpence Food Truck,6176 W Halloway Rd,Verano Bay,40232,Lantern Hill,5556242028,,Barbecue,$$$$,3.4,220,pass,fail,0.91,N/A,none,unknown,SME,
R002878,civicpages,2026-07-18,Salt & Vine Boba 1 Restaurant,4899 South Quinton Street,Verano Bay,40638,Alder Heights,(555) 518-9400,https://www.saltvineboba1.example,Korean,$$$,3.7,535,pass,fail,0.84,Cadence Mini,website_fingerprint,fail,SME,
R001634,roamly,2026-06-30,Inkwell Supper Club,4227 East Wexley Ave,Verano Bay,40523,Greenhithe,+15553419352,https://www.inkwellsupperclub.example,Greek,$$$,4.0,328,pass,pass,0.85,rivet,website_fingerprint,fail,SME,
R001168,bookwell,2026-07-21,BLUEBIRD TAVERN,"377 S Wexley Ave, Verano Bay",Verano Bay,40506,Miradero,555-139-1534,https://www.bluebirdtavern.example,Mediterranean,$$$,4.8,1031,pass,pass,0.84,not found,none,unknown,SME,
R003478,civicpages,2026-07-13,Hearth Kitchen,4368 N Wexley Blvd,Northmoor,40349,,,https://www.hearthkitchen.example,Greek,$$,4.6,969,pass,pass,0.74,n/a,none,unknown,SME,
R000021,tablefind,2026-07-13,Verde Alehouse,5653 North Tarrow Boulevard,Verano Bay,40578,Bayview Flats,+1 555 467 0016,https://www.verdealehouse.example,Spanish,$$,4.2,226,pass,pass,0.78,Meridian Cloud POS,website_fingerprint,pass,SME,Verde Restaurant Group
R002718,civicpages,2026-07-15,The Ember Creamery 1,1953 South Serra Road,Verano Bay,40276,Ashgrove,+1 555 392 7654,https://www.embercreamery1.example,Italian,$$$,3.9,446,fail,fail,0.98,,none,unknown,SME,
R000201,atlasmaps,2026-07-17,ROAN CANTINA,2095 North Cortez Boulevard,Verano Bay,40303,Sunfield,+1 555 998 7918,https://www.roancantina.example,Korean,$$$,4.2,1802,pass,pass,0.95,,none,unknown,SME,
R003456,dineline,2026-07-17,Thicket Smokehouse,6648 E Bayard Ave,Sundermere,40679,,(555) 769-5368,https://www.thicketsmokehouse.example,Vietnamese,$$$,3.7,1286,pass,pass,0.77,unknown,none,unknown,SME,
R001689,roamly,2026-07-18,The Nettle Tavern,"1932 S Prospect Blvd, Verano Bay",Verano Bay,40640,Miradero,+1 555 268 4860,https://www.nettletavern.example,Indian,$$$,4.5,591,pass,pass,0.92,N/A,none,unknown,SME,
R001816,civicpages,2026-07-21,Quarry Table,"1765 W Wexley St, Verano Bay",Verano Bay,40432,Old Mill,5552526798,https://www.quarrytable.example,Greek,$$$,4.0,1554,pass,pass,0.86,IRONCLAD,website_fingerprint,fail,SME,
R001222,bookwell,2026-07-04,Lantern Brasserie Restaurant,7848 West Cortez Street,Verano Bay,40423,Greenhithe,5557964799,https://www.lanternbrasserie.example,Barbecue,$$$,4.4,988,pass,pass,0.98,saltbox,website_fingerprint,fail,SME,
R003475,civicpages,2026-07-21,Motherland Kitchen,7230 S Mallow Ave,Calla Ridge,40564,,(555) 251-0079,https://www.motherlandkitchen.example,Spanish,$$,4.1,91,pass,pass,0.96,unknown,none,unknown,SME,
R002821,roamly,2026-07-28,Harrow Creamery,3541 W Wexley Blvd,Verano Bay,40482,Bayview Flats,555.521.3346,,Mediterranean,$$,4.0,323,fail,fail,0.9,UNKNOWN,none,unknown,SME,
R000952,bookwell,2026-07-20,Kettle Kitchen,2562 S Lindmere Rd,Verano Bay,40457,Marisol,555.231.2804,https://www.kettlekitchen.example,Mediterranean,$$$,4.1,288,pass,pass,0.85,Unknown,none,unknown,SME,
R000852,atlasmaps,2026-07-03,Quarry Osteria - Templeton,7991 South Quinton Road,Verano Bay,40252,Harbor Point,5554684021,https://www.quarryosteria.example,Polish,$$$$,4.5,284,pass,pass,0.93,Unknown,none,unknown,SME,
R002545,bookwell,2026-07-18,Umber Smoothie,1079 North Vance Rd,Verano Bay,40340,Sablewood,555-794-9396,,French,$,4.6,1919,pass,fail,0.85,not found,none,unknown,SME,
R001797,tablefind,2026-07-28,Cardinal Kitchen - Kingsway,844 S Mallow Boulevard,Verano Bay,40194,Ashgrove,(555) 480-3326,https://www.cardinalkitchen.example,Thai,$,3.5,568,pass,pass,0.83,Unknown,none,unknown,SME,
R003147,dineline,2026-07-12,The Kinship Table,3795 West Vance Avenue,Verano Bay,40165,Bramble Row,5555068500,https://www.kinshiptable.example,French,$$$$,4.6,371,pass,pass,0.94,Cadence,website_fingerprint,fail,mid-cap,Kinship Group
R002059,roamly,2026-07-09,UMBER DINING ROOM,1844 E Lindmere Boulevard,Verano Bay,40409,Lantern Hill,5558281820,https://www.umberdiningroom.example,Italian,$$$,4.1,1976,pass,pass,0.98,,none,unknown,SME,
R002361,atlasmaps,2026-07-14,Foxtail Coffee,342 N Rivermead Blvd,Verano Bay,40260,Marisol,555-109-3391,,Spanish,$,4.9,925,pass,fail,0.82,,none,unknown,SME,
R000216,civicpages,2026-07-14,Understory Steakhouse Restaurant,6408 North Calder Street,Verano Bay,40362,Bramble Row,+1 555 997 3091,https://www.understorysteakhouse.example,Mediterranean,$$$,3.9,1819,pass,pass,0.82,not found,none,unknown,SME,
R002570,atlasmaps,2026-07-21,Wren Coffee,6629 E Lindmere Ave,Verano Bay,40579,Bramble Row,(555) 129-6773,https://www.wrencoffee.example,Ethiopian,$$$,4.3,1757,pass,fail,0.88,unknown,none,unknown,SME,
R000766,bookwell,2026-07-11,Wren Cantina - Alder Heights,4889 North Wexley Ave,Verano Bay,40191,Sunfield,+1 555 513 6215,,Vietnamese,$,4.5,2126,pass,pass,0.9,,none,unknown,SME,
R001442,roamly,2026-07-22,AMBER GRILL,1603 North Quinton Road,Verano Bay,40714,Alder Heights,5553443772,https://www.ambergrill.example,Italian,$$$,3.5,1320,pass,pass,0.89,Unknown,none,unknown,SME,
R001088,roamly,2026-07-17,Tallgrass Table,1887 N Ashfield Blvd,Verano Bay,40675,Stillwater,5551140353,https://www.tallgrasstable.example,French,$$,3.8,1238,pass,pass,0.76,unknown,none,unknown,SME,
R001652,dineline,2026-07-28,Magpie House,2007 West Tarrow Road,Verano Bay,40630,Alder Heights,+1 555 471 2652,https://www.magpiehouse.example,Korean,$$$$,3.8,711,pass,pass,0.88,,none,unknown,SME,
R003175,tablefind,2026-07-02,Sparrow Steakhouse,5549 E Tarrow St,Verano Bay,40181,Stillwater,555.879.5176,https://www.sparrowsteakhouse.example,Polish,$$$,4.0,463,pass,pass,0.87,UNKNOWN,none,unknown,mid-cap,Sparrow Group
R003354,dineline,2026-07-12,Quarry Smokehouse,5581 N Mallow Blvd,Verano Bay,40487,Rivera District,555-264-3164,https://www.quarrysmokehouse.example,Steakhouse,$$$$,3.6,503,pass,pass,0.88,-,none,unknown,large,Quarry Inc
R000749,bookwell,2026-07-13,Driftwood Oyster Bar,340 N Ashfield Blvd,Verano Bay,40242,Sablewood,+1 555 304 4123,https://www.driftwoodoysterbar.example,Italian,$$$,3.9,957,pass,pass,0.75,Northstar,website_fingerprint,pass,SME,
R002492,bookwell,2026-07-06,Cinder Kiosk,5550 W Lindmere Blvd,Verano Bay,40732,Harbor Point,5553726023,https://www.cinderkiosk.example,Seafood,$,3.9,1630,fail,fail,0.97,-,none,unknown,SME,
R000190,dineline,2026-07-24,Bluebird Kitchen Restaurant,4386 North Ashfield Rd,Verano Bay,40779,Templeton,(555) 197-1152,https://www.bluebirdkitchen.example,Seafood,$$$$,3.9,539,pass,pass,0.75,IRONCLAD,website_fingerprint,fail,SME,
R000944,bookwell,2026-07-06,Orchard Steakhouse,"7209 S Ashfield St, Verano Bay",Verano Bay,40787,Bramble Row,+15558640367,https://www.orchardsteakhouse.example,Mediterranean,$$,4.0,814,pass,pass,0.83,,none,unknown,SME,
R000496,dineline,2026-07-14,Basil & Bone Chophouse,5706 S Cortez Ave,Verano Bay,40398,Stillwater,5557448043,https://www.basilbonechophouse.example,Steakhouse,$$$,3.8,1247,pass,pass,0.91,n/a,none,unknown,SME,
R002091,tablefind,2026-07-20,Quarry Supper Club,3716 E Wexley Ave,Verano Bay,40538,Miradero,5559725943,https://www.quarrysupperclub.example,Vietnamese,$$$$,3.8,1572,pass,pass,0.86,N/A,none,unknown,SME,
R003311,dineline,2026-07-15,Plumb Oyster Bar,3057 N Wexley Ave,Verano Bay,40473,Harbor Point,+1 555 663 7630,https://www.plumboysterbar.example,Japanese,$$,4.0,1671,pass,pass,0.9,Cadence Mini,website_fingerprint,fail,large,Plumb Inc
R002666,bookwell,2026-07-08,Olive & Ash Smoothie,3063 W Rivermead Rd,Verano Bay,40111,Cedar Cross,,https://www.oliveashsmoothie.example,French,$$,4.5,1485,fail,fail,0.73,UNKNOWN,none,unknown,SME,
R000620,atlasmaps,2026-07-11,Alder Supper Club,5704 S Quinton Rd,Verano Bay,40543,Ashgrove,(555) 621-7937,https://www.aldersupperclub.example,Polish,$$$,4.2,1609,pass,pass,0.98,n/a,none,unknown,SME,
R002565,bookwell,2026-07-15,SALT & VINE TO GO,4198 West Prospect St,Verano Bay,40563,Sunfield,+15551039468,,Greek,$$$$,4.8,608,pass,fail,0.74,n/a,none,unknown,SME,
R003293,bookwell,2026-07-14,Foxtail Supper Club,3764 N Ashfield Rd,Verano Bay,40774,Marisol,555-919-9383,https://www.foxtailsupperclub.example,Thai,$$$,4.2,762,pass,pass,0.91,not found,none,unknown,large,Foxtail Inc
R000801,roamly,2026-07-06,Vesper Chophouse - Windrow,2449 West Calder Blvd,Verano Bay,40487,Cedar Cross,+15559428416,https://www.vesperchophouse.example,Seafood,$$$,4.7,132,pass,pass,0.76,Unknown,none,unknown,SME,
R002874,bookwell,2026-07-15,Palisade Express 1 - Bramble Row,7712 West Mallow Boulevard,Verano Bay,40372,Palisade Park,+1 555 890 5456,,Korean,$$$$,4.2,1479,pass,fail,0.95,UNKNOWN,none,unknown,SME,
R002421,dineline,2026-07-07,Northbank Cafe,6848 W Quinton Ave,Verano Bay,40477,Miradero,555-173-4476,,Polish,$$$,3.3,1563,fail,fail,0.75,,none,unknown,SME,
R001484,atlasmaps,2026-07-09,Nettle Brasserie,4001 S Cortez Ave,Verano Bay,40242,Ferrymead,+15558910878,https://www.nettlebrasserie.example,Peruvian,$$$$,4.5,467,pass,pass,0.76,N/A,none,unknown,SME,
R000902,atlasmaps,2026-07-09,Yarrow Chophouse,1666 N Ashfield Road,Verano Bay,40384,Calder Park,,https://www.yarrowchophouse.example,Thai,$$$$,4.2,1092,pass,pass,0.9,not found,none,unknown,SME,
R002301,civicpages,2026-07-08,Motherland Smoothie,1222 South Rivermead Blvd,Verano Bay,40742,Quarry End,+15555707856,https://www.motherlandsmoothie.example,Mexican,$,4.2,135,pass,fail,0.91,UNKNOWN,none,unknown,SME,
R000760,tablefind,2026-07-13,Palisade Osteria - Quarry End,3818 N Vance Blvd,Verano Bay,40668,Bramble Row,+15556935950,https://www.palisadeosteria.example,French,$$,4.1,968,pass,pass,0.78,UNKNOWN,none,unknown,SME,
R001477,tablefind,2026-07-15,Copper Trattoria,4923 N Bayard Rd,Verano Bay,40118,Miradero,5559305037,https://www.coppertrattoria.example,Japanese,$$$,3.8,621,pass,pass,0.82,not found,none,unknown,SME,
R002596,dineline,2026-07-25,Little Bear Creamery Verano Bay,2277 E Mallow Boulevard,Verano Bay,40480,Ferrymead,(555) 203-9178,https://www.littlebearcreamery.example,Japanese,$$,4.8,158,fail,fail,0.75,n/a,none,unknown,SME,
R000560,roamly,2026-06-30,Amber Osteria,3310 N Halloway St,Verano Bay,40691,Calder Park,5555741304,https://www.amberosteria.example,Seafood,$$$,3.8,1607,pass,pass,0.91,unknown,none,unknown,SME,
R002971,civicpages,2026-06-30,Saffron To Go,5552 S Lindmere Rd,Verano Bay,40368,Alder Heights,(555) 189-2128,,Seafood,$$,4.3,747,pass,fail,0.99,n/a,none,unknown,SME,
R000388,civicpages,2026-07-28,Driftwood Room,6802 S Quinton Ave,Verano Bay,40765,Corvo Heights,(555) 510-9089,https://www.driftwoodroom.example,Ethiopian,$$$$,3.7,496,pass,pass,0.85,VELLUM,website_fingerprint,pass,SME,
R001968,bookwell,2026-07-05,Orchard Trattoria,5749 E Mallow Ave,Verano Bay,40672,Fox Hollow,(555) 175-1932,https://www.orchardtrattoria.example,Vietnamese,$$,4.2,1269,pass,pass,0.81,-,none,unknown,SME,
R000303,atlasmaps,2026-07-19,Jackdaw Steakhouse,7734 N Prospect Rd,Verano Bay,40773,Rivera District,(555) 591-4619,https://www.jackdawsteakhouse.example,Seafood,$$$,4.0,161,pass,pass,0.79,ironclad,website_fingerprint,fail,SME,
R003078,bookwell,2026-07-07,Quarry Steakhouse,3971 W Tarrow Blvd,Verano Bay,40518,Sablewood,,https://www.quarrysteakhouse.example,Italian,$$,4.6,1159,pass,pass,0.9,not found,none,unknown,mid-cap,Quarry Group
R001589,tablefind,2026-07-10,Kingfisher Brasserie - Templeton,7661 South Halloway Rd,Verano Bay,40411,Harbor Point,5553507724,https://www.kingfisherbrasserie.example,Ethiopian,$$$,4.5,1171,pass,pass,0.96,N/A,none,unknown,SME,
R002708,roamly,2026-07-04,Northbank Coffee Verano Bay,6830 N Fennimore Blvd,Verano Bay,40337,Sunfield,555.753.0148,https://www.northbankcoffee.example,Vietnamese,$$,3.7,1568,fail,fail,0.97,not found,none,unknown,SME,
R000244,dineline,2026-07-05,Fernwood Osteria,252 S Rivermead Rd,Verano Bay,40249,Ferrymead,+15555708441,,Barbecue,$$$,4.6,505,pass,pass,0.93,N/A,none,unknown,SME,
R001773,atlasmaps,2026-07-18,Thistle Cantina,3224 W Halloway Blvd,Verano Bay,40236,Stillwater,(555) 246-9789,https://www.thistlecantina.example,Mediterranean,$$,4.8,943,pass,pass,0.82,,none,unknown,SME,
R001021,roamly,2026-07-26,Yarrow Kitchen,3663 S Cortez Rd,Verano Bay,40504,Stillwater,555-661-3400,https://www.yarrowkitchen.example,Contemporary,$,4.3,686,pass,pass,0.84,not found,none,unknown,SME,
R000381,bookwell,2026-07-24,EMBER CANTINA,7265 South Serra Ave,Verano Bay,40211,Old Mill,555-936-0005,https://www.embercantina.example,Korean,$$$,4.8,1076,pass,pass,0.83,unknown,none,unknown,SME,
R003186,atlasmaps,2026-07-21,Tidewater Taqueria,154 E Cortez Rd,Verano Bay,40458,Harbor Point,555-976-8780,https://www.tidewatertaqueria.example,Italian,$$,3.5,1282,pass,pass,0.97,ironclad,website_fingerprint,fail,mid-cap,Tidewater Group
R000419,atlasmaps,2026-06-30,Ember Tavern,1213 E Tarrow Rd,Verano Bay,40336,Marisol,5553360578,https://www.embertavern.example,Seafood,$,4.0,83,pass,pass,0.8,,none,unknown,SME,
R003229,dineline,2026-07-19,Persimmon Tavern,3015 E Lindmere St,Verano Bay,40597,Quarry End,+15554091665,https://www.persimmontavern.example,Polish,$$$,4.9,465,pass,pass,0.72,cadence,website_fingerprint,fail,mid-cap,Persimmon Group
R003389,atlasmaps,2026-07-07,Halcyon Kitchen,3147 E Ashfield St,Calla Ridge,40398,,555-297-0466,https://www.halcyonkitchen.example,Steakhouse,$$,3.4,1997,pass,pass,0.92,N/A,none,unknown,SME,
R000754,dineline,2026-07-03,Kettle Smokehouse,1987 W Tarrow St,Verano Bay,40412,Harbor Point,(555) 554-4204,https://www.kettlesmokehouse.example,Mediterranean,$$,4.5,89,pass,pass,0.89,unknown,none,unknown,SME,
R002199,dineline,2026-07-08,Cobalt Smokehouse - Old Mill,7408 North Fennimore Street,Verano Bay,40563,Kingsway,(555) 218-9590,https://www.cobaltsmokehouse.example,Mediterranean,$$,4.6,987,pass,pass,0.83,Ironclad POS,website_fingerprint,fail,SME,
R000740,civicpages,2026-07-05,Ironwood Steakhouse,641 S Lindmere Rd,Verano Bay,40587,Cedar Cross,+1 555 151 8173,https://www.ironwoodsteakhouse.example,Mediterranean,$$,4.8,628,pass,pass,0.97,unknown,none,unknown,SME,
R001238,bookwell,2026-07-15,The Nettle Alehouse,7222 W Serra Blvd,Verano Bay,40425,Bramble Row,555-760-7807,https://www.nettlealehouse.example,Korean,$,4.1,1262,pass,pass,0.93,,none,unknown,SME,
R002678,bookwell,2026-07-09,Bluebird Boba,2935 West Ashfield Road,Verano Bay,40784,Bramble Row,(555) 291-3459,https://www.bluebirdboba.example,Mediterranean,$$,3.3,959,fail,fail,0.94,UNKNOWN,none,unknown,SME,
R000304,roamly,2026-07-24,Oxbow Alehouse,6893 E Ashfield St,Verano Bay,40721,Miradero,+1 555 578 7066,https://www.oxbowalehouse.example,Barbecue,$$$,3.4,1032,pass,pass,0.84,UNKNOWN,none,unknown,SME,
R002178,atlasmaps,2026-07-10,Umber Alehouse,6999 W Calder Blvd,Verano Bay,40208,Stillwater,5551168603,https://www.umberalehouse.example,Mexican,$$,3.4,1362,pass,pass,0.92,,none,unknown,SME,
R000937,civicpages,2026-07-08,Inkwell Trattoria,5193 N Bayard Rd,Verano Bay,40241,Ferrymead,(555) 339-6156,,Barbecue,$$$,3.7,124,pass,pass,0.83,-,none,unknown,SME,
R000451,atlasmaps,2026-07-19,Quill Oyster Bar,3930 South Serra Road,Verano Bay,40286,Greenhithe,5559627538,,Indian,$$,4.2,199,pass,pass,0.78,UNKNOWN,none,unknown,SME,
R002638,bookwell,2026-07-17,Motherland Boba 1 Verano Bay,6925 S Tarrow Avenue,Verano Bay,40251,Bramble Row,,https://www.motherlandboba1.example,Mexican,$$,3.9,213,fail,fail,0.95,N/A,none,unknown,SME,
R002598,tablefind,2026-07-28,Copper To Go,5608 E Halloway St,Verano Bay,40252,Ashgrove,(555) 505-1699,https://www.coppertogo.example,Mediterranean,$$,4.8,899,pass,fail,0.73,not found,none,unknown,SME,
R001649,tablefind,2026-07-16,Redbird Room,1889 S Fennimore Ave,Verano Bay,40480,Marisol,555-836-1669,,Spanish,$$$,4.7,992,pass,pass,0.88,N/A,none,unknown,SME,
R000757,bookwell,2026-07-20,Palisade Osteria,3818 N Vance Blvd,Verano Bay,40597,Bramble Row,+1 555 693 5950,https://www.palisadeosteria.example,French,$$,4.2,628,pass,pass,0.9,not found,none,unknown,SME,
R001960,tablefind,2026-07-23,Copper Cantina,5033 W Tarrow Ave,Verano Bay,40140,Quarry End,555.242.2911,https://www.coppercantina.example,Indian,$,4.0,1405,pass,pass,0.82,UNKNOWN,none,unknown,SME,
R000281,tablefind,2026-07-16,Quill Kitchen,4160 East Tarrow Street,Verano Bay,40128,Templeton,+1 555 312 6690,https://www.quillkitchen.example,Greek,$$,4.7,557,pass,pass,0.77,,none,unknown,SME,
R002562,atlasmaps,2026-07-19,Driftwood Sandwich Shop,237 N Serra St,Verano Bay,40152,Rivera District,+1 555 949 0319,https://www.driftwoodsandwichshop.example,Mediterranean,$$$$,3.7,1857,pass,fail,0.72,Unknown,none,unknown,SME,
R002202,roamly,2026-07-20,Inkwell Steakhouse - Corvo Heights,4703 East Quinton Avenue,Verano Bay,40431,Alder Heights,5558228998,,Ethiopian,$$,4.4,105,pass,pass,0.79,,none,unknown,SME,
R002066,atlasmaps,2026-07-11,Bramble Supper Club,1985 S Quinton Blvd,Verano Bay,40158,Windrow,+1 555 398 3938,,Thai,$$,3.7,2038,pass,pass,0.87,unknown,none,unknown,SME,
R001114,bookwell,2026-07-18,Nettle Oyster Bar,6323 N Calder Blvd,Verano Bay,40435,Kingsway,(555) 183-9548,https://www.nettleoysterbar.example,Vietnamese,$$,4.7,86,pass,pass,0.98,not found,none,unknown,SME,
R002445,atlasmaps,2026-07-26,Sixpence Boba,340 N Bayard Rd,Verano Bay,40483,Kingsway,5554913709,https://www.sixpenceboba.example,Vietnamese,$$,4.0,1234,fail,fail,0.74,Unknown,none,unknown,SME,
R003352,atlasmaps,2026-07-14,ANCHOR SUPPER CLUB,5300 East Mallow Ave,Verano Bay,40297,Bramble Row,+1 555 120 7550,https://www.anchorsupperclub.example,Indian,$,3.9,1605,pass,pass,0.89,,none,unknown,large,Anchor Inc
R002403,dineline,2026-07-16,Motherland Coffee,685 E Prospect Ave,Verano Bay,40787,Calder Park,5557176278,https://www.motherlandcoffee.example,Steakhouse,$$,3.5,956,pass,fail,0.91,unknown,none,unknown,SME,
R002782,civicpages,2026-07-06,Cardinal To Go,3495 E Halloway Rd,Verano Bay,40289,Lantern Hill,555.753.4238,,Polish,$$$$,4.2,946,pass,fail,0.79,Unknown,none,unknown,SME,
R001414,dineline,2026-07-11,Vesper Wine Bar,2690 S Halloway Rd,Verano Bay,40177,Miradero,(555) 991-2147,https://www.vesperwinebar.example,Barbecue,$$,4.6,735,pass,pass,0.9,UNKNOWN,none,unknown,SME,
R002414,bookwell,2026-07-18,Kettle Boba,3560 W Quinton Ave,Verano Bay,40141,Templeton,+1 555 619 5226,https://www.kettleboba.example,Ethiopian,$$,3.7,1258,fail,fail,0.96,UNKNOWN,none,unknown,SME,
R000571,dineline,2026-07-24,Foxglove Cantina,1902 N Wexley St,Verano Bay,40175,Corvo Heights,555-334-9183,https://www.foxglovecantina.example,Mexican,$$$$,4.3,286,pass,pass,0.78,n/a,none,unknown,SME,
R000847,dineline,2026-07-12,Motherland Taqueria - Miradero,4793 W Prospect Street,Verano Bay,40338,Calder Park,+15557543479,,Barbecue,$$$,4.3,2051,pass,pass,0.96,,none,unknown,SME,
R003375,bookwell,2026-07-02,Magpie Grill,5591 West Ashfield Avenue,Verano Bay,40534,Lantern Hill,5558276295,https://www.magpiegrill.example,Seafood,$$,3.4,1032,pass,pass,0.87,UNKNOWN,none,unknown,large,Magpie Inc
R002599,bookwell,2026-07-28,Anchor Cafe,3645 W Lindmere Rd,Verano Bay,40544,Bayview Flats,5552931301,https://www.anchorcafe.example,Italian,$,3.9,203,pass,fail,0.76,-,none,unknown,SME,
R003132,tablefind,2026-07-17,Yarrow Table,2365 N Fennimore Blvd,Verano Bay,40435,Rivera District,+15551804773,https://www.yarrowtable.example,Thai,$$$$,4.1,2093,pass,pass,0.78,Ironclad,website_fingerprint,fail,mid-cap,Yarrow Group
R000564,dineline,2026-07-15,Copper Supper Club - Stillwater,"7032 S Mallow Blvd, Verano Bay",Verano Bay,40468,Harbor Point,(555) 326-7872,https://www.coppersupperclub.example,French,$$$$,3.6,374,pass,pass,0.73,N/A,none,unknown,SME,
R002342,roamly,2026-07-20,Thistle Kiosk - Lantern Hill,2231 North Rivermead Road,Verano Bay,40653,Templeton,+15553149176,,Ethiopian,$$$$,4.2,556,fail,fail,0.87,not found,none,unknown,SME,
R001239,dineline,2026-07-14,The Nettle Alehouse,7222 W Serra Blvd,Verano Bay,40211,Bramble Row,555-760-7807,https://www.nettlealehouse.example,Korean,$,4.1,1810,pass,pass,0.73,Northstar,website_fingerprint,pass,SME,
R003177,bookwell,2026-07-06,Sorrel Cantina,715 N Cortez Blvd,Verano Bay,40592,Windrow,,https://www.sorrelcantina.example,Greek,$$$$,3.8,1164,pass,pass,0.73,,none,unknown,mid-cap,Sorrel Group
R003336,atlasmaps,2026-07-06,Thistle Trattoria Verano Bay,6646 West Lindmere Road,Verano Bay,40724,Bayview Flats,+1 555 931 1253,https://www.thistletrattoria.example,Mexican,$$,4.3,73,pass,pass,0.79,,none,unknown,large,Thistle Inc
R003358,roamly,2026-06-30,Ironwood Cantina,3881 E Cortez St,Verano Bay,40656,Sunfield,+1 555 345 3864,https://www.ironwoodcantina.example,Polish,$$,4.1,1357,pass,pass,0.98,not found,none,unknown,large,Ironwood Inc
R000323,dineline,2026-07-13,Anchor House,7555 E Lindmere Rd,Verano Bay,40131,Sunfield,+15555935191,https://www.anchorhouse.example,Thai,$$$,4.0,1164,pass,pass,0.73,cadence flex,website_fingerprint,fail,SME,
R002404,bookwell,2026-07-19,MOTHERLAND COFFEE,685 East Prospect Ave,Verano Bay,40696,Calder Park,(555) 717-6278,https://www.motherlandcoffee.example,Steakhouse,$$,3.7,810,fail,fail,0.98,Ironclad POS,website_fingerprint,fail,SME,
R001686,bookwell,2026-07-21,Bramble Room - Fox Hollow,2022 South Fennimore Ave,Verano Bay,40277,Fox Hollow,555.407.6967,https://www.brambleroom.example,Mediterranean,$$$,3.4,534,pass,pass,0.89,N/A,none,unknown,SME,
R000891,roamly,2026-07-03,Warbler Alehouse,1772 S Mallow Rd,Verano Bay,40404,Palisade Park,+15551759419,https://www.warbleralehouse.example,Italian,$$$,4.2,172,pass,pass,0.79,,none,unknown,SME,
R003283,civicpages,2026-07-13,Warbler Trattoria,3631 S Halloway Ave,Verano Bay,40352,Miradero,+15552036871,https://www.warblertrattoria.example,Contemporary,$$$,3.8,1808,pass,pass,0.99,Cadence,website_fingerprint,fail,large,Warbler Inc
R000911,civicpages,2026-07-05,Tallgrass Cantina,7598 E Rivermead Blvd,Verano Bay,40230,Fox Hollow,555-200-9865,https://www.tallgrasscantina.example,Greek,$$$,3.3,1058,pass,pass,0.9,not found,none,unknown,SME,
R002890,tablefind,2026-07-28,Fernwood Kiosk 1,6296 W Calder Rd,Verano Bay,40616,Kingsway,+15555223401,,Steakhouse,$$$,4.4,363,fail,fail,0.95,-,none,unknown,SME,
R002030,atlasmaps,2026-07-13,Blue Heron Osteria,4962 E Vance Ave,Verano Bay,40275,Windrow,(555) 109-7087,https://www.blueheronosteria.example,Ethiopian,$$,4.4,1086,pass,pass,0.84,Unknown,none,unknown,SME,
R000861,civicpages,2026-07-07,SIXPENCE BISTRO,5009 W Mallow Ave,Verano Bay,40596,Palisade Park,(555) 511-7298,https://www.sixpencebistro.example,Polish,$$,3.6,1041,pass,pass,0.84,Meridian Cloud POS,website_fingerprint,pass,SME,
R003105,bookwell,2026-07-20,Magpie Osteria,6976 E Cortez Rd,Verano Bay,40656,Stillwater,5554745450,https://www.magpieosteria.example,Spanish,$$,4.6,151,pass,pass,0.76,N/A,none,unknown,mid-cap,Magpie Group
R000759,civicpages,2026-07-27,Palisade Osteria,3818 N Vance Blvd,Verano Bay,40528,Bramble Row,+15556935950,https://www.palisadeosteria.example,French,$$,4.0,1028,pass,pass,0.88,N/A,none,unknown,SME,
R000821,bookwell,2026-07-16,Silverfin Tavern,897 S Mallow Blvd,Verano Bay,40394,Kingsway,+15555903517,,Ethiopian,$,4.6,1831,pass,pass,0.75,UNKNOWN,none,unknown,SME,
R001819,bookwell,2026-07-06,PLUMB TRATTORIA,2017 E Mallow Rd,Verano Bay,40653,Quarry End,555.356.3139,,Thai,$$$,4.3,168,pass,pass,0.85,n/a,none,unknown,SME,
R000741,atlasmaps,2026-07-11,The Ironwood Steakhouse,641 South Lindmere Rd,Verano Bay,40621,Cedar Cross,+1 555 151 8173,https://www.ironwoodsteakhouse.example,Mediterranean,$$,4.7,467,pass,pass,0.85,N/A,none,unknown,SME,
R001891,tablefind,2026-07-21,Quill Steakhouse,7868 E Quinton Ave,Verano Bay,40471,Miradero,+1 555 419 8879,https://www.quillsteakhouse.example,Barbecue,$$,4.0,915,pass,pass,0.94,n/a,none,unknown,SME,
R001348,atlasmaps,2026-07-11,Pike House,5046 E Cortez Blvd,Verano Bay,40432,Windrow,,https://www.pikehouse.example,Thai,$$,4.1,911,pass,pass,0.89,N/A,none,unknown,SME,
R000100,atlasmaps,2026-07-24,Kingfisher Supper Club,2950 N Tarrow Ave,Verano Bay,40405,Sablewood,(555) 631-2207,https://www.kingfishersupperclub.example,Greek,$,3.6,528,pass,pass,0.85,Cadence Mini,website_fingerprint,fail,SME,
R000404,civicpages,2026-07-18,Alder Room,3856 S Cortez Ave,Verano Bay,40727,Old Mill,555.178.5440,,Indian,$$$$,4.5,867,pass,pass,0.96,not found,none,unknown,SME,
R000423,roamly,2026-07-24,The Thistle Room,669 E Wexley Road,Verano Bay,40653,Greenhithe,+1 555 278 4765,https://www.thistleroom.example,Peruvian,$$$,4.4,187,pass,pass,0.75,UNKNOWN,none,unknown,SME,
R002222,bookwell,2026-07-20,Roan Chophouse,5038 South Bayard Avenue,Verano Bay,40350,Rivera District,555.702.1453,,Polish,$,4.3,710,pass,pass,0.77,-,none,unknown,SME,
R003300,tablefind,2026-07-05,The Tidewater Brasserie,6650 W Wexley Boulevard,Verano Bay,40577,Sablewood,+1 555 733 1082,https://www.tidewaterbrasserie.example,Barbecue,$$,4.6,1800,pass,pass,0.85,Meridian Cloud,website_fingerprint,pass,large,Tidewater Inc
R001110,bookwell,2026-07-06,ROAN TAVERN,2103 S Tarrow Street,Verano Bay,40349,Templeton,+1 555 565 5033,https://www.roantavern.example,Korean,$$$,3.4,194,pass,pass,0.95,unknown,none,unknown,SME,
R002473,roamly,2026-07-14,Thistle Kiosk 1,1528 W Calder St,Verano Bay,40364,Bayview Flats,+1 555 967 4153,,Spanish,$$$,3.8,92,pass,fail,0.79,N/A,none,unknown,SME,
R001044,bookwell,2026-07-03,PRAIRIE HOUSE,1145 N Serra Rd,Verano Bay,40708,Stillwater,555.140.0334,https://www.prairiehouse.example,Barbecue,$$,4.1,761,pass,pass,0.98,n/a,none,unknown,SME,
R002622,dineline,2026-07-17,The Lantern Food Truck,4835 West Serra Ave,Verano Bay,40542,Harbor Point,5559886886,https://www.lanternfoodtruck.example,Mediterranean,$,3.6,679,fail,fail,0.72,n/a,none,unknown,SME,
R000653,dineline,2026-07-19,Loam Smokehouse,3609 S Mallow St,Verano Bay,40421,Corvo Heights,5558470910,https://www.loamsmokehouse.example,Greek,$$$$,4.1,685,pass,pass,0.77,n/a,none,unknown,SME,
R001178,dineline,2026-07-07,Golden Hour Trattoria,6896 West Calder Street,Verano Bay,40389,Palisade Park,5559256216,https://www.goldenhourtrattoria.example,Korean,$$$$,3.9,882,pass,pass,0.74,Vellum Restaurant,website_fingerprint,pass,SME,
R000142,dineline,2026-07-26,Violet Kitchen,5116 N Prospect Rd,Verano Bay,40230,Sablewood,,https://www.violetkitchen.example,Steakhouse,$$,3.6,1611,pass,pass,0.75,unknown,none,unknown,SME,
R002299,dineline,2026-07-08,Motherland Smoothie,1222 S Rivermead Blvd,Verano Bay,40206,Quarry End,+15555707856,https://www.motherlandsmoothie.example,Mexican,$,4.2,153,pass,fail,0.77,UNKNOWN,none,unknown,SME,
R003279,tablefind,2026-07-20,Mercado Osteria,6762 N Ashfield Rd,Verano Bay,40361,Marisol,555.850.0328,https://www.mercadoosteria.example,Contemporary,$$$,3.6,148,pass,pass,0.92,unknown,none,unknown,large,Mercado Inc
R001210,roamly,2026-07-06,Zephyr Supper Club,247 E Calder Ave,Verano Bay,40276,Bayview Flats,555.361.9659,,Japanese,$$,4.2,1069,pass,pass,0.79,Unknown,none,unknown,SME,
R000717,atlasmaps,2026-07-27,PERSIMMON STEAKHOUSE,4275 E Cortez Ave,Verano Bay,40399,Corvo Heights,+1 555 808 5136,https://www.persimmonsteakhouse.example,Italian,$$$,4.6,1979,pass,pass,0.9,Rivet Pay,website_fingerprint,fail,SME,
R003249,roamly,2026-07-23,Halcyon Supper Club,3958 N Vance Ave,Verano Bay,40570,Old Mill,5555883399,https://www.halcyonsupperclub.example,Peruvian,$,3.4,825,pass,pass,0.74,UNKNOWN,none,unknown,mid-cap,Halcyon Group
R001974,bookwell,2026-07-24,The Copper Wine Bar,3451 East Ashfield Street,Verano Bay,40196,Ferrymead,5557533410,https://www.copperwinebar.example,Mexican,$$,4.6,1978,pass,pass,0.95,,none,unknown,SME,
R002003,dineline,2026-07-04,Little Bear Cantina - Sunfield,4759 West Quinton Street,Verano Bay,40149,Lantern Hill,555-116-9646,https://www.littlebearcantina.example,Thai,$$,4.8,1597,pass,pass,0.84,unknown,none,unknown,SME,
R001255,bookwell,2026-07-21,Marigold Bistro,1390 West Fennimore Avenue,Verano Bay,40662,Windrow,+1 555 237 0248,https://www.marigoldbistro.example,Greek,$$,4.2,1565,pass,pass,0.88,n/a,none,unknown,SME,
R002776,roamly,2026-07-27,Nettle Deli,309 S Serra Blvd,Verano Bay,40512,Miradero,+15551934107,,Thai,$$$,3.4,630,pass,fail,0.75,UNKNOWN,none,unknown,SME,
R000057,bookwell,2026-07-13,Little Wine Bar,3808 E Serra St,Verano Bay,40440,Sunfield,555.895.4394,https://www.littlewinebar.example,Peruvian,$$,3.6,1215,pass,pass,0.73,ironcladpos,website_fingerprint,fail,SME,Little Bear Group
R000747,dineline,2026-07-27,Bramble Smokehouse,7926 S Rivermead Blvd,Verano Bay,40396,Quarry End,5552560896,https://www.bramblesmokehouse.example,Indian,$$$,3.8,964,pass,pass,0.97,not found,none,unknown,SME,
R002595,roamly,2026-07-24,Little Bear Creamery Restaurant,2277 East Mallow Boulevard,Verano Bay,40513,Ferrymead,+1 555 203 9178,https://www.littlebearcreamery.example,Japanese,$$,4.7,134,pass,fail,0.98,UNKNOWN,none,unknown,SME,
R001261,bookwell,2026-07-12,Rookery Oyster Bar,3060 W Lindmere Ave,Verano Bay,40148,Stillwater,555-782-6119,https://www.rookeryoysterbar.example,Barbecue,$,3.6,666,pass,pass,0.91,N/A,none,unknown,SME,
R003190,tablefind,2026-07-17,Saffron Osteria Restaurant,"2368 E Bayard Blvd, Verano Bay",Verano Bay,40616,Stillwater,+15556765973,https://www.saffronosteria.example,Contemporary,$$$$,4.0,1246,pass,pass,0.84,Unknown,none,unknown,mid-cap,Saffron Group
R003415,roamly,2026-07-27,GOLDEN HOUR TAVERN,4679 East Mallow Avenue,Calla Ridge,40703,,555-640-2916,https://www.goldenhourtavern.example,Indian,$$,4.4,538,pass,pass,0.91,Unknown,none,unknown,SME,
R002475,tablefind,2026-07-15,The Thistle Kiosk 1,1528 West Calder Street,Verano Bay,40618,Bayview Flats,(555) 967-4153,,Spanish,$$$,3.4,98,pass,fail,0.88,unknown,none,unknown,SME,
R000017,dineline,2026-07-22,Verde Table,2938 E Halloway Rd,Verano Bay,40421,Cedar Cross,555.653.4977,https://www.verdetable.example,Spanish,$$$,3.6,1080,pass,pass,0.84,Meridian Cloud POS,website_fingerprint,pass,SME,Verde Restaurant Group
R000838,atlasmaps,2026-07-03,Bramble Cantina,5001 East Ashfield Street,Verano Bay,40163,Quarry End,,https://www.bramblecantina.example,Italian,$$,4.3,1653,pass,pass,0.94,not found,none,unknown,SME,
R001488,dineline,2026-07-08,Motherland Dining Room,3482 E Cortez Blvd,Verano Bay,40598,Windrow,555.294.6802,https://www.motherlanddiningroom.example,Korean,$$,4.0,115,pass,pass,0.98,unknown,none,unknown,SME,
R000291,roamly,2026-07-27,Sparrow Dining Room - Fox Hollow,3960 East Prospect Avenue,Verano Bay,40270,Sunfield,5559783045,,Thai,$$$$,3.3,174,pass,pass,0.82,N/A,none,unknown,SME,
R001639,tablefind,2026-07-19,Palisade Bistro,5907 E Mallow Ave,Verano Bay,40789,Corvo Heights,555.372.8108,,Peruvian,$$$,4.5,705,pass,pass,0.9,N/A,none,unknown,SME,
R002151,tablefind,2026-07-19,Blue Heron House,3639 East Tarrow Rd,Verano Bay,40598,Cedar Cross,+15553815052,https://www.blueheronhouse.example,Spanish,$$,3.9,160,pass,pass,0.73,,none,unknown,SME,
R002050,tablefind,2026-07-12,Dovetail Kitchen,6986 S Fennimore Rd,Verano Bay,40244,Cedar Cross,+1 555 472 4400,https://www.dovetailkitchen.example,Ethiopian,$$,3.6,1346,pass,pass,0.91,,none,unknown,SME,
R001814,tablefind,2026-07-23,Hearth Osteria,5393 S Lindmere St,Verano Bay,40451,Quarry End,555.569.3834,https://www.hearthosteria.example,Spanish,$$$,3.8,1960,pass,pass,0.95,,none,unknown,SME,
R003042,civicpages,2026-07-25,Verde Counter,4082 South Fennimore Rd,Verano Bay,40342,Calder Park,555.940.2397,,Spanish,$$$,4.4,238,pass,fail,0.74,N/A,none,unknown,SME,
R003362,roamly,2026-07-25,Loam Bistro,7235 West Prospect Blvd,Verano Bay,40145,Windrow,+1 555 148 5078,https://www.loambistro.example,Contemporary,$$,4.2,639,pass,pass,0.95,UNKNOWN,none,unknown,large,Loam Inc
R000656,roamly,2026-07-19,Understory Wine Bar - Palisade Park,"1355 W Fennimore Rd, Verano Bay",Verano Bay,40283,Bayview Flats,(555) 366-3705,https://www.understorywinebar.example,Mexican,$$,3.9,1493,pass,pass,0.77,-,none,unknown,SME,
R000877,roamly,2026-07-08,Loam Brasserie,175 E Prospect St,Verano Bay,40153,Calder Park,555-805-4052,https://www.loambrasserie.example,Polish,$$$$,4.4,1339,pass,pass,0.76,,none,unknown,SME,
R002815,tablefind,2026-07-21,Bluebird Kiosk,1951 W Prospect Road,Verano Bay,40148,Miradero,,https://www.bluebirdkiosk.example,Barbecue,$$,3.9,1377,fail,fail,0.84,n/a,none,unknown,SME,
R002346,bookwell,2026-07-28,Pike Express Verano Bay,5697 North Mallow Boulevard,Verano Bay,40406,Harbor Point,555.828.8303,https://www.pikeexpress.example,Polish,$$,3.9,658,fail,fail,0.78,Cadence Station,website_fingerprint,fail,SME,
R001041,bookwell,2026-07-11,Saffron Tavern,5342 West Prospect St,Verano Bay,40230,Bayview Flats,5551669436,https://www.saffrontavern.example,Vietnamese,$$,4.5,945,pass,pass,0.88,N/A,none,unknown,SME,
R000939,tablefind,2026-07-20,Roan Room,1657 W Tarrow St,Verano Bay,40327,Ashgrove,555.145.5580,,Greek,$$,3.5,281,pass,pass,0.74,UNKNOWN,none,unknown,SME,
R000712,dineline,2026-07-12,Kingfisher Osteria Restaurant,"5041 N Halloway Blvd, Verano Bay",Verano Bay,40618,Sablewood,(555) 646-5444,,Polish,$$$,4.7,1557,pass,pass,0.8,-,none,unknown,SME,
R000322,dineline,2026-07-10,UNDERSTORY KITCHEN,7478 South Lindmere Avenue,Verano Bay,40493,Ferrymead,5557895883,,Seafood,$$,4.5,709,pass,pass,0.8,UNKNOWN,none,unknown,SME,
R000753,bookwell,2026-06-30,Dovetail Tavern,1185 N Quinton Blvd,Verano Bay,40271,Windrow,(555) 500-3511,,Mexican,$$$,4.3,1137,pass,pass,0.8,N/A,none,unknown,SME,
R001094,tablefind,2026-07-08,Cinder Oyster Bar,863 East Cortez Road,Verano Bay,40295,Fox Hollow,5556919813,,Seafood,$$$$,5.0,605,pass,pass,0.81,unknown,none,unknown,SME,
R001887,atlasmaps,2026-06-30,Tidewater Trattoria,6545 N Ashfield St,Verano Bay,40371,Stillwater,+1 555 798 0119,https://www.tidewatertrattoria.example,Indian,$$$,4.2,56,pass,pass,0.8,-,none,unknown,SME,
R003057,roamly,2026-07-02,Rambler Food Truck,2764 W Rivermead Ave,Verano Bay,40336,Marisol,+1 555 344 4536,https://www.ramblerfoodtruck.example,Italian,$$$,4.5,1753,fail,fail,0.81,unknown,none,unknown,SME,
R000562,roamly,2026-07-25,Saffron Grill,6970 W Calder Ave,Verano Bay,40583,Ferrymead,+1 555 274 3879,https://www.saffrongrill.example,Spanish,$$,4.7,227,pass,pass,0.78,,none,unknown,SME,
R001741,atlasmaps,2026-07-23,Tin Roof Steakhouse,924 S Wexley Rd,Verano Bay,40156,Templeton,555.980.6648,https://www.tinroofsteakhouse.example,Japanese,$$,4.3,762,pass,pass,0.91,-,none,unknown,SME,
R001471,roamly,2026-07-28,Heron Room Restaurant,"2943 N Tarrow Blvd, Verano Bay",Verano Bay,40653,Quarry End,555.948.7735,https://www.heronroom.example,Barbecue,$$$,3.6,288,pass,pass,0.93,Meridian,website_fingerprint,pass,SME,
R002664,atlasmaps,2026-06-30,The Copper Deli,3592 W Quinton Ave,Verano Bay,40351,Sablewood,555-321-9027,https://www.copperdeli.example,Peruvian,$$$,3.7,404,pass,fail,0.74,Unknown,none,unknown,SME,
R000366,roamly,2026-07-05,The Olive & Ash House,4456 N Quinton Blvd,Verano Bay,40573,Harbor Point,5552673680,https://www.oliveashhouse.example,Steakhouse,$$,4.0,188,pass,pass,0.99,N/A,none,unknown,SME,
R000856,atlasmaps,2026-07-05,The Thistle Dining Room,7277 North Vance Rd,Verano Bay,40205,Stillwater,555.449.0004,https://www.thistlediningroom.example,Mediterranean,$$,4.4,918,pass,pass,0.82,FERNPOST,website_fingerprint,fail,SME,
R000841,tablefind,2026-07-28,Hearth Bistro,5033 E Lindmere St,Verano Bay,40288,Fox Hollow,+15558207049,https://www.hearthbistro.example,Indian,$$,4.0,271,pass,pass,0.78,-,none,unknown,SME,
R002530,dineline,2026-07-15,Bellwether Coffee,1782 W Calder St,Verano Bay,40128,Bramble Row,+15559632517,https://www.bellwethercoffee.example,Vietnamese,$$$,4.4,1734,fail,fail,0.94,Cadence Station,website_fingerprint,fail,SME,
R000629,tablefind,2026-07-24,Pike Supper Club,5503 S Rivermead Rd,Verano Bay,40717,Sablewood,555.654.0328,https://www.pikesupperclub.example,Japanese,$$$,4.7,940,pass,pass,0.85,Unknown,none,unknown,SME,
R001759,roamly,2026-07-05,WREN TAVERN,4124 East Prospect Avenue,Verano Bay,40332,Marisol,555-127-2020,https://www.wrentavern.example,Mexican,$$$,4.2,1025,pass,pass,0.77,vellum,website_fingerprint,pass,SME,
R000963,civicpages,2026-07-11,Plumb Tavern,2682 W Rivermead Rd,Verano Bay,40234,Alder Heights,+15553505028,https://www.plumbtavern.example,Greek,$,4.6,84,pass,pass,0.78,Saltbox,website_fingerprint,fail,SME,
R001468,roamly,2026-07-20,Sixpence Oyster Bar,1524 S Prospect Ave,Verano Bay,40171,Harbor Point,555-300-9205,https://www.sixpenceoysterbar.example,Greek,$$$,4.6,1837,pass,pass,0.86,Unknown,none,unknown,SME,
R003097,bookwell,2026-07-25,Silverfin Chophouse,4783 N Prospect Blvd,Verano Bay,40510,Kingsway,555.657.0823,https://www.silverfinchophouse.example,Mexican,$$$$,4.4,679,pass,pass,0.72,UNKNOWN,none,unknown,mid-cap,Silverfin Group
R002872,tablefind,2026-07-11,Palisade Express 1,7712 W Mallow Blvd,Verano Bay,40729,Palisade Park,+1 555 890 5456,,Korean,$$$$,4.0,1499,fail,fail,0.87,-,none,unknown,SME,
R002259,dineline,2026-07-17,Amber Cafe,2805 N Lindmere Ave,Verano Bay,40581,Kingsway,555-653-7967,https://www.ambercafe.example,Polish,$$,3.5,24,pass,fail,0.9,unknown,none,unknown,SME,
R001269,roamly,2026-07-07,Palisade Smokehouse,1574 E Bayard Street,Verano Bay,40299,Fox Hollow,555-606-1400,https://www.palisadesmokehouse.example,Steakhouse,$$,4.3,183,pass,pass,0.75,unknown,none,unknown,SME,
R001295,tablefind,2026-07-08,Orchard Taqueria,7068 South Tarrow Ave,Verano Bay,40613,Sablewood,555-758-3881,https://www.orchardtaqueria.example,Spanish,$$,3.3,861,pass,pass,0.88,,none,unknown,SME,
R000233,bookwell,2026-07-15,Dovetail Smokehouse,4562 W Bayard Rd,Verano Bay,40321,Calder Park,5556238933,https://www.dovetailsmokehouse.example,Contemporary,$$,4.0,401,pass,pass,0.98,Cadence POS,website_fingerprint,fail,SME,
R002631,roamly,2026-07-20,Quill Donuts Verano Bay,819 N Mallow Blvd,Verano Bay,40357,Sunfield,5552874042,https://www.quilldonuts.example,Vietnamese,$$$$,4.4,1645,fail,fail,0.9,Unknown,none,unknown,SME,
R002100,civicpages,2026-07-07,Kinship Trattoria,5836 N Vance St,Verano Bay,40185,Old Mill,555.128.6091,,Mediterranean,$$$$,4.2,303,pass,pass,0.87,,none,unknown,SME,
R003426,bookwell,2026-07-11,Alder Osteria,3793 S Ashfield Blvd,Northmoor,40515,,555.921.3057,https://www.alderosteria.example,Mexican,$,4.2,73,pass,pass,0.91,n/a,none,unknown,SME,
R000350,roamly,2026-07-08,Gallow House,985 E Ashfield Rd,Verano Bay,40330,Templeton,+15559008040,https://www.gallowhouse.example,Polish,$$$,3.4,2090,pass,pass,0.79,-,none,unknown,SME,
R003129,roamly,2026-07-21,Tidewater Bistro,2520 S Wexley St,Verano Bay,40661,Palisade Park,+15558514723,https://www.tidewaterbistro.example,Peruvian,$$$$,3.4,32,pass,pass,0.96,,none,unknown,mid-cap,Tidewater Group
R001440,bookwell,2026-07-25,Amber Grill,1603 N Quinton Rd,Verano Bay,40355,Alder Heights,(555) 344-3772,https://www.ambergrill.example,Italian,$$$,3.6,1916,pass,pass,0.87,Unknown,none,unknown,SME,
R001990,dineline,2026-07-20,Sixpence Dining Room,6931 N Vance Blvd,Verano Bay,40341,Templeton,+1 555 738 8037,,Vietnamese,$$$,4.5,1519,pass,pass,0.79,Unknown,none,unknown,SME,
R000535,roamly,2026-07-14,Basil & Bone Kitchen,5789 E Lindmere Blvd,Verano Bay,40542,Stillwater,(555) 882-8043,https://www.basilbonekitchen.example,Steakhouse,$,4.1,869,pass,pass,0.81,,none,unknown,SME,
R001393,civicpages,2026-07-23,Copper Smokehouse,854 W Mallow Rd,Verano Bay,40630,Quarry End,555-289-7402,https://www.coppersmokehouse.example,Japanese,$$$$,3.7,418,pass,pass,0.77,-,none,unknown,SME,
R003307,bookwell,2026-07-10,Orchard Wine Bar,7956 S Serra St,Verano Bay,40261,Bramble Row,555-467-4585,https://www.orchardwinebar.example,French,$,4.2,1234,pass,pass,0.79,-,none,unknown,large,Orchard Inc
R000940,roamly,2026-07-05,Thicket Kitchen,849 E Vance Ave,Verano Bay,40665,Harbor Point,(555) 563-4582,,Spanish,$$$,3.8,718,pass,pass,0.73,-,none,unknown,SME,
R000835,roamly,2026-07-21,Salt & Vine Oyster Bar,5550 S Mallow St,Verano Bay,40441,Lantern Hill,5553785472,https://www.saltvineoysterbar.example,Peruvian,$,4.3,257,pass,pass,0.9,-,none,unknown,SME,
R000456,roamly,2026-07-14,Oxbow Wine Bar - Marisol,"5992 E Ashfield St, Verano Bay",Verano Bay,40236,Alder Heights,(555) 172-4615,https://www.oxbowwinebar.example,French,$,4.1,1499,pass,pass,0.87,unknown,none,unknown,SME,
R000795,tablefind,2026-07-21,COBALT TABLE,2325 East Tarrow Ave,Verano Bay,40642,Ferrymead,555.874.2493,https://www.cobalttable.example,Korean,$$,4.0,1897,pass,pass,0.78,n/a,none,unknown,SME,
R001296,bookwell,2026-07-13,Lantern Cantina,1638 E Cortez Blvd,Verano Bay,40689,Lantern Hill,(555) 832-0667,https://www.lanterncantina.example,Polish,$$$,4.4,1483,pass,pass,0.97,UNKNOWN,none,unknown,SME,
R003257,roamly,2026-07-13,Sparrow Room,7146 S Cortez Street,Verano Bay,40627,Stillwater,555.493.8722,https://www.sparrowroom.example,Contemporary,$$$,3.6,1404,pass,pass,0.79,N/A,none,unknown,mid-cap,Sparrow Group
R001533,roamly,2026-07-19,Understory Chophouse,4606 S Quinton Blvd,Verano Bay,40788,Ashgrove,555-213-7434,,Spanish,$,4.7,1356,pass,pass,0.94,,none,unknown,SME,
R002456,civicpages,2026-07-17,Pike Bakery,5762 N Prospect Blvd,Verano Bay,40394,Greenhithe,+15555513176,https://www.pikebakery.example,Mexican,$$$$,3.9,763,fail,fail,0.73,Cadence,website_fingerprint,fail,SME,
R002660,dineline,2026-07-19,The Thicket Donuts,4330 W Prospect Street,Verano Bay,40103,Cedar Cross,555.171.3594,https://www.thicketdonuts.example,Greek,$$,3.5,1510,pass,fail,0.75,-,none,unknown,SME,
R001304,atlasmaps,2026-07-12,Cinder Cantina,6089 W Tarrow Rd,Verano Bay,40516,Cedar Cross,+15557442797,https://www.cindercantina.example,French,$$$,3.9,385,pass,pass,0.77,unknown,none,unknown,SME,
R002204,atlasmaps,2026-07-06,GALLOW DINING ROOM,"794 N Wexley Rd, Verano Bay",Verano Bay,40178,Old Mill,5551156880,https://www.gallowdiningroom.example,Polish,$,4.7,112,pass,pass,0.84,Cadence Mini,website_fingerprint,fail,SME,
R000616,roamly,2026-06-30,Prairie Supper Club,4755 E Tarrow Rd,Verano Bay,40141,Old Mill,(555) 261-6316,https://www.prairiesupperclub.example,Greek,$$,4.9,2248,pass,pass,0.78,not found,none,unknown,SME,
R003049,roamly,2026-07-13,Cinder Smoothie 1,1811 E Mallow St,Verano Bay,40412,Greenhithe,(555) 214-8121,https://www.cindersmoothie1.example,Seafood,$,4.1,907,pass,fail,0.83,Ironclad POS,website_fingerprint,fail,SME,
R001129,bookwell,2026-07-12,Thistle Oyster Bar,6477 West Lindmere Boulevard,Verano Bay,40173,Bayview Flats,+1 555 419 8579,https://www.thistleoysterbar.example,Greek,$$$,4.9,189,pass,pass,0.97,vellum pos,website_fingerprint,pass,SME,
R000111,atlasmaps,2026-07-03,Jackdaw Grill,2420 E Tarrow Blvd,Verano Bay,40382,Templeton,(555) 878-1659,https://www.jackdawgrill.example,Spanish,$$,4.8,831,pass,pass,0.87,UNKNOWN,none,unknown,SME,
R001564,civicpages,2026-07-28,Kettle Chophouse,2387 W Lindmere Blvd,Verano Bay,40113,Bramble Row,5559557005,https://www.kettlechophouse.example,Greek,$$$$,4.5,322,pass,pass,0.92,Unknown,none,unknown,SME,
R000955,bookwell,2026-07-02,Sable House Restaurant,2298 S Bayard St,Verano Bay,40214,Rivera District,+15556792016,https://www.sablehouse.example,Barbecue,$$$,4.5,362,pass,pass,0.81,Rivet,website_fingerprint,fail,SME,
R003137,bookwell,2026-07-28,Rosewater Wine Bar,4823 E Ashfield St,Verano Bay,40472,Marisol,+1 555 105 0328,https://www.rosewaterwinebar.example,Peruvian,$,5.0,133,pass,pass,0.86,not found,none,unknown,mid-cap,Rosewater Group
R003301,bookwell,2026-07-20,Tidewater Brasserie,6650 W Wexley Boulevard,Verano Bay,40297,Sablewood,5557331082,https://www.tidewaterbrasserie.example,Barbecue,$$,4.5,1894,pass,pass,0.78,unknown,none,unknown,large,Tidewater Inc
R001084,tablefind,2026-07-25,Juniper Oyster Bar,4332 E Prospect Rd,Verano Bay,40539,Lantern Hill,555.595.4402,https://www.juniperoysterbar.example,Ethiopian,$$$$,4.5,1269,pass,pass,0.84,not found,none,unknown,SME,
R001620,tablefind,2026-07-10,Motherland Oyster Bar Restaurant,1165 S Halloway Blvd,Verano Bay,40417,Kingsway,+15552850661,,Spanish,$,3.8,510,pass,pass,0.99,N/A,none,unknown,SME,
R001075,bookwell,2026-07-22,Plumb Osteria,5975 North Rivermead Road,Verano Bay,40231,Cedar Cross,555-611-8854,https://www.plumbosteria.example,Seafood,$,3.6,1022,pass,pass,0.94,N/A,none,unknown,SME,
R001005,dineline,2026-07-15,Zephyr Steakhouse,1181 S Bayard Road,Verano Bay,40109,Palisade Park,5556462220,https://www.zephyrsteakhouse.example,Steakhouse,$$$$,4.4,732,pass,pass,0.82,UNKNOWN,none,unknown,SME,
R002412,atlasmaps,2026-07-25,Heron Sandwich Shop Verano Bay,6341 South Tarrow Street,Verano Bay,40417,Palisade Park,+15556265711,https://www.heronsandwichshop.example,Barbecue,$$,4.6,983,pass,fail,0.85,unknown,none,unknown,SME,
R000288,civicpages,2026-07-01,Anchor Trattoria Restaurant,7010 S Halloway Boulevard,Verano Bay,40234,Old Mill,5556715367,,Seafood,$$$,3.3,987,pass,pass,0.91,N/A,none,unknown,SME,
R002940,atlasmaps,2026-07-03,Yarrow Food Truck,5820 S Fennimore Ave,Verano Bay,40481,Ashgrove,5552918643,,French,$$,4.2,1101,fail,fail,0.86,UNKNOWN,none,unknown,SME,
R000383,roamly,2026-07-19,Nine Bridges Steakhouse,7163 West Halloway Boulevard,Verano Bay,40176,Sablewood,5555807814,https://www.ninebridgessteakhouse.example,Barbecue,$,4.4,1226,pass,pass,0.84,-,none,unknown,SME,
R002155,civicpages,2026-07-16,Kinship Cantina - Greenhithe,4810 East Wexley Street,Verano Bay,40544,Stillwater,555-671-6132,,Thai,$$$$,4.5,1979,pass,pass,0.78,Unknown,none,unknown,SME,
R003081,bookwell,2026-07-07,PERSIMMON TRATTORIA,1339 North Bayard Avenue,Verano Bay,40291,Calder Park,+1 555 204 7630,https://www.persimmontrattoria.example,Thai,$$$$,3.4,1262,pass,pass,0.8,ironclad,website_fingerprint,fail,mid-cap,Persimmon Group
R000393,bookwell,2026-07-24,Thistle Table Restaurant,5738 S Tarrow Blvd,Verano Bay,40192,Fox Hollow,555-111-0904,,Thai,$$$,4.0,1388,pass,pass,0.86,N/A,none,unknown,SME,
R001273,atlasmaps,2026-07-28,Cardinal Steakhouse - Palisade Park,7389 West Rivermead Ave,Verano Bay,40436,Rivera District,5557529445,https://www.cardinalsteakhouse.example,Indian,$$$$,3.6,2182,pass,pass,0.96,unknown,none,unknown,SME,
R000726,bookwell,2026-07-11,Inkwell Brasserie,2852 E Halloway Ave,Verano Bay,40340,Kingsway,555.287.7152,https://www.inkwellbrasserie.example,Thai,$$$,4.5,229,pass,pass,0.98,N/A,none,unknown,SME,
R002271,bookwell,2026-07-14,Ironwood Coffee,3820 N Wexley Rd,Verano Bay,40552,Corvo Heights,555.535.3027,https://www.ironwoodcoffee.example,Seafood,$$$$,4.7,603,pass,fail,0.93,N/A,none,unknown,SME,
R000843,civicpages,2026-07-08,Oxbow Dining Room,2448 E Fennimore St,Verano Bay,40251,Fox Hollow,+15559542592,https://www.oxbowdiningroom.example,Thai,$$$,3.8,986,pass,pass,0.99,UNKNOWN,none,unknown,SME,
R001818,tablefind,2026-07-17,Plumb Trattoria,2017 E Mallow Rd,Verano Bay,40181,Quarry End,+1 555 356 3139,,Thai,$$$,4.5,226,pass,pass,0.89,n/a,none,unknown,SME,
R002798,civicpages,2026-07-23,Plumb Smoothie,1092 S Bayard Rd,Verano Bay,40286,Rivera District,+1 555 941 3785,https://www.plumbsmoothie.example,Greek,$$,4.4,1069,fail,fail,0.86,ironcladpos,website_fingerprint,fail,SME,
R003083,atlasmaps,2026-07-26,Wildwood Room,5273 W Fennimore Ave,Verano Bay,40411,Rivera District,(555) 505-7536,https://www.wildwoodroom.example,Mediterranean,$$$,4.2,1019,pass,pass,0.81,,none,unknown,mid-cap,Wildwood Group
R001635,tablefind,2026-07-18,Blue Heron Oyster Bar,6990 N Tarrow Rd,Verano Bay,40716,Harbor Point,5556650346,https://www.blueheronoysterbar.example,Ethiopian,$$$,4.5,566,pass,pass,0.86,not found,none,unknown,SME,
R000683,civicpages,2026-07-24,Oxbow Supper Club,6654 N Cortez Blvd,Verano Bay,40477,Stillwater,555-651-7576,https://www.oxbowsupperclub.example,Thai,$$$,4.9,1796,pass,pass,0.97,unknown,none,unknown,SME,
R000830,tablefind,2026-07-23,Understory Brasserie,614 W Wexley Ave,Verano Bay,40669,Corvo Heights,555-821-7288,https://www.understorybrasserie.example,Steakhouse,$,3.6,466,pass,pass,0.91,,none,unknown,SME,
R002070,dineline,2026-07-06,The Sable Bistro,2181 N Mallow Street,Verano Bay,40603,Templeton,+15554467597,https://www.sablebistro.example,Seafood,$$,4.5,1829,pass,pass,0.96,UNKNOWN,none,unknown,SME,
R000539,dineline,2026-07-08,Golden Hour Kitchen,3348 E Vance Blvd,Verano Bay,40262,Greenhithe,555.230.0824,https://www.goldenhourkitchen.example,Peruvian,$$,4.9,1092,pass,pass,0.89,UNKNOWN,none,unknown,SME,
R002285,atlasmaps,2026-07-08,Redbird Boba - Ferrymead,4902 E Bayard Boulevard,Verano Bay,40333,Bayview Flats,5559772174,https://www.redbirdboba.example,Contemporary,$$,4.8,147,fail,fail,0.81,saltbox,website_fingerprint,fail,SME,
R000878,dineline,2026-07-10,Cinder Chophouse,3136 W Prospect St,Verano Bay,40194,Ferrymead,+15555510999,https://www.cinderchophouse.example,Vietnamese,$$,4.4,238,pass,pass,0.86,Unknown,none,unknown,SME,
R002534,civicpages,2026-07-28,The Copper Kiosk,7681 East Ashfield Blvd,Verano Bay,40426,Sunfield,(555) 497-6981,,Mexican,$$,4.6,792,fail,fail,0.9,-,none,unknown,SME,
R001778,dineline,2026-07-16,Kinship Supper Club,4355 E Quinton Blvd,Verano Bay,40398,Marisol,555-263-5323,https://www.kinshipsupperclub.example,Japanese,$$,3.4,738,pass,pass,0.97,,none,unknown,SME,
R001942,civicpages,2026-07-02,Zephyr Dining Room - Harbor Point,876 East Mallow Street,Verano Bay,40567,Sunfield,555.367.8226,https://www.zephyrdiningroom.example,Greek,$$$$,3.3,918,pass,pass,0.93,not found,none,unknown,SME,
R001981,civicpages,2026-07-14,Tallgrass Trattoria,6308 S Cortez Rd,Verano Bay,40437,Sunfield,555-526-1226,https://www.tallgrasstrattoria.example,Spanish,$$,3.8,505,pass,pass,0.83,-,none,unknown,SME,
R001949,bookwell,2026-07-20,Salt & Vine Alehouse,3203 S Cortez Rd,Verano Bay,40140,Stillwater,555.541.3866,,Thai,$$$$,4.5,291,pass,pass,0.96,n/a,none,unknown,SME,
R000523,atlasmaps,2026-06-30,MOTHERLAND STEAKHOUSE,2861 South Bayard Avenue,Verano Bay,40370,Bayview Flats,(555) 510-4238,https://www.motherlandsteakhouse.example,Greek,$,4.1,1366,pass,pass,0.89,UNKNOWN,none,unknown,SME,
R000258,roamly,2026-07-22,Harrow Alehouse,2152 W Calder Ave,Verano Bay,40690,Ashgrove,(555) 133-1612,https://www.harrowalehouse.example,Thai,$$,4.7,1960,pass,pass,0.79,UNKNOWN,none,unknown,SME,
R001479,civicpages,2026-07-28,Copper Trattoria - Marisol,4923 North Bayard Rd,Verano Bay,40295,Miradero,(555) 930-5037,https://www.coppertrattoria.example,Japanese,$$$,3.8,718,pass,pass,0.82,N/A,none,unknown,SME,
R002866,bookwell,2026-07-19,Dovetail Food Truck,3251 W Bayard Blvd,Verano Bay,40625,Stillwater,555.839.0786,https://www.dovetailfoodtruck.example,Barbecue,$$,4.1,1494,pass,fail,0.92,N/A,none,unknown,SME,
R003318,bookwell,2026-07-03,Thistle Kitchen,2786 E Bayard St,Verano Bay,40561,Sablewood,555.648.9747,https://www.thistlekitchen.example,French,$$,4.5,1911,pass,pass,0.89,UNKNOWN,none,unknown,large,Thistle Inc
R003480,dineline,2026-07-05,Harrow Steakhouse,5933 N Vance Blvd,Calla Ridge,40281,,+1 555 757 5228,https://www.harrowsteakhouse.example,Mexican,$$$,4.5,439,pass,pass,0.89,IRONCLAD,website_fingerprint,fail,SME,
R002387,civicpages,2026-07-05,Yarrow Counter 1 2,6003 S Calder Rd,Verano Bay,40249,Ashgrove,+1 555 160 5720,https://www.yarrowcounter12.example,Korean,$$,4.0,744,pass,fail,0.77,n/a,none,unknown,SME,
R000454,atlasmaps,2026-07-07,Tallgrass Bistro,252 East Cortez Street,Verano Bay,40695,Sunfield,,https://www.tallgrassbistro.example,Seafood,$$$$,4.4,1171,pass,pass,0.8,Meridian Cloud,website_fingerprint,pass,SME,
R001157,tablefind,2026-07-20,Driftwood House,4763 E Serra Rd,Verano Bay,40218,Old Mill,+1 555 145 9750,https://www.driftwoodhouse.example,Peruvian,$$,4.4,1685,pass,pass,0.84,unknown,none,unknown,SME,
R002193,atlasmaps,2026-07-28,Rookery Supper Club,3453 North Rivermead Boulevard,Verano Bay,40754,Ferrymead,+1 555 409 2987,https://www.rookerysupperclub.example,Barbecue,$,3.6,1522,pass,pass,0.78,n/a,none,unknown,SME,
R002710,civicpages,2026-07-07,Mercado Deli - Miradero,7405 West Prospect Street,Verano Bay,40763,Ferrymead,555-214-9756,https://www.mercadodeli.example,French,$,3.5,476,fail,fail,0.96,cadence,website_fingerprint,fail,SME,
R002835,tablefind,2026-07-16,Sparrow Cafe 1,6858 N Mallow Rd,Verano Bay,40516,Stillwater,+1 555 520 3119,,Thai,$$$$,3.8,1650,fail,fail,0.74,-,none,unknown,SME,
R001370,dineline,2026-07-21,Little Bear Wine Bar,7273 W Prospect Blvd,Verano Bay,40506,Calder Park,+1 555 429 7781,https://www.littlebearwinebar.example,Greek,$$,3.8,945,pass,pass,0.94,N/A,none,unknown,SME,
R000010,bookwell,2026-07-23,SABLE DINING ROOM,663 W Quinton Rd,Verano Bay,40494,Kingsway,555.317.1871,https://www.sablediningroom.example,Indian,$$,3.9,1826,pass,pass,0.8,Ironclad POS,website_fingerprint,fail,mid-cap,Sable Hospitality Group
R000188,atlasmaps,2026-07-22,Olive and Ash Room,2722 N Ashfield Avenue,Verano Bay,40501,Templeton,555.173.3531,https://www.oliveashroom.example,Steakhouse,$$,4.7,1261,pass,pass,0.95,n/a,none,unknown,SME,
R000339,atlasmaps,2026-07-21,Umber Smokehouse,6859 W Mallow Blvd,Verano Bay,40318,Sablewood,+15557522668,https://www.umbersmokehouse.example,Polish,$,4.2,1779,pass,pass,0.85,n/a,none,unknown,SME,
R001493,atlasmaps,2026-07-09,Rookery Table Verano Bay,6098 East Mallow St,Verano Bay,40292,Stillwater,555.715.9235,https://www.rookerytable.example,Peruvian,$$,4.5,364,pass,pass,0.82,Unknown,none,unknown,SME,
R002020,bookwell,2026-06-30,Kinship Taqueria,7982 W Cortez Street,Verano Bay,40104,Cedar Cross,(555) 145-6827,https://www.kinshiptaqueria.example,Barbecue,$,4.0,1261,pass,pass,0.76,unknown,none,unknown,SME,
R001740,atlasmaps,2026-07-27,Nettle Room,2351 S Serra Blvd,Verano Bay,40635,Stillwater,(555) 411-7946,https://www.nettleroom.example,Indian,$$$,3.8,953,pass,pass,0.79,-,none,unknown,SME,
R001097,dineline,2026-07-22,Kingfisher Smokehouse,2533 S Rivermead Ave,Verano Bay,40493,Harbor Point,+1 555 365 7813,https://www.kingfishersmokehouse.example,Thai,$$$,4.3,1440,pass,pass,0.94,Cadence Mini,website_fingerprint,fail,SME,
R000503,roamly,2026-07-12,Sixpence Osteria,3062 W Mallow St,Verano Bay,40255,Greenhithe,+1 555 604 7736,https://www.sixpenceosteria.example,Italian,$,4.2,1484,pass,pass,0.77,,none,unknown,SME,
R000340,civicpages,2026-07-03,UMBER SMOKEHOUSE,"6859 W Mallow Blvd, Verano Bay",Verano Bay,40554,Sablewood,+15557522668,https://www.umbersmokehouse.example,Polish,$,4.4,2090,pass,pass,0.81,,none,unknown,SME,
R001095,atlasmaps,2026-07-03,The Cinder Oyster Bar,"863 E Cortez Rd, Verano Bay",Verano Bay,40681,Fox Hollow,,,Seafood,$$$$,4.9,634,pass,pass,0.86,N/A,none,unknown,SME,
R000185,roamly,2026-07-09,Motherland Chophouse,923 S Mallow Blvd,Verano Bay,40402,Windrow,555.537.8596,https://www.motherlandchophouse.example,Vietnamese,$$$,4.1,426,pass,pass,0.81,Unknown,none,unknown,SME,
R000614,roamly,2026-07-22,Silverfin Oyster Bar,4756 North Serra Ave,Verano Bay,40712,Marisol,5555477324,,French,$$$,4.3,456,pass,pass,0.96,unknown,none,unknown,SME,
R001799,dineline,2026-07-28,Prairie Alehouse,826 S Fennimore Blvd,Verano Bay,40179,Templeton,+15556364026,https://www.prairiealehouse.example,Japanese,$$,3.5,1140,pass,pass,0.94,-,none,unknown,SME,
R000334,roamly,2026-07-04,Warbler Grill Restaurant,171 W Bayard Road,Verano Bay,40236,Corvo Heights,+15552774342,https://www.warblergrill.example,Vietnamese,$$$$,4.8,606,pass,pass,0.81,,none,unknown,SME,
R000744,dineline,2026-07-04,Mercado Oyster Bar,3782 W Wexley Blvd,Verano Bay,40689,Old Mill,(555) 395-7496,https://www.mercadooysterbar.example,Polish,$$,4.5,382,pass,pass,0.74,n/a,none,unknown,SME,
R002986,civicpages,2026-07-26,Nettle Counter,4573 S Prospect Rd,Verano Bay,40374,Cedar Cross,+15557393241,https://www.nettlecounter.example,Korean,$$,3.6,854,pass,fail,0.75,not found,none,unknown,SME,
R002882,dineline,2026-07-24,Cardinal Kiosk,3376 W Lindmere Blvd,Verano Bay,40431,Bayview Flats,+15552181841,https://www.cardinalkiosk.example,Italian,$$$$,4.2,1172,pass,fail,0.81,unknown,none,unknown,SME,
R001907,bookwell,2026-07-23,HARROW TABLE,2061 South Lindmere Street,Verano Bay,40238,Sablewood,+1 555 183 5255,https://www.harrowtable.example,Vietnamese,$$,4.7,228,pass,pass,0.83,N/A,none,unknown,SME,
R000128,dineline,2026-07-27,Mercado Kitchen,3406 E Bayard Rd,Verano Bay,40767,Calder Park,5554914619,https://www.mercadokitchen.example,Indian,$$,4.6,447,pass,pass,0.88,n/a,none,unknown,SME,
R001618,civicpages,2026-07-23,Larkspur Brasserie,7517 N Mallow St,Verano Bay,40512,Ashgrove,(555) 459-5650,https://www.larkspurbrasserie.example,Mexican,$$,3.7,940,pass,pass,0.73,N/A,none,unknown,SME,
R000369,roamly,2026-07-17,Tidewater Room Restaurant,4318 S Ashfield Road,Verano Bay,40595,Ferrymead,+15551469121,https://www.tidewaterroom.example,Spanish,$$,4.2,390,pass,pass,0.82,Unknown,none,unknown,SME,
R000637,roamly,2026-07-05,Gallow Smokehouse,7861 East Halloway Road,Verano Bay,40196,Sablewood,+1 555 688 2612,https://www.gallowsmokehouse.example,Mediterranean,$$$,4.1,39,pass,pass,0.74,not found,none,unknown,SME,
R002419,atlasmaps,2026-07-08,Inkwell Express,380 S Fennimore Rd,Verano Bay,40520,Cedar Cross,555.239.8856,https://www.inkwellexpress.example,Steakhouse,$$$$,4.7,2204,fail,fail,0.96,unknown,none,unknown,SME,
R001217,roamly,2026-07-19,Kinship Room,5103 N Prospect Ave,Verano Bay,40351,Miradero,555.927.4700,https://www.kinshiproom.example,Mexican,$,3.7,2101,pass,pass,0.84,unknown,none,unknown,SME,
R002899,roamly,2026-06-30,Redbird Counter 1,1615 N Serra Rd,Verano Bay,40336,Alder Heights,5551542419,https://www.redbirdcounter1.example,Mediterranean,$,4.3,691,fail,fail,0.75,unknown,none,unknown,SME,
R002944,bookwell,2026-07-21,Fernwood To Go - Windrow,"4645 E Cortez Ave, Verano Bay",Verano Bay,40219,Windrow,5558011191,https://www.fernwoodtogo.example,Polish,$$,3.7,144,fail,fail,0.96,,none,unknown,SME,
R003332,tablefind,2026-07-16,Palisade Alehouse,215 S Lindmere St,Verano Bay,40645,Kingsway,(555) 415-9584,https://www.palisadealehouse.example,Thai,$$$$,4.3,887,pass,pass,0.86,-,none,unknown,large,Palisade Inc
R000069,dineline,2026-07-27,Marrow Oyster Bar,1552 N Bayard Blvd,Verano Bay,40490,Greenhithe,555.505.4911,https://www.marrowoysterbar.example,Steakhouse,$,4.3,651,pass,pass,0.83,UNKNOWN,none,unknown,SME,
R000612,civicpages,2026-07-28,Mercado Trattoria,6969 E Wexley St,Verano Bay,40451,Kingsway,+1 555 973 6840,,French,$,3.6,879,pass,pass,0.9,-,none,unknown,SME,
R002244,dineline,2026-07-11,Roan Steakhouse,5952 W Lindmere Rd,Verano Bay,40243,Fox Hollow,555-601-2321,https://www.roansteakhouse.example,Italian,$$,4.8,1064,pass,pass,0.9,,none,unknown,SME,
R002190,roamly,2026-07-24,Fernwood House - Marisol,5311 East Mallow Street,Verano Bay,40610,Cedar Cross,555.870.2160,https://www.fernwoodhouse.example,Vietnamese,$$,4.9,32,pass,pass,0.77,vellum,website_fingerprint,pass,SME,
R000246,civicpages,2026-07-17,Salt & Vine Tavern,4211 East Prospect Rd,Verano Bay,40698,Windrow,(555) 814-2701,https://www.saltvinetavern.example,Barbecue,$,4.4,1282,pass,pass,0.96,VELLUM,website_fingerprint,pass,SME,
R000262,roamly,2026-06-30,Driftwood Steakhouse,7515 W Wexley St,Verano Bay,40542,Corvo Heights,555-615-8123,https://www.driftwoodsteakhouse.example,Italian,$,4.4,819,pass,pass,0.92,ironcladpos,website_fingerprint,fail,SME,
R002009,tablefind,2026-07-17,The Pike Alehouse,1029 S Rivermead St,Verano Bay,40678,Ashgrove,+15559047831,https://www.pikealehouse.example,French,$$$,3.9,264,pass,pass,0.78,N/A,none,unknown,SME,
R001083,bookwell,2026-07-09,Juniper Oyster Bar,4332 East Prospect Rd,Verano Bay,40177,Lantern Hill,555.595.4402,https://www.juniperoysterbar.example,Ethiopian,$$$$,4.8,1173,pass,pass,0.78,not found,none,unknown,SME,
R000176,roamly,2026-07-14,Silverfin Trattoria Verano Bay,6085 West Lindmere Street,Verano Bay,40133,Bayview Flats,555-497-3534,https://www.silverfintrattoria.example,Spanish,$$,4.1,532,pass,pass,0.89,N/A,none,unknown,SME,
R000945,roamly,2026-07-06,The Orchard Steakhouse,7209 South Ashfield St,Verano Bay,40733,Bramble Row,555-864-0367,https://www.orchardsteakhouse.example,Mediterranean,$$,3.7,600,pass,pass,0.99,-,none,unknown,SME,
R001408,bookwell,2026-07-02,Foxglove Alehouse,354 N Prospect Rd,Verano Bay,40231,Sunfield,555.435.3105,https://www.foxglovealehouse.example,Vietnamese,$,3.8,182,pass,pass,0.95,N/A,none,unknown,SME,
R001324,atlasmaps,2026-07-19,Bramble Brasserie,4759 W Bayard Blvd,Verano Bay,40146,Lantern Hill,(555) 150-6162,,Italian,$,4.6,764,pass,pass,0.91,not found,none,unknown,SME,
R003006,bookwell,2026-07-17,Juniper Smoothie,2793 E Mallow St,Verano Bay,40653,Old Mill,555-178-7069,https://www.junipersmoothie.example,Contemporary,$$$$,4.6,549,fail,fail,0.82,N/A,none,unknown,SME,
R000222,dineline,2026-07-04,Tin Roof Trattoria,1599 S Rivermead Blvd,Verano Bay,40336,Kingsway,5558248942,https://www.tinrooftrattoria.example,Thai,$,3.5,298,pass,pass,0.81,N/A,none,unknown,SME,
R000833,atlasmaps,2026-07-28,Nine Bridges Wine Bar,4104 N Lindmere Ave,Verano Bay,40179,Stillwater,(555) 104-4446,https://www.ninebridgeswinebar.example,Vietnamese,$$,4.1,319,pass,pass,0.83,UNKNOWN,none,unknown,SME,
R000271,bookwell,2026-07-22,Fallowfield Room,723 South Quinton Rd,Verano Bay,40317,Calder Park,+1 555 870 1828,https://www.fallowfieldroom.example,Polish,$$$,3.6,797,pass,pass,0.78,-,none,unknown,SME,
R001386,tablefind,2026-07-22,MARIGOLD DINING ROOM,7622 S Calder Rd,Verano Bay,40770,Harbor Point,+1 555 953 8751,https://www.marigolddiningroom.example,Polish,$,4.4,1794,pass,pass,0.85,N/A,none,unknown,SME,
R000054,atlasmaps,2026-07-25,Little Brasserie,1230 E Mallow Ave,Verano Bay,40782,Alder Heights,(555) 686-1581,https://www.littlebrasserie.example,French,$$,4.3,1468,pass,pass,0.9,Ironclad,website_fingerprint,fail,SME,Little Bear Group
R002452,atlasmaps,2026-07-15,Wildwood Kiosk,3516 N Quinton Rd,Verano Bay,40210,Kingsway,555.425.3493,,Vietnamese,$$$,3.8,1784,fail,fail,0.75,not found,none,unknown,SME,
R003180,tablefind,2026-07-10,Sixpence Chophouse,6734 E Fennimore Blvd,Verano Bay,40339,Greenhithe,555.342.0328,https://www.sixpencechophouse.example,Seafood,$$,4.3,477,pass,pass,0.77,meridian cloud,website_fingerprint,pass,mid-cap,Sixpence Group
R001677,roamly,2026-06-30,Umber Kitchen - Cedar Cross,6495 N Bayard Rd,Verano Bay,40433,Harbor Point,555.449.8678,https://www.umberkitchen.example,Korean,$,4.5,1208,pass,pass,0.73,not found,none,unknown,SME,
R001277,dineline,2026-07-25,Persimmon Wine Bar,7379 S Calder Ave,Verano Bay,40670,Calder Park,555.681.7830,https://www.persimmonwinebar.example,Vietnamese,$$$,4.5,1180,pass,pass,0.74,-,none,unknown,SME,
R002422,bookwell,2026-07-16,The Northbank Cafe,6848 W Quinton Avenue,Verano Bay,40529,Miradero,(555) 173-4476,,Polish,$$$,3.3,1267,pass,fail,0.86,Unknown,none,unknown,SME,
R000265,tablefind,2026-06-30,Basil & Bone Grill - Cedar Cross,767 E Bayard Ave,Verano Bay,40700,Sunfield,,https://www.basilbonegrill.example,Barbecue,$,3.6,611,pass,pass,0.75,Northstar Restaurant,website_fingerprint,pass,SME,
R001444,bookwell,2026-07-21,Motherland Tavern,2729 S Bayard Blvd,Verano Bay,40361,Greenhithe,+15552360103,https://www.motherlandtavern.example,Mediterranean,$,4.7,162,pass,pass,0.73,Fernpost,website_fingerprint,fail,SME,
R001812,dineline,2026-07-28,Wildwood Kitchen,2174 S Mallow St,Verano Bay,40165,Palisade Park,+1 555 734 2572,https://www.wildwoodkitchen.example,Japanese,$$,4.2,415,pass,pass,0.89,Unknown,none,unknown,SME,
R000372,roamly,2026-07-22,Blue Heron Table,872 N Rivermead Rd,Verano Bay,40730,Miradero,555-771-3770,https://www.blueherontable.example,Contemporary,$$,4.5,374,pass,pass,0.92,Unknown,none,unknown,SME,
R003484,tablefind,2026-07-06,Amber Smokehouse,2533 N Quinton Rd,Port Adair,40387,,5557143580,https://www.ambersmokehouse.example,Mediterranean,$,4.7,517,pass,pass,0.97,-,none,unknown,SME,
R000186,roamly,2026-07-18,Olive & Ash Room,2722 N Ashfield Ave,Verano Bay,40386,Templeton,(555) 173-3531,https://www.oliveashroom.example,Steakhouse,$$,4.7,1499,pass,pass,0.76,N/A,none,unknown,SME,
R003013,civicpages,2026-07-13,Nine Bridges Donuts,7144 W Tarrow St,Verano Bay,40410,Miradero,5553607687,https://www.ninebridgesdonuts.example,Spanish,$$$$,3.4,1417,pass,fail,0.92,tessera,website_fingerprint,pass,SME,
R003068,dineline,2026-07-21,LANTERN SMOKEHOUSE,3145 West Calder Ave,Verano Bay,40638,Lantern Hill,555-545-3647,https://www.lanternsmokehouse.example,Italian,$$$$,3.4,180,pass,pass,0.81,N/A,none,unknown,mid-cap,Lantern Group
R000132,dineline,2026-07-06,Thicket Osteria,2866 East Ashfield Boulevard,Verano Bay,40728,Cedar Cross,(555) 294-0655,https://www.thicketosteria.example,Spanish,$$,4.2,1130,pass,pass,0.73,ironcladpos,website_fingerprint,fail,SME,
R003291,atlasmaps,2026-07-11,Rambler Brasserie,6619 E Serra Blvd,Verano Bay,40147,Marisol,(555) 226-8187,https://www.ramblerbrasserie.example,Contemporary,$$,3.5,901,pass,pass,0.78,,none,unknown,large,Rambler Inc
R000715,bookwell,2026-07-22,Jackdaw Oyster Bar Verano Bay,"5449 W Lindmere Blvd, Verano Bay",Verano Bay,40758,Kingsway,5554626327,https://www.jackdawoysterbar.example,Contemporary,$$$,4.0,1658,pass,pass,0.94,N/A,none,unknown,SME,
R002472,dineline,2026-07-16,Thistle Kiosk 1,1528 W Calder St,Verano Bay,40259,Bayview Flats,555.967.4153,,Spanish,$$$,3.6,67,pass,fail,0.79,-,none,unknown,SME,
R000556,civicpages,2026-07-07,The Verde Tavern,3655 West Prospect St,Verano Bay,40776,Corvo Heights,+15554531243,https://www.verdetavern.example,Ethiopian,$,3.7,573,pass,pass,0.83,-,none,unknown,SME,
R002647,roamly,2026-07-26,Redbird Creamery,134 W Quinton St,Verano Bay,40595,Bramble Row,(555) 652-1854,https://www.redbirdcreamery.example,Seafood,$,4.6,1120,fail,fail,0.87,not found,none,unknown,SME,
R000282,bookwell,2026-07-16,Rookery Brasserie,5936 E Ashfield Ave,Verano Bay,40549,Kingsway,5555700424,,Steakhouse,$$,4.2,1278,pass,pass,0.92,n/a,none,unknown,SME,
R001519,dineline,2026-07-10,Rosewater Dining Room,6888 S Vance St,Verano Bay,40606,Rivera District,(555) 424-5646,https://www.rosewaterdiningroom.example,Contemporary,$$$$,4.1,1532,pass,pass,0.76,unknown,none,unknown,SME,
R002088,tablefind,2026-06-30,Verde Oyster Bar,273 W Quinton Blvd,Verano Bay,40161,Bramble Row,5553574192,https://www.verdeoysterbar.example,Polish,$$,4.1,1732,pass,pass,0.74,n/a,none,unknown,SME,
R000681,bookwell,2026-07-21,Oxbow Room,5885 S Vance St,Verano Bay,40244,Bramble Row,,https://www.oxbowroom.example,Spanish,$$,4.3,697,pass,pass,0.86,,none,unknown,SME,
R001144,civicpages,2026-07-22,Foxglove Oyster Bar,5968 East Vance Boulevard,Verano Bay,40618,Miradero,+1 555 667 9857,https://www.foxgloveoysterbar.example,Seafood,$$,4.6,874,pass,pass,0.97,Unknown,none,unknown,SME,
R001247,civicpages,2026-07-18,Stonecutter Table,2182 N Fennimore Blvd,Verano Bay,40351,Marisol,5552798053,https://www.stonecuttertable.example,Italian,$$,3.9,406,pass,pass,0.97,Unknown,none,unknown,SME,
R001378,civicpages,2026-07-17,Rookery Dining Room,5005 S Quinton Blvd,Verano Bay,40291,Sunfield,555.949.3074,https://www.rookerydiningroom.example,French,$$$$,3.3,122,pass,pass,0.76,unknown,none,unknown,SME,
R000888,bookwell,2026-07-26,Kinship Kitchen,3882 E Vance Rd,Verano Bay,40619,Greenhithe,(555) 149-1298,https://www.kinshipkitchen.example,Barbecue,$$$,4.8,953,pass,pass,0.97,,none,unknown,SME,
R001864,tablefind,2026-07-19,Heron Bistro,6181 W Ashfield Rd,Verano Bay,40493,Rivera District,(555) 867-7811,,Spanish,$$$,3.4,1263,pass,pass,0.8,Unknown,none,unknown,SME,
R000580,bookwell,2026-07-21,Violet Supper Club,4046 W Calder Rd,Verano Bay,40348,Rivera District,555.275.7214,https://www.violetsupperclub.example,Seafood,$,4.8,2162,pass,pass,0.75,not found,none,unknown,SME,
R001091,dineline,2026-07-18,TALLGRASS TABLE,1887 North Ashfield Blvd,Verano Bay,40357,Stillwater,+1 555 114 0353,https://www.tallgrasstable.example,French,$$,3.6,1555,pass,pass,0.79,Northstar POS,website_fingerprint,pass,SME,
R000582,tablefind,2026-07-08,Driftwood Cantina,6573 N Ashfield St,Verano Bay,40444,Ashgrove,555-907-8907,https://www.driftwoodcantina.example,Mediterranean,$$$,3.7,667,pass,pass,0.88,unknown,none,unknown,SME,
R003403,atlasmaps,2026-07-13,Roan Wine Bar,4986 E Calder Rd,Calla Ridge,40248,,5556724374,https://www.roanwinebar.example,Steakhouse,$$,4.1,1072,pass,pass,0.82,unknown,none,unknown,SME,
R002270,civicpages,2026-07-13,Ironwood Coffee,3820 N Wexley Rd,Verano Bay,40267,Corvo Heights,(555) 535-3027,https://www.ironwoodcoffee.example,Seafood,$$$$,4.7,875,pass,fail,0.89,unknown,none,unknown,SME,
R003217,bookwell,2026-07-11,Yarrow Bistro,326 S Mallow Rd,Verano Bay,40190,Greenhithe,+1 555 549 4041,https://www.yarrowbistro.example,Spanish,$,3.6,710,pass,pass,0.85,Unknown,none,unknown,mid-cap,Yarrow Group
R001906,civicpages,2026-07-09,Harrow Table,2061 S Lindmere St,Verano Bay,40434,Sablewood,+1 555 183 5255,https://www.harrowtable.example,Vietnamese,$$,4.9,146,pass,pass,0.95,,none,unknown,SME,
R000900,civicpages,2026-07-22,Ember Bistro,880 N Mallow St,Verano Bay,40531,Old Mill,+1 555 774 7078,https://www.emberbistro.example,Barbecue,$$,3.3,1344,pass,pass,0.98,vellum,website_fingerprint,pass,SME,
R001030,tablefind,2026-07-06,Little Bear Trattoria - Ferrymead,4328 E Cortez Ave,Verano Bay,40389,Quarry End,+15558848515,https://www.littlebeartrattoria.example,Thai,$$$,4.1,482,pass,pass,0.82,n/a,none,unknown,SME,
R001836,bookwell,2026-07-28,Driftwood Chophouse,3123 S Halloway Blvd,Verano Bay,40732,Kingsway,(555) 548-4384,https://www.driftwoodchophouse.example,Greek,$$$,5.0,1476,pass,pass,0.98,N/A,none,unknown,SME,
R000347,civicpages,2026-07-25,Olive & Ash Chophouse,5842 W Wexley Ave,Verano Bay,40378,Windrow,+15552478021,https://www.oliveashchophouse.example,Japanese,$$,4.4,492,pass,pass,0.9,N/A,none,unknown,SME,
R003120,tablefind,2026-07-24,Silverfin Alehouse,"4768 E Mallow Ave, Verano Bay",Verano Bay,40188,Fox Hollow,555-943-6020,https://www.silverfinalehouse.example,Italian,$$,3.5,633,pass,pass,0.9,N/A,none,unknown,mid-cap,Silverfin Group
R000964,atlasmaps,2026-07-16,Basil & Bone Osteria,3897 W Prospect Ave,Verano Bay,40605,Windrow,555.916.5753,https://www.basilboneosteria.example,Indian,$$$,3.8,1650,pass,pass,0.92,n/a,none,unknown,SME,
R000908,atlasmaps,2026-07-27,Copper Tavern,1047 N Wexley St,Verano Bay,40582,Sablewood,+1 555 177 5267,https://www.coppertavern.example,Barbecue,$$$$,4.6,167,pass,pass,0.89,n/a,none,unknown,SME,
R003483,civicpages,2026-07-27,Golden Hour Wine Bar,7152 E Quinton Ave,Northmoor,40412,,555-281-4035,https://www.goldenhourwinebar.example,Thai,$$$,3.8,1241,pass,pass,0.81,N/A,none,unknown,SME,
R000992,dineline,2026-07-02,Redbird Trattoria,5881 W Ashfield Blvd,Verano Bay,40672,Ashgrove,+1 555 477 6683,https://www.redbirdtrattoria.example,Polish,$$$,3.6,1888,pass,pass,0.84,Unknown,none,unknown,SME,
R000879,roamly,2026-07-05,Tidewater Dining Room,2494 S Halloway Rd,Verano Bay,40152,Kingsway,(555) 694-2624,https://www.tidewaterdiningroom.example,Italian,$$$,3.6,1592,pass,pass,0.92,Unknown,none,unknown,SME,
R000704,dineline,2026-07-08,Umber Taqueria,2084 South Vance Boulevard,Verano Bay,40298,Corvo Heights,555.673.5625,https://www.umbertaqueria.example,Spanish,$$$,4.8,669,pass,pass,0.94,,none,unknown,SME,
R000855,tablefind,2026-07-09,Thistle Dining Room,7277 North Vance Rd,Verano Bay,40291,Stillwater,(555) 449-0004,https://www.thistlediningroom.example,Mediterranean,$$,4.3,1404,pass,pass,0.89,UNKNOWN,none,unknown,SME,
R003482,dineline,2026-07-25,Golden Hour Wine Bar,7152 E Quinton Ave,Northmoor,40595,,+1 555 281 4035,https://www.goldenhourwinebar.example,Thai,$$$,3.6,1300,pass,pass,0.9,n/a,none,unknown,SME,
R001962,roamly,2026-07-28,Tin Roof Alehouse,1754 E Quinton St,Verano Bay,40235,Fox Hollow,555.422.9272,,Spanish,$,3.3,30,pass,pass,0.84,unknown,none,unknown,SME,
R000916,atlasmaps,2026-07-20,Jackdaw Supper Club,2079 West Tarrow St,Verano Bay,40486,Miradero,+1 555 975 5772,https://www.jackdawsupperclub.example,Vietnamese,$$$$,3.9,47,pass,pass,0.91,ironclad,website_fingerprint,fail,SME,
R002654,tablefind,2026-07-17,Umber Kiosk,3918 S Vance Rd,Verano Bay,40144,Marisol,5556755023,https://www.umberkiosk.example,Thai,$$$,3.4,609,pass,fail,0.87,unknown,none,unknown,SME,
R002689,dineline,2026-07-15,Blue Heron Food Truck - Kingsway,4123 North Mallow Boulevard,Verano Bay,40242,Bramble Row,+15552476012,,Indian,$$$$,3.4,203,fail,fail,0.9,not found,none,unknown,SME,
R002734,roamly,2026-07-24,Sable Cafe,"7609 S Tarrow Rd, Verano Bay",Verano Bay,40415,Sablewood,+15558305625,,Vietnamese,$$,4.2,490,fail,fail,0.97,unknown,none,unknown,SME,
R003043,bookwell,2026-07-13,Verde Counter,"4082 S Fennimore Rd, Verano Bay",Verano Bay,40660,Calder Park,555.940.2397,,Spanish,$$$,4.4,173,pass,fail,0.97,-,none,unknown,SME,
R001242,bookwell,2026-07-18,Marigold Alehouse,2822 W Bayard Rd,Verano Bay,40461,Fox Hollow,555.841.5898,https://www.marigoldalehouse.example,Korean,$,4.8,1064,pass,pass,0.95,IRONCLAD,website_fingerprint,fail,SME,
R001861,roamly,2026-07-17,Orchard Smokehouse Verano Bay,4936 North Lindmere Road,Verano Bay,40563,Fox Hollow,(555) 953-3041,,Thai,$$,4.4,933,pass,pass,0.81,UNKNOWN,none,unknown,SME,
R003169,dineline,2026-07-09,The Cinder Room,3291 South Rivermead Road,Verano Bay,40447,Old Mill,5556490270,https://www.cinderroom.example,Ethiopian,$$,4.3,264,pass,pass,0.91,not found,none,unknown,mid-cap,Cinder Group
R003174,atlasmaps,2026-07-02,Driftwood Supper Club,7028 South Lindmere Street,Verano Bay,40315,Lantern Hill,555-973-9616,https://www.driftwoodsupperclub.example,Korean,$$$,4.1,418,pass,pass,0.97,not found,none,unknown,mid-cap,Driftwood Group
R000941,bookwell,2026-07-01,Thicket Kitchen - Old Mill,849 East Vance Avenue,Verano Bay,40575,Harbor Point,5555634582,,Spanish,$$$,3.6,847,pass,pass,0.77,,none,unknown,SME,
R002554,tablefind,2026-07-10,Basil & Bone Donuts Verano Bay,437 E Quinton Street,Verano Bay,40238,Bramble Row,(555) 296-4406,,Japanese,$$$$,4.7,586,pass,fail,0.87,not found,none,unknown,SME,
R001276,tablefind,2026-07-09,Inkwell Smokehouse,2113 W Serra Ave,Verano Bay,40357,Cedar Cross,+1 555 148 9160,https://www.inkwellsmokehouse.example,Japanese,$$$,3.8,359,pass,pass,0.87,,none,unknown,SME,
R003266,civicpages,2026-07-27,Ember Brasserie,4052 S Rivermead Rd,Verano Bay,40718,Marisol,+1 555 673 8815,https://www.emberbrasserie.example,Seafood,$,4.6,112,pass,pass,0.91,UNKNOWN,none,unknown,mid-cap,Ember Group
R000293,tablefind,2026-07-18,Warbler House,6067 E Wexley Blvd,Verano Bay,40730,Windrow,5552159729,https://www.warblerhouse.example,Thai,$$,3.8,1332,pass,pass,0.86,N/A,none,unknown,SME,
R000925,dineline,2026-07-15,Cinder Brasserie,3000 E Ashfield Road,Verano Bay,40208,Palisade Park,+1 555 855 6689,https://www.cinderbrasserie.example,Mexican,$$,3.4,1459,pass,pass,0.75,n/a,none,unknown,SME,
R000598,roamly,2026-07-03,Loam Chophouse,7055 South Mallow Road,Verano Bay,40636,Kingsway,+15557280731,https://www.loamchophouse.example,Korean,$$,3.4,646,pass,pass,0.98,-,none,unknown,SME,
R001361,dineline,2026-07-05,Fernwood Dining Room Verano Bay,3929 E Serra Street,Verano Bay,40574,Ashgrove,5552791211,https://www.fernwooddiningroom.example,Thai,$$$$,4.1,1809,pass,pass,0.8,Unknown,none,unknown,SME,
R002058,civicpages,2026-07-25,Umber Dining Room,1844 E Lindmere Blvd,Verano Bay,40427,Lantern Hill,+15558281820,https://www.umberdiningroom.example,Italian,$$$,4.2,1916,pass,pass,0.95,UNKNOWN,none,unknown,SME,
R000721,civicpages,2026-07-28,Kinship Alehouse,6370 S Rivermead Street,Verano Bay,40618,Corvo Heights,+1 555 693 9976,https://www.kinshipalehouse.example,Barbecue,$$,4.9,1629,pass,pass,0.83,,none,unknown,SME,
R000548,bookwell,2026-07-25,Hearth Dining Room,6690 N Rivermead Rd,Verano Bay,40715,Palisade Park,555.753.7305,https://www.hearthdiningroom.example,Steakhouse,$,4.7,960,pass,pass,0.79,n/a,none,unknown,SME,
R001573,civicpages,2026-07-05,Nightjar Brasserie - Marisol,5572 W Rivermead St,Verano Bay,40524,Ferrymead,+15554571425,https://www.nightjarbrasserie.example,Korean,$$,4.3,213,pass,pass,0.99,unknown,none,unknown,SME,
R000267,roamly,2026-07-22,Sable Oyster Bar,927 S Wexley Rd,Verano Bay,40346,Bayview Flats,555-974-1984,https://www.sableoysterbar.example,Contemporary,$,4.3,576,pass,pass,0.94,Unknown,none,unknown,SME,
R002538,roamly,2026-07-24,Saffron Express Verano Bay,504 W Vance Street,Verano Bay,40787,Marisol,(555) 412-1542,https://www.saffronexpress.example,Peruvian,$$$$,4.5,881,pass,fail,0.95,UNKNOWN,none,unknown,SME,
R003103,roamly,2026-07-21,The Inkwell Dining Room,7836 East Mallow Road,Verano Bay,40702,Windrow,555.333.1445,https://www.inkwelldiningroom.example,Korean,$$,3.9,464,pass,pass,0.9,IRONCLAD,website_fingerprint,fail,mid-cap,Inkwell Group
R000746,dineline,2026-07-10,Juniper Kitchen,1394 E Quinton Rd,Verano Bay,40202,Rivera District,5553187327,,Vietnamese,$$$$,4.4,1032,pass,pass,0.72,-,none,unknown,SME,
R001481,bookwell,2026-07-17,Tin Roof Oyster Bar Restaurant,7772 N Tarrow Boulevard,Verano Bay,40631,Cedar Cross,555.506.8666,https://www.tinroofoysterbar.example,Mediterranean,$$,3.8,1688,pass,pass,0.87,UNKNOWN,none,unknown,SME,
R002344,dineline,2026-07-27,THISTLE KIOSK,2231 N Rivermead Rd,Verano Bay,40426,Templeton,5553149176,,Ethiopian,$$$$,4.3,699,pass,fail,0.74,unknown,none,unknown,SME,
R003113,civicpages,2026-07-25,Persimmon Supper Club,2809 N Cortez Rd,Verano Bay,40245,Rivera District,555-680-0753,https://www.persimmonsupperclub.example,Seafood,$$,4.4,92,pass,pass,0.93,ironclad,website_fingerprint,fail,mid-cap,Persimmon Group
R001995,bookwell,2026-07-09,Copper Steakhouse,2833 E Ashfield Ave,Verano Bay,40727,Sunfield,555-403-9796,https://www.coppersteakhouse.example,Steakhouse,$$,4.7,1132,pass,pass,0.89,CADENCE,website_fingerprint,fail,SME,
R000511,civicpages,2026-07-12,The Alder Oyster Bar,"1116 W Vance Ave, Verano Bay",Verano Bay,40439,Kingsway,555-320-0321,https://www.alderoysterbar.example,Vietnamese,$$$,4.8,1505,pass,pass,0.79,N/A,none,unknown,SME,
R001696,dineline,2026-07-16,Saffron Steakhouse,3021 S Cortez Rd,Verano Bay,40483,Miradero,555-972-2290,https://www.saffronsteakhouse.example,Indian,$$$$,4.0,858,pass,pass,0.91,Unknown,none,unknown,SME,
R001617,bookwell,2026-07-21,Sixpence Kitchen,114 N Serra Boulevard,Verano Bay,40739,Sablewood,555-388-5996,https://www.sixpencekitchen.example,Spanish,$,3.8,1163,pass,pass,0.85,N/A,none,unknown,SME,
R002721,dineline,2026-07-21,FOXTAIL CAFE,2331 W Ashfield St,Verano Bay,40303,Old Mill,,https://www.foxtailcafe.example,Korean,$$$,4.7,1169,fail,fail,0.98,-,none,unknown,SME,
R002593,atlasmaps,2026-07-09,Nettle Creamery 1,2400 N Fennimore St,Verano Bay,40312,Bayview Flats,+15553861399,https://www.nettlecreamery1.example,Seafood,$$$$,3.6,717,pass,fail,0.78,Meridian (legacy),website_fingerprint,pass,SME,
R002916,tablefind,2026-07-14,Fallowfield Bakery,7497 E Bayard St,Verano Bay,40472,Fox Hollow,555-968-9010,https://www.fallowfieldbakery.example,French,$$,3.7,1049,fail,fail,0.86,FERNPOST,website_fingerprint,fail,SME,
R002267,tablefind,2026-07-12,Mercado Food Truck,3354 W Mallow Ave,Verano Bay,40767,Calder Park,555-540-7620,https://www.mercadofoodtruck.example,Korean,$$,4.3,1646,fail,fail,0.88,unknown,none,unknown,SME,
R003377,civicpages,2026-07-05,Oxbow Chophouse,5469 S Serra Rd,Verano Bay,40600,Bayview Flats,+15555260136,https://www.oxbowchophouse.example,Spanish,$$$,3.6,853,pass,pass,0.85,VELLUM,website_fingerprint,pass,large,Oxbow Inc
R002332,roamly,2026-07-20,Zephyr Bakery,5544 W Vance Rd,Verano Bay,40426,Quarry End,+1 555 334 9559,,Ethiopian,$$$,4.0,752,pass,fail,0.77,n/a,none,unknown,SME,
R000520,roamly,2026-07-23,Tidewater Wine Bar,7107 S Halloway Ave,Verano Bay,40296,Stillwater,555.611.9281,https://www.tidewaterwinebar.example,Polish,$$$$,3.9,459,pass,pass,0.77,,none,unknown,SME,
R002372,dineline,2026-07-25,Yarrow Counter,7824 W Halloway Blvd,Verano Bay,40596,Bramble Row,555.234.1656,https://www.yarrowcounter.example,Indian,$$$,4.4,75,pass,fail,0.88,orbit systems,website_fingerprint,pass,SME,
R002341,civicpages,2026-07-15,Thistle Kiosk,2231 N Rivermead Rd,Verano Bay,40637,Templeton,555-314-9176,,Ethiopian,$$$$,4.1,636,pass,fail,0.82,not found,none,unknown,SME,
R001131,tablefind,2026-07-11,KINGFISHER TAVERN,5371 West Vance Avenue,Verano Bay,40140,Ferrymead,555.115.2219,https://www.kingfishertavern.example,Steakhouse,$$$$,4.1,132,pass,pass,0.85,bluecrest pos,website_fingerprint,pass,SME,
R003402,tablefind,2026-07-06,Fernwood Table,6786 S Rivermead Ave,Kestrel Falls,40303,,555-120-4221,https://www.fernwoodtable.example,Seafood,$$,4.1,293,pass,pass,0.77,UNKNOWN,none,unknown,SME,
R002902,roamly,2026-07-09,Copper Donuts 1,2158 S Mallow Ave,Verano Bay,40132,Bayview Flats,5552289431,,Thai,$$,3.9,339,fail,fail,0.76,-,none,unknown,SME,
R000695,roamly,2026-07-27,Pike Oyster Bar,2311 S Cortez St,Verano Bay,40712,Fox Hollow,(555) 587-6259,https://www.pikeoysterbar.example,Steakhouse,$$,4.2,1121,pass,pass,0.82,Cadence Station,website_fingerprint,fail,SME,
R003222,dineline,2026-07-22,Heron Dining Room - Windrow,2086 S Prospect Rd,Verano Bay,40689,Bramble Row,+15554098444,https://www.herondiningroom.example,Polish,$$$,5.0,987,pass,pass,0.89,ironclad,website_fingerprint,fail,mid-cap,Heron Group
R002454,tablefind,2026-07-02,Kettle To Go,3398 N Prospect Ave,Verano Bay,40306,Lantern Hill,5553325317,https://www.kettletogo.example,Thai,$,4.0,1340,pass,fail,0.94,UNKNOWN,none,unknown,SME,
R002779,roamly,2026-07-27,Vesper Donuts,5582 South Vance Ave,Verano Bay,40727,Old Mill,(555) 675-6077,,Indian,$$,3.7,1530,fail,fail,0.94,n/a,none,unknown,SME,
R002894,atlasmaps,2026-07-03,Zephyr Boba,2813 N Quinton Blvd,Verano Bay,40479,Stillwater,555.154.4025,https://www.zephyrboba.example,Polish,$$$$,4.5,65,pass,fail,0.99,unknown,none,unknown,SME,
R001054,dineline,2026-07-05,Stonecutter Smokehouse - Quarry End,563 South Quinton Ave,Verano Bay,40214,Ashgrove,555.387.2709,,Vietnamese,$$$$,3.5,26,pass,pass,0.73,,none,unknown,SME,
R001993,civicpages,2026-07-19,Larkspur Cantina,2826 N Calder St,Verano Bay,40526,Sablewood,(555) 370-3382,https://www.larkspurcantina.example,Seafood,$$,4.6,821,pass,pass,0.87,Saltbox,website_fingerprint,fail,SME,
R001899,tablefind,2026-07-17,Nightjar Smokehouse,3146 S Prospect Blvd,Verano Bay,40722,Greenhithe,555.228.7614,https://www.nightjarsmokehouse.example,Japanese,$$$,3.5,1244,pass,pass,0.92,n/a,none,unknown,SME,
R002568,tablefind,2026-07-11,Thicket Kiosk,7411 E Lindmere St,Verano Bay,40157,Fox Hollow,+15555102785,https://www.thicketkiosk.example,Seafood,$$$$,4.1,937,pass,fail,0.9,not found,none,unknown,SME,
R001272,tablefind,2026-07-19,Cardinal Steakhouse,7389 W Rivermead Ave,Verano Bay,40340,Rivera District,(555) 752-9445,https://www.cardinalsteakhouse.example,Indian,$$$$,3.5,2161,pass,pass,0.82,,none,unknown,SME,
R000806,roamly,2026-07-12,Oxbow Bistro,4410 West Mallow Street,Verano Bay,40536,Palisade Park,555-831-3051,https://www.oxbowbistro.example,Barbecue,$$,4.0,464,pass,pass,0.72,unknown,none,unknown,SME,
R001182,bookwell,2026-07-13,Foxglove Grill,5798 S Calder Rd,Verano Bay,40428,Alder Heights,+1 555 526 2331,https://www.foxglovegrill.example,Korean,$$$$,4.7,243,pass,pass,0.9,not found,none,unknown,SME,
R003258,dineline,2026-07-16,Sparrow Room - Calder Park,7146 S Cortez Street,Verano Bay,40636,Stillwater,5554938722,https://www.sparrowroom.example,Contemporary,$$$,3.8,1762,pass,pass,0.94,n/a,none,unknown,mid-cap,Sparrow Group
R000884,civicpages,2026-07-28,Olive & Ash Oyster Bar,5318 E Calder Blvd,Verano Bay,40541,Bramble Row,(555) 175-8004,,Japanese,$$,4.1,1465,pass,pass,0.83,not found,none,unknown,SME,
R002717,roamly,2026-07-08,Ember Creamery 1,1953 S Serra Rd,Verano Bay,40273,Ashgrove,5553927654,https://www.embercreamery1.example,Italian,$$$,4.2,320,fail,fail,0.9,UNKNOWN,none,unknown,SME,
R001333,roamly,2026-07-13,Rambler Chophouse,583 S Serra Blvd,Verano Bay,40412,Rivera District,5551020241,https://www.ramblerchophouse.example,Spanish,$$,3.8,1182,pass,pass,0.81,orbit systems,website_fingerprint,pass,SME,
R003445,bookwell,2026-07-18,Fallowfield Osteria,915 S Calder St,Calla Ridge,40644,,+1 555 164 3525,https://www.fallowfieldosteria.example,Seafood,$$,4.3,1381,pass,pass,0.85,unknown,none,unknown,SME,
R001527,dineline,2026-07-26,Gallow Taqueria,3479 North Mallow Road,Verano Bay,40176,Cedar Cross,555-561-2338,https://www.gallowtaqueria.example,Italian,$$$$,3.9,1177,pass,pass,0.75,n/a,none,unknown,SME,
R002037,roamly,2026-07-06,The Northbank Wine Bar,7938 N Prospect Ave,Verano Bay,40198,Fox Hollow,,https://www.northbankwinebar.example,Japanese,$$,4.5,1339,pass,pass,0.79,,none,unknown,SME,
R001161,atlasmaps,2026-07-04,Sixpence Smokehouse - Ashgrove,2190 North Wexley Avenue,Verano Bay,40704,Corvo Heights,555-386-5315,,Polish,$$,3.7,1113,pass,pass,0.94,,none,unknown,SME,
R001655,roamly,2026-07-28,Dovetail Room,4262 W Lindmere Road,Verano Bay,40377,Old Mill,+1 555 896 4603,https://www.dovetailroom.example,Steakhouse,$$$,3.8,1497,pass,pass,0.8,not found,none,unknown,SME,
R003469,dineline,2026-07-23,Sorrel Tavern,814 South Tarrow Road,Port Adair,40535,,555-802-2568,https://www.sorreltavern.example,Korean,$,3.4,164,pass,pass,0.78,not found,none,unknown,SME,
R000105,atlasmaps,2026-07-19,Saffron Kitchen,1246 S Calder Blvd,Verano Bay,40435,Rivera District,555-998-2953,https://www.saffronkitchen.example,Peruvian,$$$$,4.0,272,pass,pass,0.85,-,none,unknown,SME,
R000693,bookwell,2026-07-22,Loam Kitchen,3053 E Quinton Ave,Verano Bay,40295,Alder Heights,(555) 199-8018,https://www.loamkitchen.example,Barbecue,$$$,3.4,1525,pass,pass,0.76,unknown,none,unknown,SME,
R002064,atlasmaps,2026-07-20,Verde Taqueria Verano Bay,2280 South Tarrow Road,Verano Bay,40689,Old Mill,+1 555 439 0610,https://www.verdetaqueria.example,Japanese,$$$$,4.4,150,pass,pass,0.89,-,none,unknown,SME,
R001936,bookwell,2026-07-11,Plumb Chophouse,6753 N Vance Blvd,Verano Bay,40448,Quarry End,+15556749429,https://www.plumbchophouse.example,Greek,$,4.4,1470,pass,pass,0.72,N/A,none,unknown,SME,
R001552,bookwell,2026-07-03,Plumb Table,3580 N Bayard Rd,Verano Bay,40770,Greenhithe,+1 555 886 3983,https://www.plumbtable.example,Ethiopian,$$,4.4,811,pass,pass,0.84,Ironclad POS,website_fingerprint,fail,SME,
R000985,atlasmaps,2026-07-12,Quarry Wine Bar,4482 W Tarrow Blvd,Verano Bay,40251,Bramble Row,(555) 259-0669,https://www.quarrywinebar.example,Vietnamese,$$$$,3.7,1413,pass,pass,0.93,UNKNOWN,none,unknown,SME,
R001656,civicpages,2026-07-26,Silverfin Cantina,1895 N Cortez Ave,Verano Bay,40229,Miradero,+15557753236,https://www.silverfincantina.example,Korean,$$,3.9,912,pass,pass,0.75,Rivet,website_fingerprint,fail,SME,
R000077,atlasmaps,2026-07-16,Persimmon House,7339 N Ashfield Ave,Verano Bay,40484,Greenhithe,+15554114412,,Japanese,$$$,4.7,81,pass,pass,0.8,UNKNOWN,none,unknown,SME,
R002957,civicpages,2026-07-01,Tidewater Coffee 1,4792 W Ashfield Rd,Verano Bay,40378,Rivera District,+15556785030,https://www.tidewatercoffee1.example,Indian,$$$,4.6,905,fail,fail,0.74,N/A,none,unknown,SME,
R001071,roamly,2026-07-15,Halcyon Chophouse,3283 S Vance Blvd,Verano Bay,40591,Marisol,+1 555 256 5282,https://www.halcyonchophouse.example,Ethiopian,$,4.7,931,pass,pass,0.94,vellum,website_fingerprint,pass,SME,
R002007,roamly,2026-07-02,Inkwell Room,5127 S Wexley St,Verano Bay,40374,Ashgrove,+1 555 893 6959,,Indian,$$$,4.6,327,pass,pass,0.81,-,none,unknown,SME,
R001853,atlasmaps,2026-06-30,The Foxtail Tavern,3338 E Fennimore Boulevard,Verano Bay,40262,Greenhithe,555.686.8437,,Thai,$$,3.8,1344,pass,pass,0.78,UNKNOWN,none,unknown,SME,
R003463,roamly,2026-07-08,Dovetail Supper Club,6319 E Cortez Rd,Port Adair,40539,,555-741-8079,https://www.dovetailsupperclub.example,Vietnamese,$$,3.6,1641,pass,pass,0.74,n/a,none,unknown,SME,
R003280,civicpages,2026-07-22,Bellwether Grill,2647 N Serra St,Verano Bay,40158,Sablewood,555.113.6053,https://www.bellwethergrill.example,Greek,$$,4.1,1054,pass,pass,0.84,-,none,unknown,large,Bellwether Inc
R000487,tablefind,2026-07-14,Cinder Steakhouse,3139 E Cortez St,Verano Bay,40144,Quarry End,(555) 543-8219,,Indian,$$$$,3.6,420,pass,pass,0.9,N/A,none,unknown,SME,
R001712,bookwell,2026-07-10,Oxbow House,5044 E Vance Ave,Verano Bay,40689,Sunfield,555.764.4191,https://www.oxbowhouse.example,Spanish,$$$$,4.7,1516,pass,pass,0.91,saltbox,website_fingerprint,fail,SME,
R001093,bookwell,2026-07-15,Cinder Oyster Bar,863 E Cortez Rd,Verano Bay,40154,Fox Hollow,+15556919813,,Seafood,$$$$,4.8,516,pass,pass,0.76,,none,unknown,SME,
R002655,bookwell,2026-07-05,Driftwood Creamery,3445 E Cortez St,Verano Bay,40259,Ashgrove,(555) 958-5462,,Steakhouse,$$$$,3.8,493,pass,fail,0.94,not found,none,unknown,SME,
R000166,roamly,2026-07-19,The Olive & Ash Alehouse,5114 E Tarrow Boulevard,Verano Bay,40252,Harbor Point,555.971.7723,,Indian,$$$$,4.3,1156,pass,pass,0.8,,none,unknown,SME,
R002167,dineline,2026-07-15,Nettle Taqueria,"4273 W Wexley Rd, Verano Bay",Verano Bay,40146,Kingsway,5556089215,https://www.nettletaqueria.example,Mexican,$$,3.9,1747,pass,pass,0.95,Vellum Restaurant,website_fingerprint,pass,SME,
R003348,tablefind,2026-07-14,Rookery Wine Bar,4379 S Bayard St,Verano Bay,40371,Templeton,555-307-7081,https://www.rookerywinebar.example,Contemporary,$,4.4,72,pass,pass,0.72,N/A,none,unknown,large,Rookery Inc
R000814,atlasmaps,2026-07-23,The Sparrow House,"2907 W Ashfield Rd, Verano Bay",Verano Bay,40116,Rivera District,+15553037331,,Indian,$$$,3.7,2030,pass,pass,0.73,n/a,none,unknown,SME,
R000718,atlasmaps,2026-07-23,Magpie Chophouse,5269 S Bayard Rd,Verano Bay,40783,Calder Park,5551733454,,Italian,$$,4.2,1701,pass,pass,0.82,,none,unknown,SME,
R000501,roamly,2026-07-12,Foxglove Trattoria,5281 N Cortez St,Verano Bay,40665,Ashgrove,5558179631,https://www.foxglovetrattoria.example,Barbecue,$$$$,3.6,1870,pass,pass,0.73,-,none,unknown,SME,
R001538,civicpages,2026-07-14,Stonecutter Supper Club,4181 S Wexley St,Verano Bay,40780,Quarry End,555.256.5734,https://www.stonecuttersupperclub.example,Seafood,$$,3.8,1605,pass,pass,0.97,Orbit,website_fingerprint,pass,SME,
R002310,tablefind,2026-06-30,Pike Juice Bar,7610 W Rivermead St,Verano Bay,40448,Templeton,+1 555 300 9825,,Indian,$$,4.0,408,fail,fail,0.81,unknown,none,unknown,SME,
R003124,bookwell,2026-07-19,Quill Wine Bar - Sablewood,7123 W Mallow Blvd,Verano Bay,40203,Templeton,5557002920,https://www.quillwinebar.example,Italian,$$$$,3.5,1079,pass,pass,0.88,Ironclad,website_fingerprint,fail,mid-cap,Quill Group
R003242,atlasmaps,2026-07-25,The Stonecutter Kitchen,1088 W Wexley Street,Verano Bay,40337,Greenhithe,5553638947,https://www.stonecutterkitchen.example,Spanish,$$,3.8,1267,pass,pass,0.89,-,none,unknown,mid-cap,Stonecutter Group
R003236,bookwell,2026-07-13,Tidewater Oyster Bar,5885 South Fennimore Ave,Verano Bay,40387,Stillwater,5556916422,https://www.tidewateroysterbar.example,Mediterranean,$,4.7,794,pass,pass,0.91,n/a,none,unknown,mid-cap,Tidewater Group
R002079,bookwell,2026-07-05,Bramble Chophouse,1836 N Rivermead St,Verano Bay,40238,Rivera District,555-487-6390,https://www.bramblechophouse.example,Peruvian,$$,4.3,1277,pass,pass,0.99,Tessera Express,website_fingerprint,pass,SME,
R001801,dineline,2026-07-13,Salt & Vine Dining Room,6894 W Bayard Ave,Verano Bay,40667,Old Mill,,https://www.saltvinediningroom.example,Ethiopian,$$$$,4.1,1563,pass,pass,0.88,,none,unknown,SME,
R000840,bookwell,2026-07-17,Cobalt Steakhouse,2919 W Lindmere Blvd,Verano Bay,40252,Bramble Row,+15555633839,https://www.cobaltsteakhouse.example,Korean,$$$,4.6,302,pass,pass,0.77,unknown,none,unknown,SME,
R001354,bookwell,2026-07-19,The Foxtail Osteria,5162 East Vance Avenue,Verano Bay,40113,Harbor Point,,,Seafood,$,3.9,403,pass,pass,0.89,-,none,unknown,SME,
R002535,roamly,2026-07-25,Copper Kiosk Verano Bay,7681 East Ashfield Boulevard,Verano Bay,40455,Sunfield,555-497-6981,,Mexican,$$,4.4,479,pass,fail,0.94,unknown,none,unknown,SME,
R002989,tablefind,2026-07-11,Bellwether Cafe,6141 E Fennimore Ave,Verano Bay,40792,Marisol,555.916.4036,https://www.bellwethercafe.example,Italian,$$$,3.8,834,pass,fail,0.76,n/a,none,unknown,SME,
R000530,atlasmaps,2026-07-25,Bellwether Supper Club,316 N Tarrow St,Verano Bay,40409,Old Mill,5555100334,https://www.bellwethersupperclub.example,Vietnamese,$$,3.7,261,pass,pass,0.78,Fern Post,website_fingerprint,fail,SME,
R000817,civicpages,2026-07-08,The Ironwood Grill,6009 West Tarrow Boulevard,Verano Bay,40793,Templeton,555-134-5738,,Vietnamese,$$,3.5,82,pass,pass,0.96,-,none,unknown,SME,
R003383,atlasmaps,2026-07-10,Violet Brasserie,6167 N Wexley St,Calla Ridge,40141,,5551241933,https://www.violetbrasserie.example,Seafood,$$$,4.8,1400,pass,pass,0.86,,none,unknown,SME,
R001016,tablefind,2026-07-13,Vesper Osteria,6718 N Mallow St,Verano Bay,40226,Templeton,,https://www.vesperosteria.example,Polish,$$,3.3,1217,pass,pass,0.95,n/a,none,unknown,SME,
R001175,atlasmaps,2026-07-20,Rosewater House,6697 S Ashfield St,Verano Bay,40383,Corvo Heights,5553774564,https://www.rosewaterhouse.example,Steakhouse,$,3.6,157,pass,pass,0.9,Unknown,none,unknown,SME,
R000249,tablefind,2026-07-08,Cobalt Room,2443 N Rivermead Ave,Verano Bay,40430,Bayview Flats,+15555012100,https://www.cobaltroom.example,Korean,$$,3.8,1021,pass,pass,0.72,N/A,none,unknown,SME,
R000756,atlasmaps,2026-07-17,Motherland Supper Club,3768 S Mallow Avenue,Verano Bay,40681,Palisade Park,(555) 432-9915,,French,$$,3.8,1140,pass,pass,0.82,Unknown,none,unknown,SME,
R002459,atlasmaps,2026-07-02,Pike Bakery,5762 North Prospect Boulevard,Verano Bay,40511,Greenhithe,(555) 551-3176,https://www.pikebakery.example,Mexican,$$$$,3.7,962,fail,fail,0.98,UNKNOWN,none,unknown,SME,
R000129,roamly,2026-07-08,MERCADO KITCHEN,3406 East Bayard Road,Verano Bay,40462,Calder Park,(555) 491-4619,https://www.mercadokitchen.example,Indian,$$,4.5,474,pass,pass,0.86,-,none,unknown,SME,
R001381,atlasmaps,2026-07-09,Sparrow Osteria,7264 West Tarrow Avenue,Verano Bay,40761,Windrow,(555) 847-7646,https://www.sparrowosteria.example,Korean,$$$$,3.9,877,pass,pass,0.77,Unknown,none,unknown,SME,
R000798,tablefind,2026-07-01,Rosewater Trattoria,7472 West Vance Road,Verano Bay,40141,Miradero,(555) 957-6208,https://www.rosewatertrattoria.example,Vietnamese,$$,4.0,894,pass,pass,0.83,,none,unknown,SME,
R001609,dineline,2026-07-26,Umber Supper Club,4196 W Ashfield Ave,Verano Bay,40488,Miradero,555.572.0830,,Korean,$$,3.7,465,pass,pass,0.97,n/a,none,unknown,SME,
R002731,dineline,2026-07-19,The Bluebird To Go,7663 E Rivermead Blvd,Verano Bay,40637,Greenhithe,555-453-0223,,Korean,$$,4.8,1599,pass,fail,0.78,-,none,unknown,SME,
R000042,roamly,2026-07-09,Prairie Osteria,6049 W Tarrow Blvd,Verano Bay,40790,Rivera District,+1 555 498 3977,https://www.prairieosteria.example,Spanish,$$,4.2,1200,pass,pass,0.91,cadence flex,website_fingerprint,fail,mid-cap,Prairie Table Group
R000677,atlasmaps,2026-07-08,Sixpence Supper Club,1620 W Tarrow Ave,Verano Bay,40110,Harbor Point,,https://www.sixpencesupperclub.example,Greek,$$$,4.3,2134,pass,pass,0.85,n/a,none,unknown,SME,
R001555,civicpages,2026-07-13,FOXGLOVE BISTRO,3280 N Fennimore Avenue,Verano Bay,40344,Greenhithe,+15559810674,,Steakhouse,$$$$,4.1,401,pass,pass,0.96,,none,unknown,SME,
R001187,bookwell,2026-07-15,Thistle Tavern,2582 N Lindmere Rd,Verano Bay,40489,Harbor Point,555-215-1816,https://www.thistletavern.example,Mexican,$$,4.6,1651,pass,pass,0.87,unknown,none,unknown,SME,
R001992,bookwell,2026-07-08,Sixpence Dining Room Restaurant,6931 North Vance Blvd,Verano Bay,40625,Templeton,555-738-8037,,Vietnamese,$$$,4.3,1400,pass,pass,0.91,n/a,none,unknown,SME,
R001876,civicpages,2026-07-15,Thistle Brasserie - Greenhithe,7473 North Bayard Street,Verano Bay,40558,Rivera District,+1 555 348 5831,https://www.thistlebrasserie.example,Spanish,$$$,3.6,993,pass,pass,0.82,n/a,none,unknown,SME,
R001464,atlasmaps,2026-07-26,MAGPIE BISTRO,"965 S Quinton Rd, Verano Bay",Verano Bay,40266,Templeton,+15556336528,https://www.magpiebistro.example,Ethiopian,$$$,4.0,1404,pass,pass,0.81,VELLUM,website_fingerprint,pass,SME,
R000442,tablefind,2026-07-27,Yarrow Steakhouse,4420 N Lindmere Rd,Verano Bay,40757,Cedar Cross,(555) 130-6510,https://www.yarrowsteakhouse.example,Mediterranean,$,3.4,1324,pass,pass,0.84,not found,none,unknown,SME,
R000680,dineline,2026-07-25,Copper Brasserie Verano Bay,281 N Bayard Ave,Verano Bay,40393,Corvo Heights,(555) 435-6212,https://www.copperbrasserie.example,Korean,$$$$,3.7,1109,pass,pass,0.74,unknown,none,unknown,SME,
R002590,dineline,2026-07-21,Dovetail Cafe,5618 West Quinton Street,Verano Bay,40250,Stillwater,5555200975,https://www.dovetailcafe.example,French,$$,4.5,895,fail,fail,0.72,unknown,none,unknown,SME,
R002405,civicpages,2026-07-10,Motherland Coffee,685 E Prospect Ave,Verano Bay,40557,Calder Park,+15557176278,https://www.motherlandcoffee.example,Steakhouse,$$,3.4,628,fail,fail,0.87,n/a,none,unknown,SME,
R001706,roamly,2026-07-26,Inkwell Oyster Bar,771 W Calder St,Verano Bay,40567,Greenhithe,(555) 418-9428,https://www.inkwelloysterbar.example,French,$$,3.9,863,pass,pass,0.9,N/A,none,unknown,SME,
R001608,roamly,2026-07-03,Thicket Taqueria,1875 S Quinton St,Verano Bay,40272,Lantern Hill,5558136197,https://www.thickettaqueria.example,Mediterranean,$$$,4.5,1395,pass,pass,0.8,-,none,unknown,SME,
R001271,roamly,2026-07-03,Rookery Smokehouse,2500 S Vance Ave,Verano Bay,40393,Calder Park,+15556442487,,Italian,$$$,3.7,459,pass,pass,0.88,-,none,unknown,SME,
R001651,bookwell,2026-06-30,Magpie House,2007 W Tarrow Rd,Verano Bay,40695,Alder Heights,555-471-2652,https://www.magpiehouse.example,Korean,$$$$,4.0,557,pass,pass,0.79,UNKNOWN,none,unknown,SME,
R002620,civicpages,2026-07-23,Lantern Food Truck,4835 West Serra Avenue,Verano Bay,40654,Harbor Point,5559886886,https://www.lanternfoodtruck.example,Mediterranean,$,3.9,829,fail,fail,0.87,-,none,unknown,SME,
R003237,bookwell,2026-07-27,Tidewater House,5546 W Cortez Blvd,Verano Bay,40195,Greenhithe,+15555220953,https://www.tidewaterhouse.example,Peruvian,$$$$,4.4,1877,pass,pass,0.97,not found,none,unknown,mid-cap,Tidewater Group
R001141,tablefind,2026-07-06,Marrow Smokehouse,1679 North Halloway Ave,Verano Bay,40419,Kingsway,555-491-0641,,Indian,$$,3.4,1957,pass,pass,0.97,N/A,none,unknown,SME,
R002549,dineline,2026-07-02,Marrow Smoothie 1,6288 East Fennimore Street,Verano Bay,40530,Rivera District,555.401.8694,https://www.marrowsmoothie1.example,Steakhouse,$$,3.9,1705,pass,fail,0.96,,none,unknown,SME,
R001697,civicpages,2026-07-10,Loam Trattoria,3803 W Serra Blvd,Verano Bay,40323,Sunfield,+1 555 746 1807,,Polish,$,4.6,336,pass,pass,0.98,-,none,unknown,SME,
R003393,bookwell,2026-07-26,Tin Roof Kitchen,7613 E Bayard Blvd,Northmoor,40608,,5553542425,https://www.tinroofkitchen.example,Spanish,$$,4.4,1374,pass,pass,0.89,unknown,none,unknown,SME,
R000938,tablefind,2026-07-09,Sorrel Brasserie,4702 E Fennimore Rd,Verano Bay,40710,Corvo Heights,555-461-8855,https://www.sorrelbrasserie.example,Contemporary,$$$,4.9,1314,pass,pass,0.9,unknown,none,unknown,SME,
R000295,roamly,2026-07-15,Foxtail Wine Bar,2399 N Wexley Rd,Verano Bay,40335,Alder Heights,+1 555 571 6094,https://www.foxtailwinebar.example,Contemporary,$$,3.8,339,pass,pass,0.73,,none,unknown,SME,
R001405,tablefind,2026-07-08,Mercado Table,6106 S Tarrow Ave,Verano Bay,40530,Ferrymead,,https://www.mercadotable.example,Steakhouse,$$$,3.7,1977,pass,pass,0.75,,none,unknown,SME,
R002163,atlasmaps,2026-07-24,Warbler Brasserie,5577 N Mallow Ave,Verano Bay,40783,Ferrymead,(555) 473-0670,https://www.warblerbrasserie.example,Vietnamese,$,3.8,142,pass,pass,0.82,,none,unknown,SME,
R002112,atlasmaps,2026-07-26,Pike Bistro,2553 S Lindmere Blvd,Verano Bay,40157,Stillwater,555.767.5879,,Thai,$,4.0,674,pass,pass,0.91,N/A,none,unknown,SME,
R002744,atlasmaps,2026-07-23,Kettle Coffee,5239 N Tarrow Rd,Verano Bay,40353,Cedar Cross,555.948.2194,https://www.kettlecoffee.example,Peruvian,$$$$,4.7,590,pass,fail,0.76,Ironclad,website_fingerprint,fail,SME,
R001826,atlasmaps,2026-07-12,Alder Brasserie,6126 E Mallow Ave,Verano Bay,40788,Calder Park,5552664575,https://www.alderbrasserie.example,Japanese,$$$,4.6,1302,pass,pass,0.85,Ironclad,website_fingerprint,fail,SME,
R000158,dineline,2026-07-24,Lantern Grill,290 N Bayard Ave,Verano Bay,40344,Bayview Flats,555.661.7407,https://www.lanterngrill.example,Polish,$$$$,4.4,615,pass,pass,0.92,UNKNOWN,none,unknown,SME,
R001432,roamly,2026-07-11,Saffron Room,3453 E Wexley Rd,Verano Bay,40365,Bayview Flats,(555) 781-8874,https://www.saffronroom.example,Mexican,$,3.7,1260,pass,pass,0.79,unknown,none,unknown,SME,
R002152,roamly,2026-07-08,Sparrow Grill,2642 N Quinton St,Verano Bay,40455,Lantern Hill,555.720.6330,https://www.sparrowgrill.example,Ethiopian,$$,4.4,477,pass,pass,0.95,UNKNOWN,none,unknown,SME,
R000065,atlasmaps,2026-07-13,Andino Brothers Taqueria,908 E Halloway Ave,Verano Bay,40263,Lantern Hill,+15554270628,https://www.andinobrotherstaqueria.example,Korean,$$$$,3.6,373,pass,pass,0.99,Cadence Station,website_fingerprint,fail,SME,
R002506,tablefind,2026-06-30,PERSIMMON DONUTS,"6850 S Vance Ave, Verano Bay",Verano Bay,40203,Miradero,555-330-6602,https://www.persimmondonuts.example,Mediterranean,$,3.4,596,pass,fail,0.85,Unknown,none,unknown,SME,
R000609,atlasmaps,2026-07-26,Pike Kitchen - Quarry End,1481 South Mallow Blvd,Verano Bay,40448,Ashgrove,(555) 531-7719,https://www.pikekitchen.example,Greek,$$,4.9,766,pass,pass,0.9,UNKNOWN,none,unknown,SME,
R000761,roamly,2026-07-27,Loam Wine Bar,2551 W Prospect Blvd,Verano Bay,40140,Ferrymead,+1 555 627 8551,https://www.loamwinebar.example,Indian,$$,4.1,224,pass,pass,0.88,ORBIT,website_fingerprint,pass,SME,
R000689,tablefind,2026-07-28,Kettle Supper Club - Windrow,5206 N Halloway Ave,Verano Bay,40112,Sunfield,+15557096290,https://www.kettlesupperclub.example,Korean,$$,4.8,1455,pass,pass,0.75,ironclad,website_fingerprint,fail,SME,
R001209,tablefind,2026-07-24,Foxtail Oyster Bar Verano Bay,883 E Ashfield Avenue,Verano Bay,40390,Kingsway,(555) 202-7919,,Mediterranean,$$,4.6,2144,pass,pass,0.81,UNKNOWN,none,unknown,SME,
R000965,tablefind,2026-07-08,Bluebird Chophouse,6410 S Vance Blvd,Verano Bay,40295,Greenhithe,5555716580,,Seafood,$$$$,4.5,352,pass,pass,0.8,not found,none,unknown,SME,
R002333,tablefind,2026-07-01,Bellwether Sandwich Shop,4417 W Mallow St,Verano Bay,40480,Fox Hollow,5555201367,https://www.bellwethersandwichshop.example,Steakhouse,$$,4.5,888,pass,fail,0.98,Unknown,none,unknown,SME,
R001919,bookwell,2026-07-02,Cinder Tavern,5710 W Wexley Ave,Verano Bay,40608,Ferrymead,555-966-5026,https://www.cindertavern.example,Barbecue,$$$,4.1,1761,pass,pass,0.78,Fernpost,website_fingerprint,fail,SME,
R001078,dineline,2026-07-10,Ironwood Alehouse,116 S Bayard St,Verano Bay,40695,Ferrymead,+1 555 533 9203,,Contemporary,$$$,4.3,886,pass,pass,0.97,Unknown,none,unknown,SME,
R002767,roamly,2026-07-02,Ember To Go,2653 E Serra Ave,Verano Bay,40654,Bayview Flats,(555) 982-6300,,Ethiopian,$$,4.2,1521,pass,fail,0.73,,none,unknown,SME,
R002918,roamly,2026-07-09,Cardinal Coffee 1,1256 North Lindmere Street,Verano Bay,40525,Old Mill,(555) 160-2739,,Thai,$$$,3.9,112,pass,fail,0.91,Unknown,none,unknown,SME,
R002917,atlasmaps,2026-07-20,Cardinal Coffee 1,1256 N Lindmere St,Verano Bay,40330,Old Mill,555.160.2739,,Thai,$$$,3.9,116,pass,fail,0.93,not found,none,unknown,SME,
R002804,dineline,2026-07-21,JACKDAW EXPRESS 1,4414 East Quinton Avenue,Verano Bay,40282,Stillwater,(555) 182-3892,https://www.jackdawexpress1.example,Italian,$,4.7,74,fail,fail,0.89,unknown,none,unknown,SME,
R003079,tablefind,2026-07-28,Quarry Steakhouse,3971 West Tarrow Blvd,Verano Bay,40146,Sablewood,+1 555 156 0231,https://www.quarrysteakhouse.example,Italian,$$,4.3,1295,pass,pass,0.81,UNKNOWN,none,unknown,mid-cap,Quarry Group
R000684,bookwell,2026-07-22,Oxbow Supper Club - Windrow,6654 N Cortez Blvd,Verano Bay,40390,Stillwater,5556517576,https://www.oxbowsupperclub.example,Thai,$$$,4.5,1691,pass,pass,0.97,N/A,none,unknown,SME,
R001986,civicpages,2026-07-04,Heron Supper Club Restaurant,2736 North Vance Avenue,Verano Bay,40345,Kingsway,5559596159,https://www.heronsupperclub.example,Vietnamese,$$$,4.6,1335,pass,pass,0.87,unknown,none,unknown,SME,
R000060,atlasmaps,2026-07-12,Ironwood Oyster Bar,6915 East Rivermead Rd,Verano Bay,40528,Sunfield,5557964038,https://www.ironwoodoysterbar.example,Peruvian,$$$,4.6,580,pass,pass,0.88,Unknown,none,unknown,SME,Ironwood Hospitality
R000998,atlasmaps,2026-07-19,Magpie Supper Club,4462 East Ashfield Avenue,Verano Bay,40565,Harbor Point,5554297633,https://www.magpiesupperclub.example,Spanish,$$$,4.1,1329,pass,pass,0.72,n/a,none,unknown,SME,
R001329,civicpages,2026-07-02,Tidewater Tavern,868 W Wexley Ave,Verano Bay,40557,Corvo Heights,555.261.4860,https://www.tidewatertavern.example,Greek,$,3.8,1492,pass,pass,0.74,,none,unknown,SME,
R001595,dineline,2026-07-28,Salt & Vine Chophouse,4026 N Tarrow Blvd,Verano Bay,40184,Corvo Heights,5551865292,,Vietnamese,$$$,4.4,889,pass,pass,0.78,UNKNOWN,none,unknown,SME,
R000707,bookwell,2026-07-23,Ironwood Chophouse,6885 N Tarrow Blvd,Verano Bay,40271,Bramble Row,5557613970,,Ethiopian,$$$,3.5,417,pass,pass,0.85,-,none,unknown,SME,
R000474,dineline,2026-07-20,Golden Hour Steakhouse,765 S Calder St,Verano Bay,40235,Bramble Row,555.298.7200,https://www.goldenhoursteakhouse.example,Peruvian,$$$$,3.8,869,pass,pass,0.81,UNKNOWN,none,unknown,SME,
R001933,dineline,2026-07-14,Understory Dining Room,175 W Wexley Rd,Verano Bay,40222,Templeton,555-459-2619,https://www.understorydiningroom.example,French,$$,3.7,1004,pass,pass,0.95,unknown,none,unknown,SME,
R000663,civicpages,2026-07-02,Sparrow Smokehouse,"7887 N Cortez Blvd, Verano Bay",Verano Bay,40282,Ashgrove,5557648181,https://www.sparrowsmokehouse.example,Steakhouse,$$$,4.2,754,pass,pass,0.77,UNKNOWN,none,unknown,SME,
R000625,civicpages,2026-07-19,The Vesper Oyster Bar,6032 W Quinton Road,Verano Bay,40650,Harbor Point,5558318095,,Seafood,$$,4.3,2057,pass,pass,0.98,unknown,none,unknown,SME,
R002774,tablefind,2026-07-14,Bramble Sandwich Shop Restaurant,2234 N Calder Blvd,Verano Bay,40585,Ferrymead,555.500.9024,,Greek,$$$$,4.2,1106,pass,fail,0.84,n/a,none,unknown,SME,
R001894,tablefind,2026-07-25,Violet Chophouse,3015 E Prospect Blvd,Verano Bay,40498,Rivera District,,https://www.violetchophouse.example,Mediterranean,$$,4.4,238,pass,pass,0.74,UNKNOWN,none,unknown,SME,
R001664,dineline,2026-07-07,Silverfin Wine Bar Restaurant,3260 E Tarrow Ave,Verano Bay,40421,Rivera District,(555) 120-1242,https://www.silverfinwinebar.example,Contemporary,$$$,4.3,984,pass,pass,0.79,vellum,website_fingerprint,pass,SME,
R002770,atlasmaps,2026-07-04,Salt & Vine Boba,5051 S Bayard St,Verano Bay,40521,Templeton,(555) 522-5845,https://www.saltvineboba.example,Greek,$$,4.6,153,pass,fail,0.93,not found,none,unknown,SME,
R001154,civicpages,2026-07-12,Foxglove Kitchen,7343 E Vance Rd,Verano Bay,40795,Harbor Point,+15558132298,,Steakhouse,$,3.6,114,pass,pass,0.81,UNKNOWN,none,unknown,SME,
R003157,roamly,2026-07-16,Magpie Smokehouse,4849 E Serra Blvd,Verano Bay,40548,Sablewood,555.450.3343,https://www.magpiesmokehouse.example,Italian,$,4.7,264,pass,pass,0.73,Vellum POS,website_fingerprint,pass,mid-cap,Magpie Group
R000342,roamly,2026-07-13,UMBER SMOKEHOUSE,6859 W Mallow Blvd,Verano Bay,40161,Sablewood,+15557522668,https://www.umbersmokehouse.example,Polish,$,4.3,1987,pass,pass,0.88,saltbox,website_fingerprint,fail,SME,
R002818,roamly,2026-07-10,Tin Roof To Go,7222 W Serra Blvd,Verano Bay,40124,Kingsway,(555) 755-1960,https://www.tinrooftogo.example,Polish,$,4.2,501,fail,fail,0.9,cadence,website_fingerprint,fail,SME,
R000632,civicpages,2026-07-21,Pike Supper Club,5503 South Rivermead Road,Verano Bay,40517,Sablewood,5556540328,https://www.pikesupperclub.example,Japanese,$$$,4.5,1369,pass,pass,0.85,unknown,none,unknown,SME,
R002197,tablefind,2026-07-26,Understory Grill,7569 E Prospect Rd,Verano Bay,40445,Fox Hollow,5557544296,https://www.understorygrill.example,Mediterranean,$$$,4.6,1355,pass,pass,0.87,N/A,none,unknown,SME,
R000028,roamly,2026-07-26,Marrow Supper Club,223 S Ashfield Blvd,Verano Bay,40597,Templeton,+1 555 459 0284,https://www.marrowsupperclub.example,Vietnamese,$$$,4.8,1442,pass,pass,0.82,Unknown,none,unknown,SME,Marrow & Co
R003046,dineline,2026-07-16,Olive & Ash Juice Bar 1 2,5266 W Lindmere St,Verano Bay,40382,Lantern Hill,(555) 938-6758,https://www.oliveashjuicebar12.example,Polish,$$,3.8,1009,fail,fail,0.72,,none,unknown,SME,
R000264,dineline,2026-07-14,Basil and Bone Grill,767 E Bayard Avenue,Verano Bay,40528,Sunfield,5556029528,https://www.basilbonegrill.example,Barbecue,$,3.6,523,pass,pass,0.82,UNKNOWN,none,unknown,SME,
R001478,bookwell,2026-07-14,COPPER TRATTORIA,4923 N Bayard Rd,Verano Bay,40314,Miradero,(555) 930-5037,https://www.coppertrattoria.example,Japanese,$$$,3.9,546,pass,pass,0.87,UNKNOWN,none,unknown,SME,
R002343,bookwell,2026-07-22,Thistle Kiosk,2231 North Rivermead Road,Verano Bay,40349,Templeton,+1 555 314 9176,,Ethiopian,$$$$,4.2,494,fail,fail,0.94,N/A,none,unknown,SME,
R000775,civicpages,2026-07-27,Tallgrass Room,7789 E Bayard Ave,Verano Bay,40199,Templeton,(555) 640-6643,https://www.tallgrassroom.example,Steakhouse,$$,4.3,162,pass,pass,0.97,not found,none,unknown,SME,
R002049,tablefind,2026-07-08,Palisade Taqueria,2568 W Fennimore Ave,Verano Bay,40519,Corvo Heights,555-497-0347,https://www.palisadetaqueria.example,Peruvian,$$,3.9,69,pass,pass,0.74,ironcladpos,website_fingerprint,fail,SME,
R003134,civicpages,2026-07-08,Jackdaw Alehouse,3989 E Prospect Blvd,Verano Bay,40355,Ferrymead,555-940-7431,https://www.jackdawalehouse.example,Steakhouse,$$,3.7,661,pass,pass,0.9,meridian cloud,website_fingerprint,pass,mid-cap,Jackdaw Group
R002968,bookwell,2026-07-17,Cinder Smoothie,4671 W Vance Ave,Verano Bay,40571,Sunfield,+1 555 356 2995,https://www.cindersmoothie.example,Polish,$$,4.4,777,pass,fail,0.84,UNKNOWN,none,unknown,SME,
R000763,atlasmaps,2026-07-06,Heron Oyster Bar,4295 S Prospect Blvd,Verano Bay,40529,Alder Heights,5555254458,https://www.heronoysterbar.example,Indian,$,4.4,1525,pass,pass,0.83,Unknown,none,unknown,SME,
R002036,tablefind,2026-07-17,Northbank Wine Bar,7938 N Prospect Ave,Verano Bay,40507,Fox Hollow,555-608-3605,https://www.northbankwinebar.example,Japanese,$$,4.4,1408,pass,pass,0.76,n/a,none,unknown,SME,
R000298,dineline,2026-07-23,Bramble Trattoria,3540 S Prospect Ave,Verano Bay,40479,Sunfield,+1 555 115 1007,https://www.brambletrattoria.example,Seafood,$$$,4.8,1202,pass,pass,0.87,ironcladpos,website_fingerprint,fail,SME,
R000589,tablefind,2026-07-24,Kettle House,1715 W Prospect St,Verano Bay,40277,Windrow,+1 555 464 6351,https://www.kettlehouse.example,Japanese,$$,4.9,93,pass,pass,0.94,,none,unknown,SME,
R002832,atlasmaps,2026-07-21,Vesper Donuts 1 Verano Bay,7651 East Lindmere Road,Verano Bay,40195,Harbor Point,+1 555 269 7788,https://www.vesperdonuts1.example,Italian,$,4.1,685,pass,fail,0.82,N/A,none,unknown,SME,
R003414,atlasmaps,2026-07-18,Golden Hour Tavern,4679 E Mallow Ave,Calla Ridge,40324,,+15556402916,https://www.goldenhourtavern.example,Indian,$$,4.6,744,pass,pass,0.87,,none,unknown,SME,
R002188,civicpages,2026-07-02,Kinship House,6924 East Tarrow Avenue,Verano Bay,40726,Miradero,+15559738022,https://www.kinshiphouse.example,Steakhouse,$$$,4.3,800,pass,pass,0.88,unknown,none,unknown,SME,
R000803,dineline,2026-07-13,Oxbow Bistro,4410 W Mallow St,Verano Bay,40736,Palisade Park,555-831-3051,https://www.oxbowbistro.example,Barbecue,$$,3.8,624,pass,pass,0.81,IRONCLAD,website_fingerprint,fail,SME,
R002502,bookwell,2026-07-21,Vesper Sandwich Shop - Sunfield,5250 W Rivermead Blvd,Verano Bay,40258,Ferrymead,,https://www.vespersandwichshop.example,Indian,$$,3.8,397,pass,fail,0.78,,none,unknown,SME,
R003164,bookwell,2026-07-19,Bluebird Dining Room,1982 W Serra Avenue,Verano Bay,40369,Bayview Flats,(555) 244-8281,https://www.bluebirddiningroom.example,Indian,$$,3.4,855,pass,pass,0.97,-,none,unknown,mid-cap,Bluebird Group
R002099,civicpages,2026-07-18,The Basil & Bone Alehouse,5433 West Fennimore St,Verano Bay,40552,Alder Heights,+1 555 469 0835,,Greek,$$,3.7,864,pass,pass,0.95,n/a,none,unknown,SME,
R003276,bookwell,2026-06-30,Fallowfield Wine Bar Verano Bay,2425 West Lindmere Road,Verano Bay,40221,Stillwater,+1 555 363 8823,https://www.fallowfieldwinebar.example,Thai,$$,4.4,373,pass,pass,0.76,ironclad,website_fingerprint,fail,large,Fallowfield Inc
R001024,dineline,2026-06-30,Driftwood Brasserie,5255 E Bayard Blvd,Verano Bay,40502,Miradero,+1 555 562 3650,https://www.driftwoodbrasserie.example,Barbecue,$$,3.4,158,pass,pass,0.9,,none,unknown,SME,
R003381,bookwell,2026-07-12,GOLDEN HOUR BRASSERIE,283 N Halloway Avenue,Port Adair,40445,,+15552518604,https://www.goldenhourbrasserie.example,Korean,$$$,4.2,1439,pass,pass,0.94,N/A,none,unknown,SME,
R002740,bookwell,2026-07-26,Sixpence Deli Restaurant,727 W Bayard Boulevard,Verano Bay,40339,Greenhithe,+15556231825,https://www.sixpencedeli.example,Contemporary,$$$$,4.1,620,fail,fail,0.72,Fern Post,website_fingerprint,fail,SME,
R002984,roamly,2026-07-27,Little Bear Juice Bar,7490 S Cortez Blvd,Verano Bay,40566,Rivera District,+15551288583,,Contemporary,$$$,3.8,900,fail,fail,0.94,not found,none,unknown,SME,
R001372,roamly,2026-07-16,Prairie Trattoria,7412 E Wexley St,Verano Bay,40301,Rivera District,555-448-7331,https://www.prairietrattoria.example,Indian,$$$,4.3,1091,pass,pass,0.91,Unknown,none,unknown,SME,
R003116,civicpages,2026-07-17,Sparrow Table,1529 N Ashfield Ave,Verano Bay,40426,Bayview Flats,5559252887,https://www.sparrowtable.example,Mexican,$$,3.7,1286,pass,pass,0.74,N/A,none,unknown,mid-cap,Sparrow Group
R003435,roamly,2026-07-26,The Thicket Wine Bar,4848 S Halloway St,Sundermere,40677,,555-718-5655,https://www.thicketwinebar.example,Greek,$$$,4.6,87,pass,pass,0.76,-,none,unknown,SME,
R003066,civicpages,2026-07-17,Cinder Bistro - Sunfield,914 North Mallow Road,Verano Bay,40171,Sunfield,555-808-5110,https://www.cinderbistro.example,Vietnamese,$$$,4.2,887,pass,pass,0.77,Unknown,none,unknown,mid-cap,Cinder Group
R000367,tablefind,2026-07-28,Olive & Ash House Restaurant,4456 N Quinton Boulevard,Verano Bay,40775,Harbor Point,555.267.3680,https://www.oliveashhouse.example,Steakhouse,$$,4.0,315,pass,pass,0.79,,none,unknown,SME,
R001124,dineline,2026-07-13,Nine Bridges Osteria - Stillwater,1421 North Quinton Road,Verano Bay,40261,Bayview Flats,555.201.9667,https://www.ninebridgesosteria.example,Indian,$$$,4.5,2257,pass,pass,0.84,Unknown,none,unknown,SME,
R001245,civicpages,2026-07-03,Loam Cantina,2358 S Mallow St,Verano Bay,40559,Harbor Point,+1 555 813 4789,,Vietnamese,$,3.5,1138,pass,pass,0.94,Unknown,none,unknown,SME,
R001770,bookwell,2026-07-14,Nightjar Kitchen,630 S Tarrow St,Verano Bay,40527,Old Mill,+15553574301,https://www.nightjarkitchen.example,Steakhouse,$,3.9,351,pass,pass,0.99,n/a,none,unknown,SME,
R001167,tablefind,2026-07-23,Bluebird Tavern Restaurant,377 South Wexley Ave,Verano Bay,40642,Miradero,+1 555 139 1534,https://www.bluebirdtavern.example,Mediterranean,$$$,4.8,741,pass,pass,0.81,Unknown,none,unknown,SME,
R000133,roamly,2026-07-17,THICKET OSTERIA,2866 E Ashfield Boulevard,Verano Bay,40456,Cedar Cross,555.294.0655,https://www.thicketosteria.example,Spanish,$$,4.0,749,pass,pass,0.93,UNKNOWN,none,unknown,SME,
R002906,civicpages,2026-07-05,Bramble Deli 1,5439 N Fennimore Rd,Verano Bay,40505,Sablewood,5555773021,https://www.brambledeli1.example,Vietnamese,$$$,3.9,1594,pass,fail,0.9,meridian,website_fingerprint,pass,SME,
R000974,roamly,2026-07-19,Plumb Smokehouse - Calder Park,1848 West Serra Ave,Verano Bay,40116,Calder Park,+1 555 679 4118,https://www.plumbsmokehouse.example,Japanese,$$$,3.4,1305,pass,pass,0.92,Ironclad POS,website_fingerprint,fail,SME,
R002691,atlasmaps,2026-07-28,Cobalt Counter,475 E Vance St,Verano Bay,40618,Old Mill,+15552730643,,Contemporary,$$$,4.1,464,pass,fail,0.92,unknown,none,unknown,SME,
R000515,atlasmaps,2026-07-24,Warbler Dining Room,"1108 N Mallow St, Verano Bay",Verano Bay,40529,Ashgrove,+1 555 550 0833,https://www.warblerdiningroom.example,Barbecue,$$,3.8,503,pass,pass,0.88,UNKNOWN,none,unknown,SME,
R001848,tablefind,2026-07-06,Hearth Smokehouse,7567 W Prospect Blvd,Verano Bay,40285,Lantern Hill,555.557.4813,https://www.hearthsmokehouse.example,Ethiopian,$,3.9,647,pass,pass,0.98,ironclad,website_fingerprint,fail,SME,
R000251,tablefind,2026-07-07,Juniper Supper Club Restaurant,6414 S Fennimore Ave,Verano Bay,40264,Bramble Row,+15556190462,https://www.junipersupperclub.example,Mediterranean,$$,3.4,1197,pass,pass,0.85,not found,none,unknown,SME,
R001143,roamly,2026-07-16,Foxglove Oyster Bar,5968 E Vance Blvd,Verano Bay,40493,Miradero,+1 555 667 9857,https://www.foxgloveoysterbar.example,Seafood,$$,4.6,970,pass,pass,0.79,n/a,none,unknown,SME,
R001004,roamly,2026-07-15,Zephyr Steakhouse,1181 S Bayard Rd,Verano Bay,40713,Palisade Park,+15556462220,https://www.zephyrsteakhouse.example,Steakhouse,$$$$,4.2,526,pass,pass,0.77,Cadence,website_fingerprint,fail,SME,
R001465,atlasmaps,2026-07-04,Stonecutter Cantina,3439 S Tarrow Rd,Verano Bay,40514,Ashgrove,555-350-6971,https://www.stonecuttercantina.example,Indian,$$$,3.8,986,pass,pass,0.88,N/A,none,unknown,SME,
R002082,dineline,2026-07-08,VESPER TABLE,4600 West Vance Ave,Verano Bay,40293,Sunfield,555.806.2116,https://www.vespertable.example,Korean,$$$,4.6,507,pass,pass,0.73,unknown,none,unknown,SME,
R000593,dineline,2026-07-16,Ironwood Brasserie,7953 N Calder Rd,Verano Bay,40364,Alder Heights,,https://www.ironwoodbrasserie.example,Steakhouse,$$,3.6,114,pass,pass,0.79,N/A,none,unknown,SME,
R001671,roamly,2026-07-16,Zephyr Wine Bar - Rivera District,3531 N Tarrow Street,Verano Bay,40150,Rivera District,555.764.4660,,Spanish,$$$,4.4,782,pass,pass,0.83,UNKNOWN,none,unknown,SME,
R001102,bookwell,2026-07-25,Bramble Alehouse - Harbor Point,5696 W Fennimore Road,Verano Bay,40794,Stillwater,555-692-3145,,Barbecue,$$$,4.2,1084,pass,pass,0.78,UNKNOWN,none,unknown,SME,
R000518,tablefind,2026-07-24,Understory Smokehouse,1504 W Cortez Blvd,Verano Bay,40407,Miradero,555.545.1898,https://www.understorysmokehouse.example,Ethiopian,$$$,4.2,1029,pass,pass,0.85,-,none,unknown,SME,
R003109,atlasmaps,2026-07-22,SORREL BISTRO,5147 S Bayard Ave,Verano Bay,40242,Old Mill,5554934022,https://www.sorrelbistro.example,Polish,$$$,3.6,196,pass,pass,0.85,N/A,none,unknown,mid-cap,Sorrel Group
R002072,tablefind,2026-07-22,SABLE BISTRO,"2181 N Mallow St, Verano Bay",Verano Bay,40597,Templeton,555-446-7597,https://www.sablebistro.example,Seafood,$$,4.5,1840,pass,pass,0.97,-,none,unknown,SME,
R000544,bookwell,2026-07-02,The Harrow Kitchen,"379 W Prospect Blvd, Verano Bay",Verano Bay,40119,Stillwater,5557160675,https://www.harrowkitchen.example,Thai,$,3.6,1459,pass,pass,0.81,unknown,none,unknown,SME,
R002348,bookwell,2026-07-11,Nettle Bakery,4864 N Quinton Rd,Verano Bay,40540,Alder Heights,(555) 875-9344,,Contemporary,$$,3.6,666,pass,fail,0.75,,none,unknown,SME,
R002914,atlasmaps,2026-07-01,Zephyr Juice Bar 1,4567 E Tarrow St,Verano Bay,40508,Fox Hollow,555-505-5284,https://www.zephyrjuicebar1.example,Spanish,$$,4.2,829,pass,fail,0.79,-,none,unknown,SME,
R001184,tablefind,2026-07-16,VIOLET STEAKHOUSE,3855 West Rivermead Avenue,Verano Bay,40246,Bramble Row,(555) 841-8408,https://www.violetsteakhouse.example,Spanish,$$$,4.0,1238,pass,pass,0.91,N/A,none,unknown,SME,
R000135,civicpages,2026-07-26,Rosewater Supper Club,4631 S Bayard Ave,Verano Bay,40471,Ferrymead,5555178357,https://www.rosewatersupperclub.example,Korean,$$$,4.2,932,pass,pass,0.77,not found,none,unknown,SME,
R000004,bookwell,2026-07-19,Sable Brasserie,7243 W Bayard Ave,Verano Bay,40396,Rivera District,5554672602,https://www.sablebrasserie.example,Korean,$$,3.4,1100,pass,pass,0.74,Ironclad POS,website_fingerprint,fail,mid-cap,Sable Hospitality Group
R001149,civicpages,2026-07-20,Dovetail Bistro Verano Bay,1430 N Prospect Blvd,Verano Bay,40692,Kingsway,555.715.9728,,Contemporary,$$$,3.7,443,pass,pass,0.89,UNKNOWN,none,unknown,SME,
R001456,atlasmaps,2026-07-21,Sparrow Oyster Bar,3204 S Fennimore Rd,Verano Bay,40264,Miradero,555-903-3943,https://www.sparrowoysterbar.example,Mexican,$,4.1,213,pass,pass,0.87,cadence,website_fingerprint,fail,SME,
R000624,tablefind,2026-07-06,Vesper Oyster Bar,6032 W Quinton Rd,Verano Bay,40463,Harbor Point,+15558318095,,Seafood,$$,4.5,1802,pass,pass,0.85,not found,none,unknown,SME,
R000231,atlasmaps,2026-06-30,Redbird House,3159 East Serra Boulevard,Verano Bay,40267,Old Mill,+1 555 905 4701,https://www.redbirdhouse.example,Thai,$$,4.7,1889,pass,pass,0.76,n/a,none,unknown,SME,
R002215,civicpages,2026-07-03,Foxtail Taqueria,5687 S Rivermead Rd,Verano Bay,40451,Templeton,555-295-5334,https://www.foxtailtaqueria.example,Steakhouse,$$,3.7,1691,pass,pass,0.75,-,none,unknown,SME,
R003432,civicpages,2026-07-23,Kingfisher Alehouse,1648 W Cortez Blvd,Sundermere,40690,,+15554418344,https://www.kingfisheralehouse.example,Ethiopian,$$$,3.6,388,pass,pass,0.93,meridian cloud,website_fingerprint,pass,SME,
R000399,bookwell,2026-07-20,Ember Steakhouse,2778 E Calder Blvd,Verano Bay,40160,Ashgrove,5552385772,,Contemporary,$$$,3.7,780,pass,pass,0.99,Unknown,none,unknown,SME,
R000045,dineline,2026-07-10,PRAIRIE CANTINA,4537 South Serra Ave,Verano Bay,40190,Stillwater,+15555488920,https://www.prairiecantina.example,Seafood,$,4.3,1903,pass,pass,0.89,,none,unknown,mid-cap,Prairie Table Group
R000658,atlasmaps,2026-07-21,Understory Table,975 E Ashfield St,Verano Bay,40381,Marisol,,,Barbecue,$,4.1,2090,pass,pass,0.91,-,none,unknown,SME,
R000889,dineline,2026-07-23,Kinship Kitchen Restaurant,3882 East Vance Rd,Verano Bay,40295,Greenhithe,555-149-1298,https://www.kinshipkitchen.example,Barbecue,$$$,4.5,1239,pass,pass,0.78,,none,unknown,SME,
R000389,roamly,2026-07-14,DRIFTWOOD ROOM,6802 South Quinton Avenue,Verano Bay,40602,Corvo Heights,555.510.9089,https://www.driftwoodroom.example,Ethiopian,$$$$,3.9,536,pass,pass,0.91,vellum,website_fingerprint,pass,SME,
R000416,roamly,2026-07-21,Oxbow Steakhouse,2031 S Calder Blvd,Verano Bay,40590,Bramble Row,+1 555 711 1637,,Barbecue,$$,3.8,362,pass,pass,0.83,-,none,unknown,SME,
R002583,civicpages,2026-07-05,Blue Heron Deli,6724 S Prospect Street,Verano Bay,40185,Ferrymead,(555) 380-0433,https://www.blueherondeli.example,Thai,$$$$,4.9,234,pass,fail,0.72,not found,none,unknown,SME,
R001702,civicpages,2026-07-08,Harrow Trattoria Restaurant,3605 N Fennimore Street,Verano Bay,40184,Miradero,5553967061,,Spanish,$$,3.8,611,pass,pass,0.81,N/A,none,unknown,SME,
R000553,civicpages,2026-07-01,VERDE KITCHEN,1234 North Mallow Avenue,Verano Bay,40550,Ashgrove,555.717.7751,https://www.verdekitchen.example,Ethiopian,$,3.9,1500,pass,pass,0.86,-,none,unknown,SME,
R002411,tablefind,2026-07-22,Heron Sandwich Shop,6341 S Tarrow St,Verano Bay,40726,Palisade Park,+15556265711,https://www.heronsandwichshop.example,Barbecue,$$,4.6,1568,pass,fail,0.77,not found,none,unknown,SME,
R001105,roamly,2026-07-13,Basil & Bone Wine Bar,7312 E Tarrow Blvd,Verano Bay,40568,Ashgrove,5557652605,,Spanish,$$,4.6,2144,pass,pass,0.82,not found,none,unknown,SME,
R000355,roamly,2026-07-24,Cardinal Wine Bar,4836 S Bayard Ave,Verano Bay,40422,Marisol,555-739-0365,https://www.cardinalwinebar.example,Steakhouse,$$,4.1,43,pass,pass,0.78,not found,none,unknown,SME,
R001425,civicpages,2026-07-22,Rambler House,2951 E Bayard Ave,Verano Bay,40137,Lantern Hill,555.634.6422,https://www.ramblerhouse.example,French,$$$,4.8,931,pass,pass,0.9,-,none,unknown,SME,
R000504,tablefind,2026-07-05,Marigold Brasserie,7431 N Calder Ave,Verano Bay,40442,Alder Heights,(555) 136-8598,https://www.marigoldbrasserie.example,Korean,$$,4.4,270,pass,pass,0.84,Vellum Restaurant,website_fingerprint,pass,SME,
R003199,bookwell,2026-07-04,Tallgrass Grill,2796 North Mallow St,Verano Bay,40407,Fox Hollow,555-961-8056,https://www.tallgrassgrill.example,Contemporary,$$$,3.8,127,pass,pass,0.85,n/a,none,unknown,mid-cap,Tallgrass Group
R003454,civicpages,2026-07-06,Harrow Chophouse,4990 S Cortez Rd,Sundermere,40407,,+15551704137,https://www.harrowchophouse.example,Contemporary,$$$$,4.5,765,pass,pass,0.81,unknown,none,unknown,SME,
R001813,atlasmaps,2026-07-14,Wildwood Kitchen Verano Bay,2174 S Mallow St,Verano Bay,40235,Palisade Park,555.734.2572,https://www.wildwoodkitchen.example,Japanese,$$,4.3,494,pass,pass,0.97,-,none,unknown,SME,
R000505,roamly,2026-07-03,Prairie Taqueria,2606 N Wexley St,Verano Bay,40641,Quarry End,555.988.4332,https://www.prairietaqueria.example,Indian,$$$$,4.4,451,pass,pass,0.73,UNKNOWN,none,unknown,SME,
R001843,civicpages,2026-07-15,BELLWETHER OSTERIA,"7641 S Cortez Rd, Verano Bay",Verano Bay,40491,Sunfield,5552340940,https://www.bellwetherosteria.example,Japanese,$,4.7,252,pass,pass,0.86,unknown,none,unknown,SME,
R002008,civicpages,2026-07-03,Pike Alehouse,1029 S Rivermead St,Verano Bay,40513,Ashgrove,,https://www.pikealehouse.example,French,$$$,4.1,201,pass,pass,0.84,not found,none,unknown,SME,
R003477,bookwell,2026-07-08,Hearth Kitchen,4368 N Wexley Blvd,Northmoor,40416,,5551067812,https://www.hearthkitchen.example,Greek,$$,4.5,1170,pass,pass,0.82,n/a,none,unknown,SME,
R000566,bookwell,2026-07-18,Copper Supper Club Verano Bay,7032 South Mallow Blvd,Verano Bay,40785,Harbor Point,555-326-7872,https://www.coppersupperclub.example,French,$$$$,3.8,509,pass,pass,0.95,n/a,none,unknown,SME,
R001550,roamly,2026-07-01,Cinder Smokehouse,5385 S Mallow Boulevard,Verano Bay,40714,Sablewood,555-707-9022,https://www.cindersmokehouse.example,Seafood,$$,4.2,1488,pass,pass,0.85,Unknown,none,unknown,SME,
R001507,tablefind,2026-07-16,Cardinal Room,1872 E Serra Rd,Verano Bay,40638,Ashgrove,5552787034,,Vietnamese,$$,3.4,1120,pass,pass,0.86,-,none,unknown,SME,
R001355,tablefind,2026-07-11,Foxtail Osteria Restaurant,5162 East Vance Avenue,Verano Bay,40693,Harbor Point,5554807002,,Seafood,$,4.1,473,pass,pass,0.89,N/A,none,unknown,SME,
R002763,tablefind,2026-07-15,Inkwell Sandwich Shop,4487 West Serra Boulevard,Verano Bay,40257,Corvo Heights,+15551686049,https://www.inkwellsandwichshop.example,Japanese,$$,4.1,436,pass,fail,0.93,Unknown,none,unknown,SME,
R000446,dineline,2026-06-30,Pike Wine Bar,3235 E Tarrow Blvd,Verano Bay,40490,Marisol,+15555394313,,Korean,$$$$,3.3,93,pass,pass,0.77,n/a,none,unknown,SME,
R002278,roamly,2026-06-30,Little Bear Sandwich Shop,5631 W Halloway Rd,Verano Bay,40145,Palisade Park,555-983-6685,,Japanese,$$,4.3,1425,fail,fail,0.92,unknown,none,unknown,SME,
R002552,tablefind,2026-07-19,Anchor Donuts,5365 E Tarrow Rd,Verano Bay,40441,Ashgrove,5555084436,https://www.anchordonuts.example,Korean,$$,4.7,836,fail,fail,0.9,UNKNOWN,none,unknown,SME,
R002509,bookwell,2026-07-22,Motherland Creamery,4999 W Rivermead Rd,Verano Bay,40603,Sunfield,(555) 827-6490,https://www.motherlandcreamery.example,Steakhouse,$$$,3.5,1349,fail,fail,0.92,,none,unknown,SME,
R003446,tablefind,2026-07-27,Juniper Taqueria,211 E Prospect Blvd,Kestrel Falls,40790,,555.634.1463,https://www.junipertaqueria.example,Greek,$$$$,4.8,1864,pass,pass,0.91,-,none,unknown,SME,
R002487,bookwell,2026-07-07,Harrow Kiosk,6772 S Prospect St,Verano Bay,40653,Ferrymead,+1 555 198 8874,https://www.harrowkiosk.example,Vietnamese,$$$,4.5,1299,pass,fail,0.94,,none,unknown,SME,
R001709,bookwell,2026-07-03,Thicket Brasserie,1920 S Prospect St,Verano Bay,40730,Ferrymead,+15557055210,https://www.thicketbrasserie.example,Polish,$,3.8,1029,pass,pass,0.87,n/a,none,unknown,SME,
R001360,civicpages,2026-07-10,Fernwood Dining Room,3929 E Serra St,Verano Bay,40681,Ashgrove,555-279-1211,https://www.fernwooddiningroom.example,Thai,$$$$,3.8,1884,pass,pass,0.75,UNKNOWN,none,unknown,SME,
R002110,tablefind,2026-07-13,Sixpence Taqueria,1980 S Calder St,Verano Bay,40695,Sablewood,(555) 594-9097,https://www.sixpencetaqueria.example,Korean,$$$$,4.2,20,pass,pass,0.79,Unknown,none,unknown,SME,
R002258,bookwell,2026-07-22,Sorrel To Go Restaurant,2515 S Mallow Blvd,Verano Bay,40112,Cedar Cross,555-501-3751,,Greek,$,3.4,926,pass,fail,0.96,unknown,none,unknown,SME,
R001803,dineline,2026-07-19,Wildwood Oyster Bar,3440 S Quinton Blvd,Verano Bay,40473,Kingsway,555-614-6703,,Japanese,$,4.4,1724,pass,pass,0.93,-,none,unknown,SME,
R003395,roamly,2026-07-11,Sixpence Wine Bar Verano Bay,627 E Rivermead St,Kestrel Falls,40120,,5555113040,https://www.sixpencewinebar.example,Seafood,$$$$,3.7,845,pass,pass,0.89,ironclad,website_fingerprint,fail,SME,
R002138,dineline,2026-06-30,Jackdaw Chophouse Restaurant,3415 South Bayard St,Verano Bay,40675,Miradero,555-410-4852,,Indian,$$$,3.6,887,pass,pass,0.82,,none,unknown,SME,
R002208,civicpages,2026-07-23,Yarrow Trattoria,6758 W Tarrow Ave,Verano Bay,40560,Sunfield,555-544-8886,https://www.yarrowtrattoria.example,Mediterranean,$$$,3.5,800,pass,pass,0.88,UNKNOWN,none,unknown,SME,
R001099,dineline,2026-07-27,Northbank Brasserie,2008 N Halloway Rd,Verano Bay,40642,Cedar Cross,+15551561019,https://www.northbankbrasserie.example,Mexican,$,4.4,1207,pass,pass,0.73,Ironclad POS,website_fingerprint,fail,SME,
R000854,bookwell,2026-07-27,Thistle Dining Room,7277 N Vance Road,Verano Bay,40429,Stillwater,+1 555 449 0004,https://www.thistlediningroom.example,Mediterranean,$$,4.3,899,pass,pass,0.99,N/A,none,unknown,SME,
R002805,bookwell,2026-07-01,Jackdaw Express 1 Verano Bay,4414 E Quinton Avenue,Verano Bay,40172,Stillwater,5551823892,https://www.jackdawexpress1.example,Italian,$,4.7,80,pass,fail,0.98,N/A,none,unknown,SME,
R000954,tablefind,2026-07-28,Sable House,2298 S Bayard St,Verano Bay,40207,Rivera District,,https://www.sablehouse.example,Barbecue,$$$,4.6,267,pass,pass,0.94,-,none,unknown,SME,
R000314,civicpages,2026-07-23,The Zephyr Table,1941 W Bayard Ave,Verano Bay,40249,Fox Hollow,555.631.6744,https://www.zephyrtable.example,Korean,$$,4.3,527,pass,pass,0.83,UNKNOWN,none,unknown,SME,
R000915,roamly,2026-07-03,Jackdaw Supper Club,2079 W Tarrow St,Verano Bay,40250,Miradero,5559755772,https://www.jackdawsupperclub.example,Vietnamese,$$$$,3.7,60,pass,pass,0.86,Unknown,none,unknown,SME,
R000809,atlasmaps,2026-07-17,Anchor Room,274 N Halloway St,Verano Bay,40114,Greenhithe,555.330.9758,,Seafood,$$,4.6,721,pass,pass,0.91,UNKNOWN,none,unknown,SME,
R001042,roamly,2026-07-15,Prairie House,1145 N Serra Rd,Verano Bay,40356,Stillwater,+1 555 140 0334,https://www.prairiehouse.example,Barbecue,$$,4.1,931,pass,pass,0.95,,none,unknown,SME,
R002523,bookwell,2026-07-07,TALLGRASS FOOD TRUCK,674 S Prospect Rd,Verano Bay,40138,Palisade Park,+1 555 906 7932,,Mexican,$$,3.9,542,pass,fail,0.92,n/a,none,unknown,SME,
R000155,roamly,2026-07-09,Roan Taqueria,6457 South Calder Road,Verano Bay,40672,Miradero,5555126514,https://www.roantaqueria.example,Ethiopian,$$$$,3.9,455,pass,pass,0.74,Northstar,website_fingerprint,pass,SME,
R000971,atlasmaps,2026-07-14,Foxtail Cantina,6048 W Wexley Ave,Verano Bay,40588,Sunfield,5559297546,https://www.foxtailcantina.example,Indian,$$$,4.3,756,pass,pass,0.91,N/A,none,unknown,SME,
R002863,atlasmaps,2026-07-17,Fernwood Juice Bar,2187 W Serra Blvd,Verano Bay,40754,Old Mill,5553544477,https://www.fernwoodjuicebar.example,Barbecue,$$$,4.3,1528,fail,fail,0.78,unknown,none,unknown,SME,
R001089,bookwell,2026-07-13,Tallgrass Table Restaurant,1887 North Ashfield Boulevard,Verano Bay,40329,Stillwater,(555) 114-0353,https://www.tallgrasstable.example,French,$$,3.5,1188,pass,pass,0.84,Northstar POS,website_fingerprint,pass,SME,
R002394,civicpages,2026-07-01,Zephyr Express,7659 E Mallow Ave,Verano Bay,40352,Lantern Hill,+15553641572,https://www.zephyrexpress.example,Polish,$$$$,4.4,238,fail,fail,0.9,-,none,unknown,SME,
R001375,roamly,2026-07-14,VIOLET CANTINA,1893 East Calder St,Verano Bay,40432,Miradero,+1 555 898 9534,,Italian,$$,4.3,689,pass,pass,0.77,n/a,none,unknown,SME,
R001363,atlasmaps,2026-07-01,Anchor Tavern Restaurant,6789 W Cortez Road,Verano Bay,40148,Stillwater,+15554910517,https://www.anchortavern.example,French,$$,4.6,404,pass,pass,0.78,Ironclad,website_fingerprint,fail,SME,
R003112,bookwell,2026-07-19,Kettle Tavern,292 West Rivermead Road,Verano Bay,40239,Ferrymead,555-501-3834,https://www.kettletavern.example,Peruvian,$$$$,3.6,911,pass,pass,0.76,unknown,none,unknown,mid-cap,Kettle Group
R002499,atlasmaps,2026-07-15,ROSEWATER EXPRESS,433 North Wexley Boulevard,Verano Bay,40298,Rivera District,555-725-9732,https://www.rosewaterexpress.example,Ethiopian,$$,4.8,1552,fail,fail,0.77,Cadence Station,website_fingerprint,fail,SME,
R000337,tablefind,2026-07-22,Amber Steakhouse,3476 S Calder Rd,Verano Bay,40131,Marisol,5556363079,https://www.ambersteakhouse.example,Peruvian,$$$$,4.1,495,pass,pass,0.81,UNKNOWN,none,unknown,SME,
R001345,dineline,2026-07-04,Zephyr Brasserie Restaurant,1595 W Bayard Avenue,Verano Bay,40721,Marisol,(555) 748-2588,https://www.zephyrbrasserie.example,Indian,$$$,4.3,653,pass,pass,0.86,UNKNOWN,none,unknown,SME,
R003161,tablefind,2026-07-03,Saffron House,7440 W Calder Blvd,Verano Bay,40222,Greenhithe,+1 555 382 8637,https://www.saffronhouse.example,Thai,$$,4.4,1176,pass,pass,0.98,cadence,website_fingerprint,fail,mid-cap,Saffron Group
R002439,roamly,2026-07-23,Driftwood Counter Verano Bay,4793 W Ashfield Street,Verano Bay,40637,Greenhithe,(555) 502-7699,https://www.driftwoodcounter.example,Barbecue,$$,4.6,967,pass,fail,0.86,n/a,none,unknown,SME,
R000413,roamly,2026-07-23,MARIGOLD OSTERIA,7441 N Lindmere Rd,Verano Bay,40517,Harbor Point,+15554292603,,French,$$,4.2,326,pass,pass,0.93,not found,none,unknown,SME,
R001988,dineline,2026-07-07,Mercado Tavern,5229 S Mallow St,Verano Bay,40552,Windrow,+1 555 915 6548,https://www.mercadotavern.example,Peruvian,$$,4.0,717,pass,pass,0.77,vellum,website_fingerprint,pass,SME,
R001598,tablefind,2026-07-21,The Salt & Vine Chophouse,4026 N Tarrow Boulevard,Verano Bay,40188,Corvo Heights,+1 555 186 5292,,Vietnamese,$$$,4.4,936,pass,pass,0.79,not found,none,unknown,SME,
R001736,roamly,2026-07-17,Jackdaw Table,1373 E Mallow Ave,Verano Bay,40255,Old Mill,555-296-7017,,Seafood,$$$$,4.1,1962,pass,pass,0.78,Unknown,none,unknown,SME,
R000705,atlasmaps,2026-07-26,Lantern Osteria,4945 E Fennimore Blvd,Verano Bay,40246,Greenhithe,+1 555 358 7926,https://www.lanternosteria.example,Barbecue,$$$,3.6,274,pass,pass,0.96,N/A,none,unknown,SME,
R001163,atlasmaps,2026-07-08,Wren Osteria,3451 N Fennimore St,Verano Bay,40309,Stillwater,5556198427,https://www.wrenosteria.example,Thai,$$$$,4.0,1875,pass,pass,0.84,UNKNOWN,none,unknown,SME,
R001810,dineline,2026-07-22,Tallgrass Supper Club,1347 South Serra Avenue,Verano Bay,40309,Old Mill,+15557731214,,Barbecue,$$$,3.4,272,pass,pass,0.76,n/a,none,unknown,SME,
R000380,atlasmaps,2026-06-30,Ember Cantina Verano Bay,7265 South Serra Avenue,Verano Bay,40187,Old Mill,+1 555 936 0005,https://www.embercantina.example,Korean,$$$,4.8,1477,pass,pass,0.93,UNKNOWN,none,unknown,SME,
R002909,atlasmaps,2026-07-18,Ember Counter,608 N Halloway St,Verano Bay,40210,Marisol,+1 555 343 5782,,Mediterranean,$$,3.9,230,pass,fail,0.84,,none,unknown,SME,
R002134,bookwell,2026-07-01,Alder Taqueria,6930 N Calder Rd,Verano Bay,40503,Bramble Row,+1 555 858 5963,https://www.aldertaqueria.example,Mediterranean,$$$,4.2,894,pass,pass,0.9,unknown,none,unknown,SME,
R001517,atlasmaps,2026-07-20,Marrow Steakhouse,3299 S Tarrow Rd,Verano Bay,40409,Palisade Park,555-264-6034,https://www.marrowsteakhouse.example,Barbecue,$$$,4.5,1279,pass,pass,0.96,not found,none,unknown,SME,
R001757,tablefind,2026-07-07,Copper Alehouse,6890 E Quinton St,Verano Bay,40258,Greenhithe,+15559616592,https://www.copperalehouse.example,Polish,$$,3.8,99,pass,pass,0.95,n/a,none,unknown,SME,
R001917,tablefind,2026-07-18,Blue Heron Bistro,3589 S Fennimore Ave,Verano Bay,40171,Kingsway,555-289-6044,https://www.blueheronbistro.example,Korean,$,3.6,1489,pass,pass,0.75,UNKNOWN,none,unknown,SME,
R000490,tablefind,2026-07-27,The Plumb Cantina,2826 North Cortez Rd,Verano Bay,40408,Calder Park,555.510.5113,https://www.plumbcantina.example,Steakhouse,$$$$,3.3,963,pass,pass,0.73,ironclad,website_fingerprint,fail,SME,
R002424,bookwell,2026-07-05,Violet Express,1454 S Fennimore St,Verano Bay,40243,Cedar Cross,5551935927,https://www.violetexpress.example,Japanese,$$,3.4,927,fail,fail,0.91,-,none,unknown,SME,
R001258,dineline,2026-07-21,Mercado Smokehouse,7421 E Tarrow St,Verano Bay,40134,Sablewood,5556993016,https://www.mercadosmokehouse.example,Japanese,$,3.5,2099,pass,pass,0.91,N/A,none,unknown,SME,
R000786,atlasmaps,2026-07-14,Magpie Tavern,1614 W Rivermead Ave,Verano Bay,40270,Sablewood,555-869-9421,https://www.magpietavern.example,Peruvian,$$$,4.7,967,pass,pass,0.96,n/a,none,unknown,SME,
R003470,tablefind,2026-07-07,Loam Grill,2676 W Lindmere Ave,Calla Ridge,40726,,5559258319,https://www.loamgrill.example,Steakhouse,$$$,3.8,862,pass,pass,0.8,N/A,none,unknown,SME,
R002493,dineline,2026-07-23,Anchor Coffee,7799 W Vance St,Verano Bay,40740,Corvo Heights,555.612.9008,https://www.anchorcoffee.example,Peruvian,$$$,4.4,373,fail,fail,0.81,,none,unknown,SME,
R000772,roamly,2026-07-21,Dovetail Oyster Bar Restaurant,2211 W Fennimore Rd,Verano Bay,40657,Calder Park,555.128.7262,https://www.dovetailoysterbar.example,French,$$,3.9,1261,pass,pass,0.78,not found,none,unknown,SME,
R002781,atlasmaps,2026-07-07,Stonecutter Express,7046 North Halloway St,Verano Bay,40415,Marisol,+15555689865,https://www.stonecutterexpress.example,Japanese,$$$,4.1,1370,fail,fail,0.95,N/A,none,unknown,SME,
R001622,bookwell,2026-07-27,OXBOW TAQUERIA,560 W Prospect Blvd,Verano Bay,40494,Lantern Hill,+1 555 419 1309,https://www.oxbowtaqueria.example,Vietnamese,$$,3.6,413,pass,pass,0.9,UNKNOWN,none,unknown,SME,
R000066,civicpages,2026-07-25,Verde Y Mar Grill,6381 N Vance Ave,Verano Bay,40639,Calder Park,555.224.9356,https://www.verdeymargrill.example,Polish,$$$$,3.7,809,pass,pass,0.88,Cadence,website_fingerprint,fail,SME,
R001227,tablefind,2026-07-05,Halcyon Tavern,713 E Serra Ave,Verano Bay,40688,Fox Hollow,+15552933447,https://www.halcyontavern.example,Greek,$,4.6,548,pass,pass,0.97,Unknown,none,unknown,SME,
R002956,bookwell,2026-07-19,Wren Deli 1 Verano Bay,7681 N Fennimore Avenue,Verano Bay,40595,Corvo Heights,555.618.4711,https://www.wrendeli1.example,Seafood,$$$,3.9,1324,fail,fail,0.91,rivet,website_fingerprint,fail,SME,
R001115,bookwell,2026-07-05,Heron House,1781 N Fennimore Rd,Verano Bay,40660,Cedar Cross,+15556444032,https://www.heronhouse.example,Greek,$$$,3.9,1074,pass,pass,0.84,unknown,none,unknown,SME,
R001138,roamly,2026-07-27,COBALT BRASSERIE,"3698 S Lindmere Blvd, Verano Bay",Verano Bay,40357,Miradero,+15552011055,https://www.cobaltbrasserie.example,Greek,$$$$,3.8,1215,pass,pass,0.88,-,none,unknown,SME,
R002065,atlasmaps,2026-07-14,Magpie Room,5955 W Quinton Rd,Verano Bay,40606,Cedar Cross,5553273749,https://www.magpieroom.example,Thai,$$$$,4.4,1867,pass,pass,0.83,Unknown,none,unknown,SME,
R001964,dineline,2026-07-12,Persimmon Alehouse,757 W Ashfield Rd,Verano Bay,40729,Ashgrove,5551419563,https://www.persimmonalehouse.example,Peruvian,$$,4.8,543,pass,pass,0.91,vellum pos,website_fingerprint,pass,SME,
R001790,roamly,2026-07-13,Warbler Osteria Restaurant,2685 West Mallow Avenue,Verano Bay,40633,Sablewood,555.523.7636,https://www.warblerosteria.example,Spanish,$$$,4.1,1573,pass,pass,0.78,n/a,none,unknown,SME,
R001340,dineline,2026-07-10,Roan Bistro,6881 North Tarrow Street,Verano Bay,40375,Calder Park,5556225686,https://www.roanbistro.example,Contemporary,$$,4.0,445,pass,pass,0.97,rivet,website_fingerprint,fail,SME,
R000476,tablefind,2026-07-09,Saffron Bistro,"770 S Tarrow Ave, Verano Bay",Verano Bay,40328,Sunfield,+1 555 776 2023,https://www.saffronbistro.example,French,$$$,4.5,1179,pass,pass,0.76,,none,unknown,SME,
R002737,atlasmaps,2026-06-30,Sixpence Deli,727 W Bayard Blvd,Verano Bay,40486,Greenhithe,+1 555 623 1825,https://www.sixpencedeli.example,Contemporary,$$$$,4.4,512,pass,fail,0.8,-,none,unknown,SME,
R001806,bookwell,2026-07-10,Wren Dining Room,1070 N Vance Rd,Verano Bay,40621,Lantern Hill,+1 555 568 4293,https://www.wrendiningroom.example,Vietnamese,$$$,4.1,1122,pass,pass,0.94,not found,none,unknown,SME,
R000277,dineline,2026-07-21,Lantern Trattoria,1359 E Vance St,Verano Bay,40719,Greenhithe,+15556271425,https://www.lanterntrattoria.example,Polish,$,4.5,584,pass,pass,0.93,Unknown,none,unknown,SME,
R002822,atlasmaps,2026-07-08,The Harrow Creamery,3541 W Wexley Boulevard,Verano Bay,40391,Bayview Flats,+1 555 521 3346,,Mediterranean,$$,4.1,302,pass,fail,0.74,UNKNOWN,none,unknown,SME,
R003455,bookwell,2026-07-13,Olive & Ash Steakhouse,2608 N Prospect Blvd,Northmoor,40298,,+1 555 630 0971,https://www.oliveashsteakhouse.example,Barbecue,$$$,3.4,572,pass,pass,0.9,,none,unknown,SME,
R002688,atlasmaps,2026-07-23,Blue Heron Food Truck,4123 North Mallow Boulevard,Verano Bay,40347,Bramble Row,+1 555 247 6012,,Indian,$$$$,3.5,136,pass,fail,0.8,N/A,none,unknown,SME,
R001592,dineline,2026-07-04,Cinder Trattoria,6842 N Wexley Blvd,Verano Bay,40386,Fox Hollow,555.183.9308,https://www.cindertrattoria.example,Mexican,$$$,4.0,553,pass,pass,0.73,N/A,none,unknown,SME,
R002925,roamly,2026-07-15,Basil & Bone To Go,"6620 N Rivermead Rd, Verano Bay",Verano Bay,40434,Templeton,+1 555 206 6682,,Mexican,$$$,3.8,243,pass,fail,0.89,-,none,unknown,SME,
R002028,dineline,2026-07-07,Pike Chophouse,1148 N Bayard St,Verano Bay,40498,Alder Heights,5553892581,,Barbecue,$$,3.5,93,pass,pass,0.76,n/a,none,unknown,SME,
R000920,atlasmaps,2026-06-30,Olive & Ash Dining Room,4513 S Mallow Blvd,Verano Bay,40116,Bramble Row,+15558212080,https://www.oliveashdiningroom.example,Thai,$$,4.7,604,pass,pass,0.84,unknown,none,unknown,SME,
R002864,dineline,2026-07-16,Yarrow Donuts,3691 N Quinton Blvd,Verano Bay,40186,Old Mill,555-839-4390,https://www.yarrowdonuts.example,Mexican,$$,4.3,566,fail,fail,0.88,UNKNOWN,none,unknown,SME,
R000751,bookwell,2026-07-22,Wren Oyster Bar Verano Bay,2342 N Serra Road,Verano Bay,40790,Palisade Park,+1 555 495 4355,https://www.wrenoysterbar.example,Contemporary,$$,4.3,220,pass,pass,0.92,Ironclad POS,website_fingerprint,fail,SME,
R001549,dineline,2026-07-17,Cinder Smokehouse - Palisade Park,5385 S Mallow Blvd,Verano Bay,40724,Sablewood,,https://www.cindersmokehouse.example,Seafood,$$,4.3,1461,pass,pass,0.85,Rivet Pay,website_fingerprint,fail,SME,
R000189,atlasmaps,2026-06-30,Bluebird Kitchen,4386 N Ashfield Rd,Verano Bay,40177,Templeton,+1 555 197 1152,https://www.bluebirdkitchen.example,Seafood,$$$$,3.7,413,pass,pass,0.97,UNKNOWN,none,unknown,SME,
R002839,atlasmaps,2026-07-17,Hearth Food Truck,5580 W Cortez Street,Verano Bay,40259,Harbor Point,5552090782,https://www.hearthfoodtruck.example,Italian,$,3.8,136,fail,fail,0.77,Ironclad,website_fingerprint,fail,SME,
R000558,atlasmaps,2026-07-09,Nettle Wine Bar,1605 S Cortez Rd,Verano Bay,40748,Bramble Row,+15555155154,https://www.nettlewinebar.example,Polish,$,4.2,1064,pass,pass,0.92,Unknown,none,unknown,SME,
R000377,dineline,2026-07-21,Hearth Table Restaurant,5270 North Tarrow St,Verano Bay,40176,Alder Heights,+15554597720,https://www.hearthtable.example,Seafood,$,3.9,1378,pass,pass,0.93,unknown,none,unknown,SME,
R001755,atlasmaps,2026-07-13,Understory Room - Fox Hollow,6370 East Fennimore Avenue,Verano Bay,40673,Greenhithe,5552833537,https://www.understoryroom.example,Vietnamese,$$$,3.7,351,pass,pass,0.94,CADENCE,website_fingerprint,fail,SME,
R001319,bookwell,2026-07-06,Roan Oyster Bar,6651 S Rivermead St,Verano Bay,40639,Sablewood,555-257-1205,https://www.roanoysterbar.example,Vietnamese,$,4.7,1657,pass,pass,0.95,,none,unknown,SME,
R002661,bookwell,2026-07-24,Thicket Donuts - Bayview Flats,4330 West Prospect Street,Verano Bay,40784,Cedar Cross,555.171.3594,https://www.thicketdonuts.example,Greek,$$,3.4,1068,pass,fail,0.9,n/a,none,unknown,SME,
R001611,bookwell,2026-06-30,Umber Supper Club,4196 West Ashfield Ave,Verano Bay,40173,Miradero,+15555720830,,Korean,$$,4.0,519,pass,pass,0.74,not found,none,unknown,SME,
R001384,civicpages,2026-07-06,Thistle Chophouse - Bramble Row,7471 West Prospect Street,Verano Bay,40272,Ferrymead,+15551781499,https://www.thistlechophouse.example,Mediterranean,$$$,3.8,1169,pass,pass,0.84,,none,unknown,SME,
R000745,tablefind,2026-07-22,Juniper Kitchen,1394 E Quinton Rd,Verano Bay,40524,Rivera District,555-318-7327,,Vietnamese,$$$$,4.5,1484,pass,pass,0.74,unknown,none,unknown,SME,
R002280,dineline,2026-07-19,Wren To Go Verano Bay,3724 South Prospect Street,Verano Bay,40477,Alder Heights,+1 555 832 5134,https://www.wrentogo.example,Contemporary,$,3.8,1188,pass,fail,0.93,,none,unknown,SME,
R001720,civicpages,2026-07-13,MAGPIE TABLE,3663 W Lindmere Street,Verano Bay,40196,Fox Hollow,+15554220907,https://www.magpietable.example,Polish,$$$,3.8,1565,pass,pass,0.99,-,none,unknown,SME,
R001170,dineline,2026-07-14,Bellwether Steakhouse,5432 West Halloway Boulevard,Verano Bay,40556,Old Mill,555-409-6067,https://www.bellwethersteakhouse.example,French,$$$$,4.2,61,pass,pass,0.83,Ironclad,website_fingerprint,fail,SME,
R002982,civicpages,2026-07-01,Pike Bakery 1,4308 W Fennimore Ave,Verano Bay,40674,Harbor Point,+1 555 597 8410,,Indian,$$$,4.1,798,pass,fail,0.89,n/a,none,unknown,SME,
R002536,atlasmaps,2026-07-12,Larkspur Donuts,3523 S Fennimore Blvd,Verano Bay,40761,Palisade Park,+1 555 147 3921,,Polish,$$$$,3.8,380,fail,fail,0.77,,none,unknown,SME,
R000194,roamly,2026-07-05,Palisade Cantina - Lantern Hill,"2319 E Prospect St, Verano Bay",Verano Bay,40606,Cedar Cross,(555) 366-2915,https://www.palisadecantina.example,Thai,$$$,4.0,294,pass,pass,0.94,not found,none,unknown,SME,
R000799,dineline,2026-07-25,Rosewater Trattoria - Lantern Hill,7472 W Vance Rd,Verano Bay,40339,Miradero,555.957.6208,https://www.rosewatertrattoria.example,Vietnamese,$$,3.8,913,pass,pass,0.88,,none,unknown,SME,
R000816,tablefind,2026-07-25,Ironwood Grill,6009 W Tarrow Blvd,Verano Bay,40563,Templeton,+1 555 134 5738,,Vietnamese,$$,3.9,69,pass,pass,0.99,not found,none,unknown,SME,
R000988,roamly,2026-07-25,The Nettle House,"3668 E Quinton Blvd, Verano Bay",Verano Bay,40114,Sablewood,555-496-9540,https://www.nettlehouse.example,Vietnamese,$$$,3.6,2244,pass,pass,0.98,not found,none,unknown,SME,
R000254,roamly,2026-07-11,Verde Bistro Restaurant,828 S Serra Blvd,Verano Bay,40356,Bramble Row,555.799.5761,https://www.verdebistro.example,Vietnamese,$$$$,3.5,1555,pass,pass,0.78,UNKNOWN,none,unknown,SME,
R002699,atlasmaps,2026-07-01,Palisade Donuts,1667 N Cortez Ave,Verano Bay,40126,Sunfield,555.821.0405,,Polish,$$$$,4.0,1268,fail,fail,0.8,Unknown,none,unknown,SME,
R001063,tablefind,2026-07-22,Fallowfield Dining Room Verano Bay,7651 W Serra Blvd,Verano Bay,40234,Kingsway,555-275-2673,https://www.fallowfielddiningroom.example,Italian,$,3.3,829,pass,pass,0.73,n/a,none,unknown,SME,
R001911,bookwell,2026-07-08,Foxglove Tavern - Palisade Park,1908 N Calder Avenue,Verano Bay,40174,Templeton,555-601-9822,https://www.foxglovetavern.example,Thai,$$,3.9,785,pass,pass,0.74,n/a,none,unknown,SME,
R000626,roamly,2026-07-11,VESPER OYSTER BAR,6032 W Quinton Rd,Verano Bay,40752,Harbor Point,555-831-8095,,Seafood,$$,4.2,1994,pass,pass,0.98,UNKNOWN,none,unknown,SME,
R000375,roamly,2026-07-03,Amber Bistro,1446 N Mallow Rd,Verano Bay,40531,Rivera District,555.607.2494,https://www.amberbistro.example,Barbecue,$$$,4.4,35,pass,pass,0.91,UNKNOWN,none,unknown,SME,
R002423,roamly,2026-07-05,NORTHBANK CAFE,6848 W Quinton Ave,Verano Bay,40570,Miradero,555.173.4476,,Polish,$$$,3.5,1359,pass,fail,0.75,n/a,none,unknown,SME,
R000913,tablefind,2026-07-02,The Salt & Vine Bistro,7818 E Ashfield Blvd,Verano Bay,40772,Lantern Hill,+1 555 423 0259,https://www.saltvinebistro.example,Italian,$$,4.3,882,pass,pass,0.85,n/a,none,unknown,SME,
R000953,civicpages,2026-07-21,Tin Roof Osteria,7482 W Tarrow Rd,Verano Bay,40157,Harbor Point,+1 555 364 2088,https://www.tinroofosteria.example,Mexican,$$$,4.1,1695,pass,pass,0.8,not found,none,unknown,SME,
R001834,tablefind,2026-07-05,Kingfisher Grill,6165 S Bayard Street,Verano Bay,40508,Alder Heights,(555) 951-8618,https://www.kingfishergrill.example,Ethiopian,$$$,4.3,1016,pass,pass,0.75,unknown,none,unknown,SME,
R000205,roamly,2026-07-25,Olive & Ash Grill,5047 W Halloway Rd,Verano Bay,40603,Palisade Park,5559695652,https://www.oliveashgrill.example,Thai,$,3.6,300,pass,pass,0.92,n/a,none,unknown,SME,
R000697,dineline,2026-07-06,Violet Room,6942 N Wexley Rd,Verano Bay,40717,Rivera District,(555) 938-3686,https://www.violetroom.example,Mexican,$$,4.1,1198,pass,pass,0.76,Unknown,none,unknown,SME,
R003133,civicpages,2026-07-17,Cinder Table,5106 W Bayard St,Verano Bay,40782,Alder Heights,555.559.4833,https://www.cindertable.example,Spanish,$$$,4.5,1768,pass,pass,0.91,not found,none,unknown,mid-cap,Cinder Group
R000336,tablefind,2026-07-04,Cardinal Grill Verano Bay,3900 East Cortez Avenue,Verano Bay,40385,Old Mill,5559937383,https://www.cardinalgrill.example,Greek,$$,3.6,1056,pass,pass,0.73,ironcladpos,website_fingerprint,fail,SME,
R001204,dineline,2026-07-28,Halcyon House,790 S Bayard Blvd,Verano Bay,40463,Harbor Point,555.265.9233,https://www.halcyonhouse.example,Mexican,$$$$,3.7,413,pass,pass,0.88,N/A,none,unknown,SME,
R003011,tablefind,2026-07-25,Cobalt Food Truck 1,7273 N Vance Rd,Verano Bay,40381,Palisade Park,+1 555 705 9065,,Steakhouse,$,4.1,2296,fail,fail,0.83,unknown,none,unknown,SME,
R001194,atlasmaps,2026-07-15,Nightjar Room,7968 N Calder St,Verano Bay,40666,Cedar Cross,+1 555 381 2522,https://www.nightjarroom.example,French,$$,4.0,392,pass,pass,0.91,N/A,none,unknown,SME,
R002001,atlasmaps,2026-07-26,Little Bear Cantina,4759 W Quinton St,Verano Bay,40782,Lantern Hill,555.116.9646,https://www.littlebearcantina.example,Thai,$$,4.9,2256,pass,pass,0.83,unknown,none,unknown,SME,
R001515,roamly,2026-07-09,Plumb Supper Club,7093 S Serra Blvd,Verano Bay,40137,Sunfield,(555) 421-2967,https://www.plumbsupperclub.example,Indian,$$,3.9,1116,pass,pass,0.77,,none,unknown,SME,
R002236,dineline,2026-07-13,Sparrow Tavern,1824 E Serra Rd,Verano Bay,40158,Stillwater,555.383.5187,,Mediterranean,$$$,4.9,415,pass,pass,0.73,Unknown,none,unknown,SME,
R001994,bookwell,2026-07-21,Larkspur Cantina - Templeton,2826 N Calder Street,Verano Bay,40134,Sablewood,5553703382,https://www.larkspurcantina.example,Seafood,$$,4.5,654,pass,pass,0.84,saltbox,website_fingerprint,fail,SME,
R003394,bookwell,2026-07-18,Sixpence Wine Bar,627 E Rivermead St,Kestrel Falls,40512,,+15555113040,https://www.sixpencewinebar.example,Seafood,$$$$,3.7,1116,pass,pass,0.77,ironcladpos,website_fingerprint,fail,SME,
R002133,civicpages,2026-07-22,Cobalt Tavern,6809 E Ashfield Rd,Verano Bay,40200,Bayview Flats,+15558979124,https://www.cobalttavern.example,Peruvian,$$,3.9,1861,pass,pass,0.93,unknown,none,unknown,SME,
R001260,tablefind,2026-07-07,Mercado Smokehouse,7421 E Tarrow St,Verano Bay,40475,Sablewood,555.699.3016,https://www.mercadosmokehouse.example,Japanese,$,3.6,2029,pass,pass,0.91,VELLUM,website_fingerprint,pass,SME,
R003163,dineline,2026-07-02,Bluebird Dining Room,1982 W Serra Ave,Verano Bay,40746,Bayview Flats,+1 555 244 8281,https://www.bluebirddiningroom.example,Indian,$$,3.7,911,pass,pass,0.75,Unknown,none,unknown,mid-cap,Bluebird Group
R003372,roamly,2026-07-20,Persimmon Cantina,1773 W Quinton Ave,Verano Bay,40197,Cedar Cross,+1 555 471 3993,https://www.persimmoncantina.example,Barbecue,$$$,4.8,634,pass,pass,0.93,Cadence Station,website_fingerprint,fail,large,Persimmon Inc
R002862,civicpages,2026-07-08,Basil & Bone Food Truck,1643 S Ashfield Ave,Verano Bay,40460,Palisade Park,+15554045710,https://www.basilbonefoodtruck.example,Barbecue,$$$,4.3,851,fail,fail,0.76,not found,none,unknown,SME,
R002858,roamly,2026-07-07,Prairie To Go,6628 N Calder Blvd,Verano Bay,40217,Miradero,+1 555 714 3959,https://www.prairietogo.example,Mexican,$$$,4.2,1041,fail,fail,0.83,Unknown,none,unknown,SME,
R003007,civicpages,2026-07-06,Inkwell Kiosk,1100 W Wexley Blvd,Verano Bay,40521,Quarry End,5553166052,https://www.inkwellkiosk.example,Contemporary,$$$,3.5,807,fail,fail,0.79,IRONCLAD,website_fingerprint,fail,SME,
R001048,tablefind,2026-07-07,Anchor Oyster Bar,159 W Calder Ave,Verano Bay,40309,Calder Park,(555) 406-1897,https://www.anchoroysterbar.example,Ethiopian,$,3.4,845,pass,pass,0.98,Meridian Server,website_fingerprint,pass,SME,
R003002,atlasmaps,2026-06-30,Ironwood Sandwich Shop,5562 S Mallow St,Verano Bay,40384,Stillwater,(555) 368-1296,https://www.ironwoodsandwichshop.example,Contemporary,$$$$,4.1,751,pass,fail,0.75,-,none,unknown,SME,
R001633,dineline,2026-07-15,Inkwell Supper Club,4227 East Wexley Avenue,Verano Bay,40498,Greenhithe,555.341.9352,https://www.inkwellsupperclub.example,Greek,$$$,4.1,493,pass,pass,0.92,-,none,unknown,SME,
R002231,dineline,2026-07-14,Amber Table,2464 W Rivermead Blvd,Verano Bay,40317,Old Mill,5557899280,https://www.ambertable.example,Vietnamese,$$,4.7,248,pass,pass,0.84,,none,unknown,SME,
R001409,tablefind,2026-07-25,Rookery Kitchen,2014 E Fennimore Blvd,Verano Bay,40126,Greenhithe,555.647.2873,https://www.rookerykitchen.example,Seafood,$$,3.5,1485,pass,pass,0.95,not found,none,unknown,SME,
R002807,atlasmaps,2026-07-28,Cobalt Coffee,586 S Serra Ave,Verano Bay,40131,Ashgrove,5552362343,https://www.cobaltcoffee.example,Seafood,$,4.7,1030,pass,fail,0.89,Unknown,none,unknown,SME,
R001202,tablefind,2026-07-19,Umber Brasserie,4028 West Rivermead Boulevard,Verano Bay,40270,Calder Park,(555) 494-3814,https://www.umberbrasserie.example,Contemporary,$$,3.6,496,pass,pass,0.88,-,none,unknown,SME,
R002158,atlasmaps,2026-07-04,Fallowfield Oyster Bar,"6524 W Lindmere St, Verano Bay",Verano Bay,40377,Windrow,+15557878358,https://www.fallowfieldoysterbar.example,Barbecue,$$,3.8,638,pass,pass,0.84,VELLUM,website_fingerprint,pass,SME,
R002687,bookwell,2026-07-09,Blue Heron Food Truck,4123 N Mallow Blvd,Verano Bay,40607,Bramble Row,555.247.6012,,Indian,$$$$,3.5,140,pass,fail,0.89,not found,none,unknown,SME,
R003255,dineline,2026-07-09,Salt & Vine Room,4754 N Mallow Rd,Verano Bay,40189,Corvo Heights,555-610-0672,https://www.saltvineroom.example,Thai,$$$$,4.3,1072,pass,pass,0.88,-,none,unknown,mid-cap,Salt Group
R003233,tablefind,2026-07-12,Warbler Wine Bar,3831 S Serra St,Verano Bay,40492,Palisade Park,555-614-6957,https://www.warblerwinebar.example,Mediterranean,$$,3.6,1598,pass,pass,0.77,-,none,unknown,mid-cap,Warbler Group
R002945,roamly,2026-07-03,Sixpence Food Truck,6176 W Halloway Rd,Verano Bay,40490,Lantern Hill,,,Barbecue,$$$$,3.5,272,pass,fail,0.83,UNKNOWN,none,unknown,SME,
R002752,bookwell,2026-07-09,Kingfisher Kiosk,6157 E Prospect Ave,Verano Bay,40149,Greenhithe,(555) 166-3991,,Contemporary,$$$,4.7,613,fail,fail,0.99,n/a,none,unknown,SME,
R000002,tablefind,2026-06-30,Sable Trattoria,1474 W Fennimore Avenue,Verano Bay,40557,Miradero,555-161-5414,https://www.sabletrattoria.example,Peruvian,$$,4.0,1064,pass,pass,0.97,not found,none,unknown,mid-cap,Sable Hospitality Group
R002922,roamly,2026-07-14,ROSEWATER BOBA,"4572 S Lindmere Ave, Verano Bay",Verano Bay,40116,Quarry End,5556369654,https://www.rosewaterboba.example,Peruvian,$,4.6,194,pass,fail,0.88,,none,unknown,SME,
R001229,tablefind,2026-07-26,Tin Roof Brasserie,1913 S Fennimore St,Verano Bay,40431,Alder Heights,(555) 660-0310,https://www.tinroofbrasserie.example,Mediterranean,$,4.7,855,pass,pass,0.74,N/A,none,unknown,SME,
R002673,civicpages,2026-07-07,Larkspur Counter,5022 W Cortez Rd,Verano Bay,40156,Kingsway,,,Greek,$$,4.5,738,fail,fail,0.87,not found,none,unknown,SME,
R002921,bookwell,2026-07-26,Rosewater Boba,4572 S Lindmere Ave,Verano Bay,40500,Quarry End,5556369654,https://www.rosewaterboba.example,Peruvian,$,4.5,234,fail,fail,0.73,N/A,none,unknown,SME,
R001286,bookwell,2026-07-04,Foxglove Dining Room,5735 E Lindmere St,Verano Bay,40323,Sablewood,+15552098035,,Mexican,$$$$,3.6,1227,pass,pass,0.88,UNKNOWN,none,unknown,SME,
R003205,bookwell,2026-07-01,Alder Wine Bar - Bramble Row,3708 N Prospect Street,Verano Bay,40673,Alder Heights,555-886-3833,https://www.alderwinebar.example,Italian,$$,4.0,1018,pass,pass,0.97,meridian cloud,website_fingerprint,pass,mid-cap,Alder Group
R000003,bookwell,2026-07-12,SABLE TRATTORIA,1474 W Fennimore Ave,Verano Bay,40520,Miradero,+1 555 161 5414,https://www.sabletrattoria.example,Peruvian,$$,3.9,951,pass,pass,0.93,N/A,none,unknown,mid-cap,Sable Hospitality Group
R000765,tablefind,2026-07-15,Wren Cantina,4889 N Wexley Ave,Verano Bay,40259,Sunfield,5555136215,,Vietnamese,$,4.7,1625,pass,pass,0.97,Unknown,none,unknown,SME,
R001436,roamly,2026-07-13,Magpie Oyster Bar,4255 W Halloway Avenue,Verano Bay,40645,Greenhithe,+1 555 143 8322,https://www.magpieoysterbar.example,Peruvian,$$$$,3.4,1979,pass,pass,0.78,-,none,unknown,SME,
R000810,civicpages,2026-07-26,Sixpence Table,7904 S Lindmere Blvd,Verano Bay,40430,Ferrymead,555-858-2367,https://www.sixpencetable.example,Peruvian,$$$,3.7,806,pass,pass,0.86,N/A,none,unknown,SME,
R000087,civicpages,2026-07-01,Bramble Wine Bar,827 S Halloway St,Verano Bay,40179,Rivera District,+15556997998,https://www.bramblewinebar.example,Vietnamese,$$$,4.3,312,pass,pass,0.92,,none,unknown,SME,
R001382,roamly,2026-07-04,Thistle Chophouse,7471 W Prospect St,Verano Bay,40523,Ferrymead,+1 555 178 1499,https://www.thistlechophouse.example,Mediterranean,$$$,3.9,840,pass,pass,0.95,cadence,website_fingerprint,fail,SME,
R003422,civicpages,2026-06-30,Hearth Steakhouse,467 N Serra St,Northmoor,40438,,(555) 934-2054,https://www.hearthsteakhouse.example,French,$$$,4.9,1296,pass,pass,0.95,-,none,unknown,SME,
R001336,dineline,2026-07-15,Thistle Bistro,1341 East Lindmere Street,Verano Bay,40634,Cedar Cross,+15556998106,https://www.thistlebistro.example,Japanese,$$,3.8,546,pass,pass,0.86,,none,unknown,SME,
R000219,atlasmaps,2026-07-27,Vesper Supper Club,5351 N Calder Blvd,Verano Bay,40614,Sunfield,555-268-5490,https://www.vespersupperclub.example,Seafood,$,4.6,864,pass,pass,0.73,n/a,none,unknown,SME,
R000113,roamly,2026-07-24,Bellwether Chophouse,5580 E Halloway Ave,Verano Bay,40125,Bayview Flats,5557283254,https://www.bellwetherchophouse.example,Contemporary,$$$,4.3,1325,pass,pass,0.99,IRONCLAD,website_fingerprint,fail,SME,
R002794,roamly,2026-07-25,Northbank Boba,2166 S Bayard Rd,Verano Bay,40551,Cedar Cross,5557530509,,Thai,$$$,4.3,68,fail,fail,0.75,N/A,none,unknown,SME,
R001482,civicpages,2026-07-09,Tin Roof Oyster Bar - Fox Hollow,7772 N Tarrow Boulevard,Verano Bay,40716,Cedar Cross,(555) 506-8666,https://www.tinroofoysterbar.example,Mediterranean,$$,3.9,1208,pass,pass,0.91,VELLUM,website_fingerprint,pass,SME,
R000578,roamly,2026-07-23,Persimmon Dining Room,6330 E Prospect Ave,Verano Bay,40231,Bayview Flats,555-640-0286,https://www.persimmondiningroom.example,Vietnamese,$$$,4.4,514,pass,pass,0.77,N/A,none,unknown,SME,
R002269,bookwell,2026-07-15,Cardinal Juice Bar 1,5939 W Quinton Rd,Verano Bay,40349,Alder Heights,+15555562775,https://www.cardinaljuicebar1.example,Mediterranean,$$$,4.4,39,pass,fail,0.89,,none,unknown,SME,
R001429,dineline,2026-07-18,Bellwether Trattoria - Ferrymead,5870 S Serra Ave,Verano Bay,40703,Windrow,(555) 561-5616,https://www.bellwethertrattoria.example,Peruvian,$$,3.8,1270,pass,pass,0.95,UNKNOWN,none,unknown,SME,
R002381,atlasmaps,2026-07-27,Vesper Juice Bar,4553 E Ashfield Rd,Verano Bay,40103,Ferrymead,(555) 491-3725,,Thai,$,3.6,1842,pass,fail,0.84,N/A,none,unknown,SME,
R000966,atlasmaps,2026-07-19,Nine Bridges Smokehouse,6662 N Rivermead Blvd,Verano Bay,40495,Corvo Heights,555.724.0139,https://www.ninebridgessmokehouse.example,Mediterranean,$,4.1,1357,pass,pass,0.83,cadence flex,website_fingerprint,fail,SME,
R002606,dineline,2026-07-17,Prairie Deli,5151 N Calder Blvd,Verano Bay,40273,Marisol,555.791.5596,,Seafood,$$,4.4,810,pass,fail,0.99,,none,unknown,SME,
R003238,atlasmaps,2026-07-22,The Tidewater House,5546 W Cortez Blvd,Verano Bay,40784,Greenhithe,+15555220953,https://www.tidewaterhouse.example,Peruvian,$$$$,4.1,1675,pass,pass,0.81,N/A,none,unknown,mid-cap,Tidewater Group
R001274,bookwell,2026-07-22,Inkwell Cantina,4732 N Calder Ave,Verano Bay,40101,Bramble Row,+1 555 478 8602,https://www.inkwellcantina.example,Steakhouse,$$$,3.8,25,pass,pass,0.73,Meridian,website_fingerprint,pass,SME,
R000236,tablefind,2026-07-28,Wren House,1069 S Fennimore Avenue,Verano Bay,40333,Greenhithe,(555) 342-4888,https://www.wrenhouse.example,Mexican,$$,4.2,1010,pass,pass,0.91,UNKNOWN,none,unknown,SME,
R000266,atlasmaps,2026-07-01,Basil & Bone Grill - Palisade Park,767 E Bayard Avenue,Verano Bay,40315,Sunfield,555-602-9528,https://www.basilbonegrill.example,Barbecue,$,3.5,766,pass,pass,0.9,n/a,none,unknown,SME,
R002722,bookwell,2026-07-27,Understory Coffee,3799 E Mallow St,Verano Bay,40259,Fox Hollow,555-658-9953,https://www.understorycoffee.example,Barbecue,$$$,4.8,490,fail,fail,0.93,northstar,website_fingerprint,pass,SME,
R002947,dineline,2026-07-10,Sixpence Food Truck,6176 W Halloway Rd,Verano Bay,40317,Lantern Hill,5556242028,,Barbecue,$$$$,3.6,287,fail,fail,0.85,,none,unknown,SME,
R001825,atlasmaps,2026-07-02,Bluebird Wine Bar,4880 W Rivermead Ave,Verano Bay,40365,Quarry End,+15559018245,https://www.bluebirdwinebar.example,Steakhouse,$$,4.0,835,pass,pass,0.94,not found,none,unknown,SME,
R001704,civicpages,2026-07-10,Mercado Alehouse,6679 S Calder Rd,Verano Bay,40693,Templeton,+15554003193,https://www.mercadoalehouse.example,Indian,$$$,4.6,282,pass,pass,0.85,n/a,none,unknown,SME,
R001576,bookwell,2026-07-02,Larkspur Tavern,1326 E Halloway Ave,Verano Bay,40749,Miradero,555.297.2393,https://www.larkspurtavern.example,Greek,$$$$,3.8,1354,pass,pass,0.79,,none,unknown,SME,
R000486,tablefind,2026-07-01,Amber Alehouse,1485 S Calder St,Verano Bay,40315,Templeton,+1 555 870 7359,https://www.amberalehouse.example,Seafood,$$$,3.6,94,pass,pass,0.92,n/a,none,unknown,SME,
R001784,tablefind,2026-07-24,Nettle Dining Room,4238 W Rivermead Blvd,Verano Bay,40367,Kingsway,5556469556,https://www.nettlediningroom.example,Spanish,$$$,4.1,321,pass,pass,0.99,not found,none,unknown,SME,
R003449,tablefind,2026-07-05,Marigold Trattoria,7376 W Lindmere Blvd,Northmoor,40287,,555.201.1252,https://www.marigoldtrattoria.example,Spanish,$$$$,4.5,1566,pass,pass,0.83,Orbit POS,website_fingerprint,pass,SME,
R002097,atlasmaps,2026-07-11,Basil & Bone Alehouse,5433 W Fennimore St,Verano Bay,40445,Alder Heights,555.469.0835,,Greek,$$,3.5,1015,pass,pass,0.94,not found,none,unknown,SME,
R001486,tablefind,2026-07-10,The Marrow Trattoria,4479 W Rivermead Rd,Verano Bay,40453,Cedar Cross,,https://www.marrowtrattoria.example,Seafood,$$$,3.5,568,pass,pass,0.81,unknown,none,unknown,SME,
R001603,roamly,2026-07-09,Olive & Ash Trattoria - Ashgrove,"2463 W Halloway Rd, Verano Bay",Verano Bay,40516,Greenhithe,5554571339,,Indian,$$,4.2,313,pass,pass,0.75,,none,unknown,SME,
R001250,civicpages,2026-07-22,Rookery Room,5852 E Calder St,Verano Bay,40351,Corvo Heights,555.649.1573,https://www.rookeryroom.example,Vietnamese,$$$,3.8,2103,pass,pass,0.9,n/a,none,unknown,SME,
R001249,bookwell,2026-07-11,Rookery Room,5852 E Calder St,Verano Bay,40139,Corvo Heights,(555) 649-1573,https://www.rookeryroom.example,Vietnamese,$$$,3.7,1521,pass,pass,0.79,not found,none,unknown,SME,
R001763,civicpages,2026-07-17,Blue Heron Kitchen - Bramble Row,1835 S Fennimore Road,Verano Bay,40663,Calder Park,+15559919223,https://www.blueheronkitchen.example,Peruvian,$$,4.1,512,pass,pass,0.78,N/A,none,unknown,SME,
R002318,atlasmaps,2026-07-11,JUNIPER CREAMERY,7369 North Calder Boulevard,Verano Bay,40673,Bramble Row,+15553753850,https://www.junipercreamery.example,Polish,$$$,3.7,700,fail,fail,0.92,Meridian Cloud POS,website_fingerprint,pass,SME,
R003360,bookwell,2026-07-15,Loam Bistro,7235 W Prospect Blvd,Verano Bay,40339,Windrow,+15551485078,https://www.loambistro.example,Contemporary,$$,4.4,671,pass,pass,0.77,UNKNOWN,none,unknown,large,Loam Inc
R003031,atlasmaps,2026-07-05,The Sorrel Cafe,"2822 E Tarrow Rd, Verano Bay",Verano Bay,40502,Corvo Heights,555-881-7994,https://www.sorrelcafe.example,Mexican,$$$,4.7,277,fail,fail,0.92,n/a,none,unknown,SME,
R000465,civicpages,2026-07-27,Verde Smokehouse,2365 S Lindmere Blvd,Verano Bay,40491,Alder Heights,+15553551152,https://www.verdesmokehouse.example,Japanese,$$,4.5,954,pass,pass,0.75,not found,none,unknown,SME,
R000664,civicpages,2026-07-01,Gallow Cantina,126 N Prospect Blvd,Verano Bay,40446,Palisade Park,5555798314,,Contemporary,$$,3.9,954,pass,pass,0.95,Unknown,none,unknown,SME,
R002999,bookwell,2026-07-24,Alder Food Truck,2728 N Lindmere St,Verano Bay,40701,Old Mill,5556814233,https://www.alderfoodtruck.example,Spanish,$$$,4.5,826,pass,fail,0.74,N/A,none,unknown,SME,
R000103,tablefind,2026-07-14,Saffron Kitchen,1246 S Calder Boulevard,Verano Bay,40464,Rivera District,555.998.2953,https://www.saffronkitchen.example,Peruvian,$$$$,3.7,247,pass,pass,0.83,Orbit Systems,website_fingerprint,pass,SME,
R000832,tablefind,2026-07-19,Kinship Tavern,6965 S Bayard Ave,Verano Bay,40335,Cedar Cross,5551152350,https://www.kinshiptavern.example,Mexican,$$,4.6,1244,pass,pass,0.95,n/a,none,unknown,SME,
R002799,bookwell,2026-07-25,The Plumb Smoothie,"1092 S Bayard Rd, Verano Bay",Verano Bay,40358,Rivera District,555-941-3785,https://www.plumbsmoothie.example,Greek,$$,4.3,1109,pass,fail,0.84,,none,unknown,SME,
R001695,dineline,2026-07-19,Salt & Vine Trattoria,2955 S Mallow Blvd,Verano Bay,40791,Lantern Hill,5554543132,https://www.saltvinetrattoria.example,Contemporary,$,3.7,2236,pass,pass,0.97,Unknown,none,unknown,SME,
R003260,atlasmaps,2026-07-05,Little Bear Tavern,5690 W Wexley Blvd,Verano Bay,40721,Windrow,+1 555 758 7722,https://www.littlebeartavern.example,Seafood,$$,4.4,1269,pass,pass,0.74,Cadence Station,website_fingerprint,fail,mid-cap,Little Group
R001982,roamly,2026-07-15,The Tallgrass Trattoria,6308 S Cortez Road,Verano Bay,40634,Sunfield,555.526.1226,https://www.tallgrasstrattoria.example,Spanish,$$,3.9,494,pass,pass,0.75,-,none,unknown,SME,
R002558,dineline,2026-07-14,Loam Bakery,7215 N Ashfield St,Verano Bay,40285,Stillwater,+1 555 140 8104,https://www.loambakery.example,Japanese,$$$$,4.5,621,pass,fail,0.8,n/a,none,unknown,SME,
R001356,dineline,2026-07-20,Foxtail Osteria Restaurant,5162 E Vance Ave,Verano Bay,40381,Harbor Point,,,Seafood,$,4.0,556,pass,pass,0.82,unknown,none,unknown,SME,
R000774,civicpages,2026-07-01,Quarry Trattoria,6343 E Ashfield St,Verano Bay,40239,Windrow,555.865.2070,,Barbecue,$$$$,3.5,280,pass,pass,0.92,n/a,none,unknown,SME,
R003062,roamly,2026-07-22,TIN ROOF COFFEE,3253 E Halloway Road,Verano Bay,40694,Quarry End,5556585587,https://www.tinroofcoffee.example,Ethiopian,$$$$,3.8,1800,fail,fail,0.95,unknown,none,unknown,SME,
R000444,civicpages,2026-07-23,LANTERN BISTRO,7910 E Bayard Avenue,Verano Bay,40165,Rivera District,,https://www.lanternbistro.example,Japanese,$$,3.6,651,pass,pass,0.88,not found,none,unknown,SME,
R001879,civicpages,2026-07-15,Ember Kitchen - Marisol,339 East Lindmere Road,Verano Bay,40766,Stillwater,+15558908755,https://www.emberkitchen.example,Italian,$$,4.4,1361,pass,pass,0.75,unknown,none,unknown,SME,
R000982,roamly,2026-07-04,Sorrel House,110 S Serra St,Verano Bay,40790,Sablewood,(555) 461-8937,https://www.sorrelhouse.example,Korean,$$$,3.4,131,pass,pass,0.89,Unknown,none,unknown,SME,
R002503,bookwell,2026-07-11,Palisade Kiosk,2568 W Mallow Rd,Verano Bay,40247,Harbor Point,+1 555 791 0860,https://www.palisadekiosk.example,Korean,$$$,3.6,1171,fail,fail,0.95,Northstar Restaurant,website_fingerprint,pass,SME,
R001430,atlasmaps,2026-07-16,Saffron Room,3453 E Wexley Rd,Verano Bay,40767,Bayview Flats,,https://www.saffronroom.example,Mexican,$,3.6,1083,pass,pass,0.74,not found,none,unknown,SME,
R002814,bookwell,2026-07-15,Bluebird Kiosk,"1951 W Prospect Rd, Verano Bay",Verano Bay,40426,Miradero,(555) 599-4317,https://www.bluebirdkiosk.example,Barbecue,$$,3.9,2053,pass,fail,0.95,unknown,none,unknown,SME,
R001871,civicpages,2026-07-21,Nine Bridges Oyster Bar,5036 S Bayard St,Verano Bay,40635,Templeton,(555) 528-7831,,Indian,$$$$,3.3,269,pass,pass,0.77,n/a,none,unknown,SME,
R002325,bookwell,2026-07-13,Ember Smoothie,6797 E Fennimore Blvd,Verano Bay,40758,Alder Heights,555.869.2116,https://www.embersmoothie.example,Indian,$$,3.7,183,pass,fail,0.78,,none,unknown,SME,
R001978,bookwell,2026-07-09,Amber Brasserie - Fox Hollow,4907 North Serra Boulevard,Verano Bay,40296,Rivera District,555.920.9768,https://www.amberbrasserie.example,Polish,$,3.8,842,pass,pass,0.73,-,none,unknown,SME,
R001820,dineline,2026-07-14,Redbird Chophouse,4983 N Wexley Rd,Verano Bay,40314,Lantern Hill,+15557468259,https://www.redbirdchophouse.example,Italian,$$$$,4.4,770,pass,pass,0.78,Meridian Server,website_fingerprint,pass,SME,
R000018,roamly,2026-07-22,The Verde Table,"2938 E Halloway Rd, Verano Bay",Verano Bay,40144,Cedar Cross,5556534977,https://www.verdetable.example,Spanish,$$$,3.6,934,pass,pass,0.98,Meridian Cloud,website_fingerprint,pass,SME,Verde Restaurant Group
R001705,roamly,2026-07-27,Cardinal Dining Room,4963 W Rivermead Rd,Verano Bay,40537,Rivera District,+15552031377,https://www.cardinaldiningroom.example,Vietnamese,$$,4.2,1147,pass,pass,0.96,UNKNOWN,none,unknown,SME,
R000386,bookwell,2026-07-02,Sorrel Supper Club,1241 W Serra Ave,Verano Bay,40674,Stillwater,+15553696916,https://www.sorrelsupperclub.example,Barbecue,$$$,4.5,49,pass,pass,0.9,N/A,none,unknown,SME,
R001721,roamly,2026-07-02,Lantern House,1729 S Tarrow Rd,Verano Bay,40314,Greenhithe,555-428-5850,https://www.lanternhouse.example,Seafood,$$$$,3.7,202,pass,pass,0.76,N/A,none,unknown,SME,
R001325,roamly,2026-07-16,Bramble Brasserie,4759 West Bayard Boulevard,Verano Bay,40702,Lantern Hill,555-150-6162,,Italian,$,4.3,860,pass,pass,0.92,not found,none,unknown,SME,
R001680,atlasmaps,2026-07-25,Dovetail Trattoria Verano Bay,218 E Quinton Road,Verano Bay,40393,Lantern Hill,(555) 500-3879,https://www.dovetailtrattoria.example,Japanese,$$,4.4,174,pass,pass,0.98,N/A,none,unknown,SME,
R003074,civicpages,2026-07-07,Northbank House,5117 W Lindmere Blvd,Verano Bay,40417,Harbor Point,+15558214370,https://www.northbankhouse.example,Barbecue,$$$,4.3,242,pass,pass,0.88,Ironclad,website_fingerprint,fail,mid-cap,Northbank Group
R000670,tablefind,2026-07-12,Redbird Grill,4125 N Rivermead Ave,Verano Bay,40541,Stillwater,555-439-3858,https://www.redbirdgrill.example,Polish,$,3.9,577,pass,pass,0.79,cadence,website_fingerprint,fail,SME,
R001437,dineline,2026-07-10,Magpie Oyster Bar - Bramble Row,4255 West Halloway Avenue,Verano Bay,40533,Greenhithe,+15551438322,https://www.magpieoysterbar.example,Peruvian,$$$$,3.4,1652,pass,pass,0.99,not found,none,unknown,SME,
R000665,roamly,2026-07-18,Mercado Brasserie,7310 N Serra Rd,Verano Bay,40436,Miradero,+1 555 502 1375,,Peruvian,$$,4.3,1138,pass,pass,0.76,unknown,none,unknown,SME,
R002179,tablefind,2026-07-13,UMBER ALEHOUSE,6999 West Calder Boulevard,Verano Bay,40209,Stillwater,+15551168603,https://www.umberalehouse.example,Mexican,$$,3.4,1936,pass,pass,0.95,UNKNOWN,none,unknown,SME,
R002793,civicpages,2026-07-18,Marigold Cafe,1061 S Tarrow Rd,Verano Bay,40540,Kingsway,+1 555 918 0422,https://www.marigoldcafe.example,Spanish,$$$,3.7,286,fail,fail,0.95,n/a,none,unknown,SME,
R002474,atlasmaps,2026-07-04,The Thistle Kiosk 1,"1528 W Calder St, Verano Bay",Verano Bay,40130,Bayview Flats,+1 555 967 4153,,Spanish,$$$,3.6,71,pass,fail,0.72,-,none,unknown,SME,
R001723,bookwell,2026-07-03,Thistle House,4836 E Bayard Ave,Verano Bay,40101,Sunfield,555.207.1567,https://www.thistlehouse.example,Mexican,$$$$,4.7,625,pass,pass,0.95,-,none,unknown,SME,
R002069,civicpages,2026-07-16,Sable Bistro,2181 N Mallow St,Verano Bay,40350,Templeton,5554467597,https://www.sablebistro.example,Seafood,$$,4.6,1225,pass,pass,0.78,UNKNOWN,none,unknown,SME,
R000151,roamly,2026-07-27,The Salt & Vine Brasserie,5256 E Halloway Ave,Verano Bay,40444,Alder Heights,555-726-1196,,Japanese,$$$$,4.6,1031,pass,pass,0.84,N/A,none,unknown,SME,
R003252,roamly,2026-07-01,Prairie Smokehouse,1835 N Prospect Ave,Verano Bay,40441,Lantern Hill,555.753.0203,https://www.prairiesmokehouse.example,Polish,$$,4.5,1594,pass,pass,0.83,Ironclad POS,website_fingerprint,fail,mid-cap,Prairie Group
R003059,roamly,2026-07-18,Verde Bakery Verano Bay,5953 South Fennimore Avenue,Verano Bay,40539,Rivera District,555-923-9455,https://www.verdebakery.example,Mexican,$$$,3.9,1857,pass,fail,0.93,Unknown,none,unknown,SME,
R002817,tablefind,2026-07-10,Bramble Kiosk,563 East Rivermead Rd,Verano Bay,40255,Calder Park,+15557279352,https://www.bramblekiosk.example,Italian,$$$,4.1,452,pass,fail,0.76,unknown,none,unknown,SME,
R000646,atlasmaps,2026-07-06,Rookery Taqueria,6382 S Serra Road,Verano Bay,40467,Lantern Hill,+1 555 417 0616,https://www.rookerytaqueria.example,Mexican,$$,3.8,947,pass,pass,0.89,not found,none,unknown,SME,
R002675,bookwell,2026-07-11,Larkspur Counter,5022 West Cortez Road,Verano Bay,40240,Kingsway,(555) 319-6028,,Greek,$$,4.4,763,pass,fail,0.92,unknown,none,unknown,SME,
R000332,tablefind,2026-07-03,Tidewater Steakhouse,3869 W Bayard Ave,Verano Bay,40639,Miradero,+1 555 336 7676,,Ethiopian,$,3.7,1909,pass,pass,0.9,N/A,none,unknown,SME,
R000588,civicpages,2026-07-14,KINSHIP GRILL,6042 N Ashfield Boulevard,Verano Bay,40538,Ferrymead,+1 555 683 8454,,Barbecue,$$$,3.7,1191,pass,pass,0.81,not found,none,unknown,SME,
R002367,bookwell,2026-07-13,Bramble To Go,3039 S Wexley Rd,Verano Bay,40243,Bayview Flats,(555) 819-8128,,Mediterranean,$$$,3.7,1544,pass,fail,0.83,not found,none,unknown,SME,
R002892,tablefind,2026-07-24,Marrow Coffee,3990 S Quinton Ave,Verano Bay,40580,Harbor Point,555-174-3803,https://www.marrowcoffee.example,Spanish,$$$$,3.7,1623,fail,fail,0.78,Cadence POS,website_fingerprint,fail,SME,
R002330,civicpages,2026-07-08,Kinship Deli Verano Bay,2132 E Ashfield Blvd,Verano Bay,40539,Marisol,,,Mexican,$$$,4.9,1286,fail,fail,0.78,n/a,none,unknown,SME,
R002395,roamly,2026-07-20,Zephyr Express,7659 East Mallow Ave,Verano Bay,40460,Lantern Hill,,https://www.zephyrexpress.example,Polish,$$$$,4.1,301,pass,fail,0.82,Unknown,none,unknown,SME,
R000976,atlasmaps,2026-07-20,Rosewater Steakhouse,4499 E Calder Rd,Verano Bay,40180,Ferrymead,(555) 341-8261,,Korean,$,3.8,890,pass,pass,0.89,UNKNOWN,none,unknown,SME,
R002969,dineline,2026-07-11,Inkwell Cafe,7299 W Lindmere Blvd,Verano Bay,40260,Bramble Row,+15554286015,,Ethiopian,$$$$,3.2,645,pass,fail,0.75,,none,unknown,SME,
R000043,civicpages,2026-07-01,Prairie Cantina,4537 S Serra Ave,Verano Bay,40764,Stillwater,(555) 548-8920,https://www.prairiecantina.example,Seafood,$,4.2,1540,pass,pass,0.81,cadence flex,website_fingerprint,fail,mid-cap,Prairie Table Group
R000168,atlasmaps,2026-07-13,Foxglove Brasserie,3380 S Fennimore Blvd,Verano Bay,40186,Corvo Heights,555-486-1457,https://www.foxglovebrasserie.example,Contemporary,$,3.4,649,pass,pass,0.76,cadence flex,website_fingerprint,fail,SME,
R000977,civicpages,2026-07-11,Little Bear Bistro,433 E Serra Rd,Verano Bay,40437,Sablewood,555.723.9310,https://www.littlebearbistro.example,Polish,$$,4.8,1183,pass,pass,0.9,N/A,none,unknown,SME,
R002396,dineline,2026-07-11,Motherland Boba,1518 S Vance Rd,Verano Bay,40797,Lantern Hill,5553499784,https://www.motherlandboba.example,Vietnamese,$$,4.2,285,fail,fail,0.79,unknown,none,unknown,SME,
R003172,tablefind,2026-07-19,Driftwood Supper Club,"7028 S Lindmere St, Verano Bay",Verano Bay,40553,Lantern Hill,5559739616,https://www.driftwoodsupperclub.example,Korean,$$$,3.9,408,pass,pass,0.91,unknown,none,unknown,mid-cap,Driftwood Group
R001791,civicpages,2026-07-04,Little Bear Smokehouse,3799 S Lindmere Ave,Verano Bay,40734,Miradero,+15555206758,,Polish,$$$$,4.2,1614,pass,pass,0.76,-,none,unknown,SME,
R000147,atlasmaps,2026-07-10,Loam Dining Room,2357 N Wexley St,Verano Bay,40305,Lantern Hill,5557491465,https://www.loamdiningroom.example,Barbecue,$$,3.6,1090,pass,pass,0.8,n/a,none,unknown,SME,
R000619,roamly,2026-07-12,NINE BRIDGES DINING ROOM,176 West Cortez Road,Verano Bay,40230,Marisol,5557725087,https://www.ninebridgesdiningroom.example,Ethiopian,$$$,3.5,586,pass,pass,0.82,Unknown,none,unknown,SME,
R001766,dineline,2026-07-19,Palisade Chophouse,7801 West Calder Road,Verano Bay,40487,Ashgrove,5559862359,,Italian,$$,3.5,425,pass,pass,0.86,not found,none,unknown,SME,
R000991,atlasmaps,2026-07-06,Oxbow Trattoria,6388 N Lindmere Blvd,Verano Bay,40439,Ashgrove,+15551456397,https://www.oxbowtrattoria.example,Thai,$$,4.1,230,pass,pass,0.93,unknown,none,unknown,SME,
R001068,civicpages,2026-07-23,Fernwood Room,4018 W Bayard St,Verano Bay,40314,Ferrymead,+1 555 404 3277,,Steakhouse,$$,3.4,943,pass,pass,0.95,not found,none,unknown,SME,
R003234,bookwell,2026-07-28,Driftwood Dining Room,2748 N Ashfield Rd,Verano Bay,40187,Rivera District,(555) 933-7403,https://www.driftwooddiningroom.example,Steakhouse,$$$,4.2,913,pass,pass,0.95,UNKNOWN,none,unknown,mid-cap,Driftwood Group
R002399,dineline,2026-07-05,Bluebird Express,6710 W Lindmere St,Verano Bay,40748,Marisol,(555) 156-1529,,Korean,$$$,4.4,197,fail,fail,0.86,N/A,none,unknown,SME,
R002600,dineline,2026-07-04,Anchor Cafe Restaurant,3645 W Lindmere Rd,Verano Bay,40145,Bayview Flats,555-293-1301,https://www.anchorcafe.example,Italian,$,3.8,219,pass,fail,0.87,N/A,none,unknown,SME,
R001268,atlasmaps,2026-07-19,Palisade Smokehouse,1574 East Bayard Street,Verano Bay,40384,Fox Hollow,,https://www.palisadesmokehouse.example,Steakhouse,$$,4.3,164,pass,pass,0.93,n/a,none,unknown,SME,
R000579,bookwell,2026-07-12,Persimmon Dining Room,6330 East Prospect Ave,Verano Bay,40178,Bayview Flats,555-640-0286,https://www.persimmondiningroom.example,Vietnamese,$$$,4.2,791,pass,pass,0.79,UNKNOWN,none,unknown,SME,
R002672,civicpages,2026-07-25,Redbird Creamery 1,1961 W Calder Ave,Verano Bay,40218,Templeton,+1 555 233 7802,https://www.redbirdcreamery1.example,Thai,$$$,4.3,391,fail,fail,0.78,UNKNOWN,none,unknown,SME,
R001590,dineline,2026-07-08,Bellwether Dining Room,6396 W Calder St,Verano Bay,40663,Rivera District,+1 555 288 7024,https://www.bellwetherdiningroom.example,Mediterranean,$$,3.9,531,pass,pass,0.81,,none,unknown,SME,
R002760,dineline,2026-07-20,The Kinship Creamery 1,"3730 N Rivermead Ave, Verano Bay",Verano Bay,40787,Quarry End,555.154.3872,https://www.kinshipcreamery1.example,Ethiopian,$$$,4.1,910,pass,fail,0.88,UNKNOWN,none,unknown,SME,
R001123,bookwell,2026-07-06,Nine Bridges Osteria,1421 N Quinton Rd,Verano Bay,40720,Bayview Flats,5552019667,https://www.ninebridgesosteria.example,Indian,$$$,4.3,2129,pass,pass,0.96,not found,none,unknown,SME,
R003003,atlasmaps,2026-07-09,Fallowfield Juice Bar,5340 S Bayard St,Verano Bay,40335,Ashgrove,5551360142,https://www.fallowfieldjuicebar.example,Spanish,$$$$,4.1,73,pass,fail,0.92,Orbit Systems,website_fingerprint,pass,SME,
R001214,tablefind,2026-07-01,Redbird Tavern,3500 N Calder St,Verano Bay,40268,Miradero,555-104-0852,https://www.redbirdtavern.example,Mexican,$$,4.7,1112,pass,pass,0.9,Salt Box,website_fingerprint,fail,SME,
R002809,bookwell,2026-07-19,Bellwether Sandwich Shop 1,6804 W Ashfield St,Verano Bay,40498,Miradero,,https://www.bellwethersandwichshop.example,Indian,$,4.3,1634,fail,fail,0.97,saltbox,website_fingerprint,fail,SME,
R002340,tablefind,2026-07-04,The Thicket Creamery,6055 E Bayard Boulevard,Verano Bay,40226,Old Mill,+1 555 466 9392,,Mediterranean,$$,4.5,656,fail,fail,0.83,,none,unknown,SME,
R000874,atlasmaps,2026-07-17,UMBER CANTINA,6380 N Vance St,Verano Bay,40775,Corvo Heights,555-744-0163,https://www.umbercantina.example,Peruvian,$$$,3.8,1413,pass,pass,0.8,-,none,unknown,SME,
R003206,roamly,2026-07-16,Alder Wine Bar Verano Bay,"3708 N Prospect St, Verano Bay",Verano Bay,40510,Alder Heights,+15558863833,https://www.alderwinebar.example,Italian,$$,3.9,628,pass,pass,0.98,N/A,none,unknown,mid-cap,Alder Group
R003184,dineline,2026-07-23,Pike Taqueria,5410 S Mallow Blvd,Verano Bay,40307,Stillwater,555.280.4502,https://www.piketaqueria.example,Mexican,$$,4.1,466,pass,pass,0.8,meridian cloud,website_fingerprint,pass,mid-cap,Pike Group
R001520,bookwell,2026-07-21,Rosewater Dining Room Restaurant,6888 S Vance St,Verano Bay,40767,Rivera District,555.424.5646,https://www.rosewaterdiningroom.example,Contemporary,$$$$,3.9,998,pass,pass,0.98,ironclad,website_fingerprint,fail,SME,
R002232,atlasmaps,2026-07-13,Orchard Supper Club,2487 N Mallow Ave,Verano Bay,40670,Greenhithe,555.613.4307,https://www.orchardsupperclub.example,Mexican,$$$,3.3,705,pass,pass,0.92,,none,unknown,SME,
R003251,tablefind,2026-07-01,WREN STEAKHOUSE,5629 E Wexley Rd,Verano Bay,40118,Palisade Park,+1 555 360 8095,https://www.wrensteakhouse.example,Korean,$$,4.2,1680,pass,pass,0.97,-,none,unknown,mid-cap,Wren Group
R003038,tablefind,2026-07-01,Zephyr Creamery 1,3328 N Cortez Rd,Verano Bay,40727,Harbor Point,(555) 212-0979,,Korean,$$$$,3.6,191,pass,fail,0.73,,none,unknown,SME,
R002051,bookwell,2026-07-01,Dovetail Kitchen,6986 South Fennimore Road,Verano Bay,40249,Cedar Cross,(555) 472-4400,https://www.dovetailkitchen.example,Ethiopian,$$,3.7,1321,pass,pass,0.76,Saltbox,website_fingerprint,fail,SME,
R002761,bookwell,2026-07-16,Inkwell Sandwich Shop,4487 W Serra Blvd,Verano Bay,40657,Corvo Heights,+1 555 168 6049,https://www.inkwellsandwichshop.example,Japanese,$$,4.2,563,fail,fail,0.97,Unknown,none,unknown,SME,
R002795,bookwell,2026-07-21,Verde Cafe,2759 E Lindmere St,Verano Bay,40186,Sunfield,(555) 330-5824,https://www.verdecafe.example,Indian,$$$,3.5,286,fail,fail,0.88,n/a,none,unknown,SME,
R002636,tablefind,2026-07-11,Motherland Boba 1,6925 S Tarrow Avenue,Verano Bay,40353,Bramble Row,555-766-7150,https://www.motherlandboba1.example,Mexican,$$,3.9,201,fail,fail,0.91,,none,unknown,SME,
R002154,dineline,2026-07-10,Kinship Cantina,4810 E Wexley St,Verano Bay,40232,Stillwater,555.671.6132,,Thai,$$$$,4.6,1821,pass,pass,0.82,N/A,none,unknown,SME,
R000026,dineline,2026-07-27,Northbank Room Restaurant,3262 S Halloway Rd,Verano Bay,40505,Bramble Row,555.324.3480,https://www.northbankroom.example,Greek,$$$,4.7,1164,pass,pass,0.79,n/a,none,unknown,SME,Northbank Concepts
R001180,dineline,2026-07-18,Palisade Tavern,7174 W Serra Rd,Verano Bay,40708,Bramble Row,+15556918651,https://www.palisadetavern.example,Steakhouse,$$,4.8,542,pass,pass,0.74,UNKNOWN,none,unknown,SME,
R003295,roamly,2026-07-27,The Sixpence Trattoria,1177 North Bayard Street,Verano Bay,40798,Sunfield,+1 555 551 7565,https://www.sixpencetrattoria.example,Seafood,$$$$,4.8,2099,pass,pass,0.81,not found,none,unknown,large,Sixpence Inc
R002141,civicpages,2026-07-23,Stonecutter Grill,835 S Ashfield Blvd,Verano Bay,40153,Calder Park,(555) 864-3380,https://www.stonecuttergrill.example,Peruvian,$$,3.6,527,pass,pass,0.74,Fernpost,website_fingerprint,fail,SME,
R002184,tablefind,2026-07-24,Nightjar Chophouse - Sunfield,"379 S Vance Rd, Verano Bay",Verano Bay,40106,Quarry End,555.527.2529,https://www.nightjarchophouse.example,Spanish,$$,4.3,1006,pass,pass,0.84,n/a,none,unknown,SME,
R001183,atlasmaps,2026-07-13,Violet Steakhouse,3855 W Rivermead Ave,Verano Bay,40168,Bramble Row,555.841.8408,https://www.violetsteakhouse.example,Spanish,$$$,3.9,1523,pass,pass,0.97,unknown,none,unknown,SME,
R001979,civicpages,2026-07-16,Ironwood Kitchen,2617 E Lindmere St,Verano Bay,40365,Windrow,+1 555 707 9080,https://www.ironwoodkitchen.example,Italian,$$,4.0,470,pass,pass,0.76,-,none,unknown,SME,
R000892,bookwell,2026-07-18,Warbler Alehouse Restaurant,1772 S Mallow Rd,Verano Bay,40233,Palisade Park,(555) 175-9419,https://www.warbleralehouse.example,Italian,$$$,4.0,267,pass,pass,0.77,unknown,none,unknown,SME,
R001092,dineline,2026-07-14,Basil & Bone Smokehouse,6102 W Rivermead Ave,Verano Bay,40481,Bayview Flats,+15552330612,https://www.basilbonesmokehouse.example,Barbecue,$$$,4.0,130,pass,pass,0.97,-,none,unknown,SME,
R000808,tablefind,2026-07-12,Anchor Room Verano Bay,274 N Halloway St,Verano Bay,40331,Greenhithe,5553309758,,Seafood,$$,4.8,599,pass,pass,0.89,unknown,none,unknown,SME,
R001568,bookwell,2026-07-16,Wildwood Dining Room,5942 N Cortez Rd,Verano Bay,40486,Windrow,555-831-9889,https://www.wildwooddiningroom.example,Contemporary,$$$,4.6,663,pass,pass,0.81,CADENCE,website_fingerprint,fail,SME,
R000969,civicpages,2026-07-11,Plumb Brasserie,6567 East Rivermead Rd,Verano Bay,40119,Templeton,+15552854236,https://www.plumbbrasserie.example,Ethiopian,$$$$,3.5,1993,pass,pass,0.89,not found,none,unknown,SME,
R001350,civicpages,2026-07-23,Pike House - Greenhithe,5046 East Cortez Boulevard,Verano Bay,40669,Windrow,+15554270852,https://www.pikehouse.example,Thai,$$,4.0,1011,pass,pass,0.74,not found,none,unknown,SME,
R000995,civicpages,2026-07-20,Vesper Dining Room,2657 W Lindmere Ave,Verano Bay,40556,Miradero,+1 555 438 5425,https://www.vesperdiningroom.example,Spanish,$$,3.7,835,pass,pass,0.81,N/A,none,unknown,SME,
R003457,dineline,2026-07-26,Verde Wine Bar,7373 N Halloway Blvd,Port Adair,40620,,(555) 982-5134,https://www.verdewinebar.example,Japanese,$$$,3.8,1511,pass,pass,0.81,UNKNOWN,none,unknown,SME,
R002054,tablefind,2026-07-14,Juniper Smokehouse,5283 W Rivermead Blvd,Verano Bay,40567,Miradero,555-466-9682,https://www.junipersmokehouse.example,French,$,4.8,1504,pass,pass,0.96,Unknown,none,unknown,SME,
R000706,civicpages,2026-07-04,Lantern Osteria Restaurant,4945 East Fennimore Boulevard,Verano Bay,40322,Greenhithe,+15553587926,https://www.lanternosteria.example,Barbecue,$$$,3.5,294,pass,pass,0.93,Unknown,none,unknown,SME,
R002114,bookwell,2026-07-28,PIKE BISTRO,2553 S Lindmere Boulevard,Verano Bay,40370,Stillwater,(555) 767-5879,,Thai,$,3.9,749,pass,pass,0.82,,none,unknown,SME,
R002128,bookwell,2026-07-05,Marrow Bistro,6425 E Ashfield Ave,Verano Bay,40107,Greenhithe,(555) 470-3862,https://www.marrowbistro.example,Spanish,$$$,3.3,1735,pass,pass,0.74,Unknown,none,unknown,SME,
R002852,bookwell,2026-07-24,Sixpence Donuts,6764 East Tarrow Boulevard,Verano Bay,40136,Alder Heights,,https://www.sixpencedonuts.example,Peruvian,$,4.9,1551,pass,fail,0.82,ironclad,website_fingerprint,fail,SME,
R003448,bookwell,2026-07-20,Northbank Smokehouse,509 S Ashfield Blvd,Port Adair,40557,,5552849584,https://www.northbanksmokehouse.example,Greek,$$$,3.6,1572,pass,pass,0.85,UNKNOWN,none,unknown,SME,
R001107,tablefind,2026-07-01,Basil & Bone Wine Bar - Fox Hollow,7312 East Tarrow Blvd,Verano Bay,40119,Ashgrove,+15557652605,,Spanish,$$,4.6,1573,pass,pass,0.72,not found,none,unknown,SME,
R002618,civicpages,2026-07-22,Foxglove Donuts,7034 W Bayard Rd,Verano Bay,40782,Ashgrove,555-440-3672,https://www.foxglovedonuts.example,Polish,$$$,4.2,112,fail,fail,0.9,unknown,none,unknown,SME,
R003346,atlasmaps,2026-07-17,Oxbow Grill,1480 E Quinton Blvd,Verano Bay,40406,Greenhithe,(555) 605-0807,https://www.oxbowgrill.example,Greek,$$$,4.5,1262,pass,pass,0.95,n/a,none,unknown,large,Oxbow Inc
R000373,civicpages,2026-07-28,Nightjar Tavern,7850 E Vance Ave,Verano Bay,40689,Greenhithe,555.257.4322,https://www.nightjartavern.example,Greek,$$,3.8,1721,pass,pass,0.92,unknown,none,unknown,SME,
R001900,atlasmaps,2026-07-02,Nightjar Smokehouse,3146 S Prospect Blvd,Verano Bay,40716,Greenhithe,(555) 228-7614,https://www.nightjarsmokehouse.example,Japanese,$$$,3.8,1462,pass,pass,0.96,Vellum Restaurant,website_fingerprint,pass,SME,
R001915,dineline,2026-07-08,Palisade Dining Room,879 W Bayard Ave,Verano Bay,40367,Quarry End,(555) 637-2778,,Mediterranean,$$$,4.4,1966,pass,pass,0.75,-,none,unknown,SME,
R001133,dineline,2026-07-11,Quill Trattoria,7421 E Lindmere Blvd,Verano Bay,40576,Lantern Hill,+1 555 105 9707,,Vietnamese,$$$,4.9,1878,pass,pass,0.98,not found,none,unknown,SME,
R000788,roamly,2026-07-26,Magpie Tavern Verano Bay,1614 W Rivermead Avenue,Verano Bay,40561,Sablewood,+1 555 869 9421,https://www.magpietavern.example,Peruvian,$$$,4.8,974,pass,pass,0.72,CADENCE,website_fingerprint,fail,SME,
R002571,roamly,2026-07-15,Kingfisher Juice Bar,4661 N Bayard Rd,Verano Bay,40594,Harbor Point,+1 555 341 0766,,Barbecue,$$$$,3.9,1398,fail,fail,0.92,Unknown,none,unknown,SME,
R001460,roamly,2026-07-26,Larkspur Dining Room Verano Bay,3899 W Prospect St,Verano Bay,40585,Greenhithe,555.869.0897,https://www.larkspurdiningroom.example,Italian,$$$,3.8,1612,pass,pass,0.93,UNKNOWN,none,unknown,SME,
R002290,roamly,2026-07-14,Ember Cafe - Calder Park,5282 S Calder Rd,Verano Bay,40762,Alder Heights,+15556150539,https://www.embercafe.example,Korean,$$,4.1,81,fail,fail,0.87,Unknown,none,unknown,SME,
R002477,tablefind,2026-07-08,Kinship Creamery,148 W Quinton St,Verano Bay,40384,Bramble Row,5556336290,,Ethiopian,$$,4.5,472,fail,fail,0.8,-,none,unknown,SME,
R001765,atlasmaps,2026-07-14,Palisade Chophouse - Alder Heights,7801 W Calder Road,Verano Bay,40424,Ashgrove,555.986.2359,,Italian,$$,3.4,435,pass,pass,0.77,Unknown,none,unknown,SME,
R000876,civicpages,2026-07-11,Cobalt Grill,331 E Tarrow Street,Verano Bay,40149,Palisade Park,(555) 294-7449,https://www.cobaltgrill.example,French,$$$$,3.4,605,pass,pass,0.86,cadence,website_fingerprint,fail,SME,
R003178,civicpages,2026-07-06,SORREL CANTINA,715 North Cortez Boulevard,Verano Bay,40226,Windrow,5557670784,https://www.sorrelcantina.example,Greek,$$$$,3.6,1532,pass,pass,0.95,,none,unknown,mid-cap,Sorrel Group
R002684,dineline,2026-07-02,Cardinal Food Truck,4705 N Calder Rd,Verano Bay,40145,Ashgrove,555-305-7742,https://www.cardinalfoodtruck.example,Contemporary,$$$$,3.6,850,pass,fail,0.9,N/A,none,unknown,SME,
R001311,atlasmaps,2026-07-23,Ember Wine Bar,5087 S Cortez Rd,Verano Bay,40471,Palisade Park,(555) 376-1703,https://www.emberwinebar.example,Barbecue,$,3.9,938,pass,pass,0.79,Unknown,none,unknown,SME,
R000031,dineline,2026-07-05,Marrow Cantina,6089 E Fennimore Rd,Verano Bay,40732,Ashgrove,555-550-7258,https://www.marrowcantina.example,Seafood,$$,4.8,595,pass,pass,0.77,not found,none,unknown,SME,Marrow & Co
R002623,dineline,2026-07-26,Sparrow Smoothie,1617 S Halloway Rd,Verano Bay,40761,Greenhithe,(555) 144-3773,,Ethiopian,$$,3.9,1381,pass,fail,0.91,unknown,none,unknown,SME,
R000272,atlasmaps,2026-07-14,Persimmon Chophouse,4851 W Lindmere Rd,Verano Bay,40666,Ferrymead,+15551692700,https://www.persimmonchophouse.example,Vietnamese,$$$,4.5,359,pass,pass,0.98,UNKNOWN,none,unknown,SME,
R000257,bookwell,2026-07-19,Rookery Steakhouse,5678 N Serra Rd,Verano Bay,40410,Corvo Heights,(555) 670-3844,https://www.rookerysteakhouse.example,Mexican,$$$,3.8,2030,pass,pass,0.88,Unknown,none,unknown,SME,
R001300,tablefind,2026-07-19,Foxtail Alehouse,1730 S Quinton St,Verano Bay,40571,Sunfield,+15557613140,https://www.foxtailalehouse.example,Seafood,$$$,4.0,313,pass,pass,0.87,-,none,unknown,SME,
R000864,dineline,2026-07-19,ORCHARD CHOPHOUSE,5527 W Ashfield Avenue,Verano Bay,40686,Fox Hollow,(555) 162-5446,https://www.orchardchophouse.example,Spanish,$$,4.2,1694,pass,pass,0.75,UNKNOWN,none,unknown,SME,
R001567,atlasmaps,2026-07-11,Inkwell Table Verano Bay,7846 W Fennimore Blvd,Verano Bay,40730,Sunfield,5557546610,https://www.inkwelltable.example,Mexican,$$,4.0,1870,pass,pass,0.75,unknown,none,unknown,SME,
R000196,dineline,2026-07-28,Salt & Vine Taqueria,2729 E Prospect Blvd,Verano Bay,40486,Lantern Hill,555-644-8081,https://www.saltvinetaqueria.example,Ethiopian,$,3.4,1422,pass,pass,0.92,-,none,unknown,SME,
R003179,tablefind,2026-07-02,Sorrel Cantina - Marisol,"715 N Cortez Blvd, Verano Bay",Verano Bay,40514,Windrow,555.767.0784,https://www.sorrelcantina.example,Greek,$$$$,3.6,1202,pass,pass,0.97,cadence,website_fingerprint,fail,mid-cap,Sorrel Group
R002257,tablefind,2026-07-09,Sorrel To Go,2515 S Mallow Boulevard,Verano Bay,40620,Cedar Cross,555-501-3751,,Greek,$,3.5,1288,fail,fail,0.83,N/A,none,unknown,SME,
R002209,dineline,2026-07-19,The Yarrow Trattoria,6758 W Tarrow Ave,Verano Bay,40748,Sunfield,555.544.8886,https://www.yarrowtrattoria.example,Mediterranean,$$$,3.4,1143,pass,pass,0.91,UNKNOWN,none,unknown,SME,
R003160,atlasmaps,2026-07-22,MAGPIE WINE BAR,7824 W Mallow St,Verano Bay,40291,Old Mill,+15553637092,https://www.magpiewinebar.example,Polish,$$,4.2,2115,pass,pass,0.92,N/A,none,unknown,mid-cap,Magpie Group
R001253,atlasmaps,2026-07-16,Understory Taqueria - Cedar Cross,4108 East Serra Road,Verano Bay,40374,Kingsway,555.913.2558,https://www.understorytaqueria.example,French,$$$,4.7,292,pass,pass,0.86,n/a,none,unknown,SME,
R003014,roamly,2026-07-02,Nine Bridges Donuts - Old Mill,7144 W Tarrow St,Verano Bay,40110,Miradero,,https://www.ninebridgesdonuts.example,Spanish,$$$$,3.3,1230,pass,fail,0.74,unknown,none,unknown,SME,
R001419,atlasmaps,2026-07-27,Fernwood Smokehouse,1390 N Wexley Blvd,Verano Bay,40317,Rivera District,+1 555 798 7288,https://www.fernwoodsmokehouse.example,Japanese,$$$$,5.0,1999,pass,pass,0.97,UNKNOWN,none,unknown,SME,
R002847,bookwell,2026-07-01,Amber Cafe 1,1837 S Lindmere Ave,Verano Bay,40793,Old Mill,5557146649,https://www.ambercafe1.example,Seafood,$$,4.0,704,pass,fail,0.75,unknown,none,unknown,SME,
R002252,dineline,2026-07-12,The Amber Cantina,3512 North Calder Blvd,Verano Bay,40609,Sablewood,5557238052,,Japanese,$$,4.4,207,pass,pass,0.74,-,none,unknown,SME,
R003005,civicpages,2026-07-18,Juniper Smoothie,2793 E Mallow St,Verano Bay,40670,Old Mill,5551787069,https://www.junipersmoothie.example,Contemporary,$$$$,4.6,535,pass,fail,0.93,Unknown,none,unknown,SME,
R000713,tablefind,2026-07-12,Roan Smokehouse,3627 S Fennimore St,Verano Bay,40603,Windrow,+15559744855,https://www.roansmokehouse.example,Seafood,$$,4.0,741,pass,pass,0.92,N/A,none,unknown,SME,
R002905,atlasmaps,2026-07-09,Zephyr Juice Bar - Palisade Park,"4975 N Bayard Rd, Verano Bay",Verano Bay,40559,Old Mill,5553506135,https://www.zephyrjuicebar.example,Ethiopian,$$$,4.6,627,fail,fail,0.93,unknown,none,unknown,SME,
R002520,atlasmaps,2026-07-14,Plumb Kiosk 1,4449 North Ashfield St,Verano Bay,40328,Ferrymead,555-310-2732,,Mediterranean,$$$,3.7,744,pass,fail,0.96,UNKNOWN,none,unknown,SME,
R002458,tablefind,2026-07-24,Pike Bakery,5762 N Prospect Boulevard,Verano Bay,40432,Greenhithe,5555513176,https://www.pikebakery.example,Mexican,$$$$,3.9,542,fail,fail,0.75,-,none,unknown,SME,
R000783,dineline,2026-07-19,Persimmon Smokehouse,1560 N Vance St,Verano Bay,40748,Windrow,(555) 606-8031,https://www.persimmonsmokehouse.example,Greek,$$$,3.6,1755,pass,pass,0.78,,none,unknown,SME,
R003136,dineline,2026-07-09,Larkspur Bistro,333 S Vance Ave,Verano Bay,40295,Alder Heights,(555) 201-6940,https://www.larkspurbistro.example,Mediterranean,$$,4.1,1037,pass,pass,0.86,,none,unknown,mid-cap,Larkspur Group
R000379,dineline,2026-07-17,Ember Cantina - Lantern Hill,7265 South Serra Avenue,Verano Bay,40432,Old Mill,555.936.0005,https://www.embercantina.example,Korean,$$$,4.8,1559,pass,pass,0.82,ironcladpos,website_fingerprint,fail,SME,
R003339,dineline,2026-07-13,Foxglove Osteria,1991 S Cortez Street,Verano Bay,40224,Quarry End,555-520-9676,https://www.foxgloveosteria.example,Japanese,$$,3.4,1585,pass,pass,0.75,Ironclad POS,website_fingerprint,fail,large,Foxglove Inc
R001494,tablefind,2026-07-09,Rookery Table,6098 East Mallow St,Verano Bay,40499,Stillwater,+15557159235,https://www.rookerytable.example,Peruvian,$$,4.2,471,pass,pass,0.85,Northstar Restaurant,website_fingerprint,pass,SME,
R003382,atlasmaps,2026-07-06,Little Bear Brasserie,7687 S Wexley Rd,Port Adair,40154,,(555) 720-7673,https://www.littlebearbrasserie.example,Ethiopian,$$$,4.4,120,pass,pass,0.97,UNKNOWN,none,unknown,SME,
R003313,bookwell,2026-07-16,Golden Hour Cantina,1188 N Calder Ave,Verano Bay,40120,Bayview Flats,+1 555 592 9067,https://www.goldenhourcantina.example,Vietnamese,$$,4.1,2262,pass,pass,0.76,Unknown,none,unknown,large,Golden Inc
R000329,atlasmaps,2026-07-02,Tin Roof Supper Club Verano Bay,635 West Mallow Street,Verano Bay,40374,Marisol,(555) 230-2577,,Indian,$$$,4.6,749,pass,pass,0.79,Unknown,none,unknown,SME,
R001802,roamly,2026-07-25,Salt & Vine Dining Room,"6894 W Bayard Ave, Verano Bay",Verano Bay,40399,Old Mill,(555) 117-7663,https://www.saltvinediningroom.example,Ethiopian,$$$$,4.2,1354,pass,pass,0.84,Unknown,none,unknown,SME,
R002926,tablefind,2026-07-03,Quill Donuts 1,1026 S Cortez Blvd,Verano Bay,40682,Stillwater,+15552190959,,Korean,$,4.7,993,fail,fail,0.86,n/a,none,unknown,SME,
R001208,civicpages,2026-07-15,FOXTAIL OYSTER BAR,883 E Ashfield Ave,Verano Bay,40587,Kingsway,(555) 202-7919,,Mediterranean,$$,4.5,1601,pass,pass,0.82,N/A,none,unknown,SME,
R003385,dineline,2026-06-30,Northbank Osteria,2651 S Rivermead Rd,Northmoor,40330,,+1 555 723 0628,https://www.northbankosteria.example,Spanish,$$,3.4,1454,pass,pass,0.89,N/A,none,unknown,SME,
R000099,dineline,2026-07-27,Wildwood Osteria,4476 E Vance Blvd,Verano Bay,40685,Calder Park,555-147-9463,https://www.wildwoodosteria.example,Steakhouse,$$,4.7,2361,pass,pass,0.9,-,none,unknown,SME,
R002703,dineline,2026-07-15,Marigold Sandwich Shop,4325 E Vance Rd,Verano Bay,40772,Rivera District,555-192-6770,,Ethiopian,$$$$,4.5,697,pass,fail,0.95,-,none,unknown,SME,
R002965,civicpages,2026-07-03,Warbler Food Truck,2350 E Halloway Street,Verano Bay,40290,Sablewood,555.354.6122,,Polish,$$$,3.7,537,fail,fail,0.94,N/A,none,unknown,SME,
R000627,bookwell,2026-07-17,Sparrow Supper Club,2656 E Vance St,Verano Bay,40258,Ferrymead,(555) 433-9255,https://www.sparrowsupperclub.example,Ethiopian,$$$$,4.4,467,pass,pass,0.99,UNKNOWN,none,unknown,SME,
R003338,civicpages,2026-07-12,Foxglove Osteria,1991 S Cortez St,Verano Bay,40522,Quarry End,+1 555 520 9676,https://www.foxgloveosteria.example,Japanese,$$,3.4,1327,pass,pass,0.78,n/a,none,unknown,large,Foxglove Inc
R003107,dineline,2026-07-10,Lantern Table,7955 S Quinton Rd,Verano Bay,40169,Quarry End,5556321382,https://www.lanterntable.example,Vietnamese,$$,4.5,120,pass,pass,0.98,unknown,none,unknown,mid-cap,Lantern Group
R000928,civicpages,2026-07-20,Blue Heron Trattoria Restaurant,1018 S Calder Rd,Verano Bay,40714,Calder Park,5558410047,https://www.blueherontrattoria.example,Indian,$$,4.3,510,pass,pass,0.85,not found,none,unknown,SME,
R003009,atlasmaps,2026-07-09,INKWELL KIOSK,1100 W Wexley Boulevard,Verano Bay,40466,Quarry End,555.316.6052,https://www.inkwellkiosk.example,Contemporary,$$$,3.5,765,fail,fail,0.76,ironcladpos,website_fingerprint,fail,SME,
R002873,atlasmaps,2026-07-17,Palisade Express 1 - Sablewood,7712 West Mallow Boulevard,Verano Bay,40756,Palisade Park,555.890.5456,,Korean,$$$$,4.2,1630,pass,fail,0.84,Unknown,none,unknown,SME,
R001950,civicpages,2026-07-08,Salt & Vine Alehouse,3203 S Cortez Road,Verano Bay,40216,Stillwater,5555413866,,Thai,$$$$,4.6,429,pass,pass,0.93,unknown,none,unknown,SME,
R000883,bookwell,2026-07-16,Amber Tavern,521 N Bayard Ave,Verano Bay,40305,Old Mill,5552998422,https://www.ambertavern.example,Korean,$$$,3.8,1730,pass,pass,0.78,N/A,none,unknown,SME,
R001530,civicpages,2026-07-03,DOVETAIL ALEHOUSE,3207 East Cortez Street,Verano Bay,40473,Sablewood,555-361-5085,,Mediterranean,$$,4.6,1553,pass,pass,0.97,n/a,none,unknown,SME,
R000073,dineline,2026-07-25,Ember Dining Room - Fox Hollow,6846 S Tarrow Rd,Verano Bay,40764,Bayview Flats,+1 555 383 0788,https://www.emberdiningroom.example,Mediterranean,$,3.7,1223,pass,pass,0.93,-,none,unknown,SME,
R003270,dineline,2026-07-26,Harrow Cantina,7267 W Ashfield Blvd,Verano Bay,40607,Cedar Cross,5559437668,https://www.harrowcantina.example,Greek,$$,3.6,1771,pass,pass,0.76,not found,none,unknown,large,Harrow Inc
R002444,roamly,2026-07-24,Loam Sandwich Shop,"3427 S Prospect Rd, Verano Bay",Verano Bay,40604,Quarry End,555-870-6534,https://www.loamsandwichshop.example,Indian,$$$$,4.3,216,pass,fail,0.82,NorthStar,website_fingerprint,pass,SME,
R001742,roamly,2026-07-18,TIN ROOF STEAKHOUSE,924 South Wexley Road,Verano Bay,40798,Templeton,555.980.6648,https://www.tinroofsteakhouse.example,Japanese,$$,4.3,763,pass,pass,0.75,UNKNOWN,none,unknown,SME,
R000527,dineline,2026-07-12,Fallowfield Alehouse,439 S Bayard Ave,Verano Bay,40297,Windrow,555.612.5370,https://www.fallowfieldalehouse.example,Indian,$$,4.6,909,pass,pass,0.8,n/a,none,unknown,SME,
R002016,civicpages,2026-07-10,The Amber Chophouse,389 W Calder St,Verano Bay,40256,Rivera District,+1 555 413 9264,https://www.amberchophouse.example,Peruvian,$$,3.5,1533,pass,pass,0.73,not found,none,unknown,SME,
R002283,civicpages,2026-07-14,Oxbow Counter,282 S Vance St,Verano Bay,40733,Old Mill,,,Spanish,$$$$,3.5,1898,fail,fail,0.9,N/A,none,unknown,SME,
R003413,tablefind,2026-06-30,Motherland Table,"1037 N Prospect Ave, Verano Bay",Kestrel Falls,40596,,+15555216009,https://www.motherlandtable.example,Italian,$$,3.9,1272,pass,pass,0.74,-,none,unknown,SME,
R000441,roamly,2026-07-09,Understory Trattoria,4373 S Quinton Blvd,Verano Bay,40156,Old Mill,(555) 441-8723,https://www.understorytrattoria.example,Seafood,$,3.4,1593,pass,pass,0.84,-,none,unknown,SME,
R002773,civicpages,2026-07-14,Bramble Sandwich Shop,2234 N Calder Blvd,Verano Bay,40760,Ferrymead,555.500.9024,,Greek,$$$$,4.1,817,pass,fail,0.96,not found,none,unknown,SME,
R002505,dineline,2026-07-27,Persimmon Donuts,6850 S Vance Ave,Verano Bay,40323,Miradero,+15553306602,https://www.persimmondonuts.example,Mediterranean,$,3.5,545,pass,fail,0.8,N/A,none,unknown,SME,
R001779,tablefind,2026-07-06,Kinship Supper Club Verano Bay,4355 East Quinton Boulevard,Verano Bay,40617,Marisol,555.263.5323,https://www.kinshipsupperclub.example,Japanese,$$,3.6,550,pass,pass,0.88,unknown,none,unknown,SME,
R000537,civicpages,2026-07-18,The Wildwood Steakhouse,5960 S Ashfield Rd,Verano Bay,40629,Kingsway,+1 555 592 7940,https://www.wildwoodsteakhouse.example,Thai,$$$,4.4,1084,pass,pass,0.97,UNKNOWN,none,unknown,SME,
R001373,dineline,2026-07-27,Prairie Trattoria,7412 East Wexley St,Verano Bay,40524,Rivera District,555-448-7331,https://www.prairietrattoria.example,Indian,$$$,4.2,1671,pass,pass,0.88,unknown,none,unknown,SME,
R001121,dineline,2026-07-22,Violet Taqueria Restaurant,3048 West Bayard Avenue,Verano Bay,40563,Ferrymead,555-669-4701,,Ethiopian,$$,4.8,1646,pass,pass,0.85,-,none,unknown,SME,
R001228,civicpages,2026-07-08,Halcyon Tavern,"713 E Serra Ave, Verano Bay",Verano Bay,40116,Fox Hollow,5552933447,https://www.halcyontavern.example,Greek,$,4.7,643,pass,pass,0.98,unknown,none,unknown,SME,
R002428,atlasmaps,2026-07-28,Palisade Cafe,2348 W Wexley Blvd,Verano Bay,40598,Miradero,+15554838171,https://www.palisadecafe.example,French,$,3.3,119,pass,fail,0.84,cadence,website_fingerprint,fail,SME,
R002189,civicpages,2026-07-25,Fernwood House,5311 E Mallow St,Verano Bay,40127,Cedar Cross,+1 555 870 2160,https://www.fernwoodhouse.example,Vietnamese,$$,4.6,46,pass,pass,0.89,Unknown,none,unknown,SME,
R000831,dineline,2026-07-23,Motherland Grill,6706 W Lindmere Ave,Verano Bay,40622,Greenhithe,+1 555 613 1538,https://www.motherlandgrill.example,Barbecue,$$,3.6,673,pass,pass,0.95,Ironclad,website_fingerprint,fail,SME,
R002615,bookwell,2026-07-21,The Magpie Donuts,7341 South Quinton Street,Verano Bay,40250,Bayview Flats,5553556421,https://www.magpiedonuts.example,Spanish,$,4.2,318,pass,fail,0.78,Meridian Cloud POS,website_fingerprint,pass,SME,
R001844,atlasmaps,2026-07-21,Sixpence Brasserie,6578 W Wexley St,Verano Bay,40323,Quarry End,+15555027701,https://www.sixpencebrasserie.example,Italian,$$,4.3,847,pass,pass,0.79,not found,none,unknown,SME,
R003429,civicpages,2026-07-26,Cinder Supper Club,1094 N Cortez Rd,Northmoor,40119,,+15557944989,https://www.cindersupperclub.example,Japanese,$$$,4.8,517,pass,pass,0.97,,none,unknown,SME,
R002338,civicpages,2026-07-13,Tallgrass Juice Bar - Bayview Flats,1435 N Bayard St,Verano Bay,40287,Cedar Cross,555.885.5869,https://www.tallgrassjuicebar.example,Greek,$$,3.8,1320,fail,fail,0.75,Cadence Mini,website_fingerprint,fail,SME,
R002633,roamly,2026-07-03,Verde Deli,598 E Ashfield Blvd,Verano Bay,40372,Miradero,+15551675900,https://www.verdedeli.example,Korean,$$$,4.0,2186,pass,fail,0.98,-,none,unknown,SME,
R003149,atlasmaps,2026-07-22,Northbank Bistro,3668 S Lindmere Ave,Verano Bay,40707,Rivera District,555.150.8297,https://www.northbankbistro.example,Greek,$,3.5,1235,pass,pass,0.94,Unknown,none,unknown,mid-cap,Northbank Group
R000382,atlasmaps,2026-07-19,Nine Bridges Steakhouse,7163 W Halloway Blvd,Verano Bay,40106,Sablewood,5555807814,https://www.ninebridgessteakhouse.example,Barbecue,$,4.2,898,pass,pass,0.98,n/a,none,unknown,SME,
R002281,bookwell,2026-07-17,Ember Creamery,4332 W Cortez Ave,Verano Bay,40181,Old Mill,+15557192840,https://www.embercreamery.example,Spanish,$$,4.6,84,pass,fail,0.75,N/A,none,unknown,SME,
R003443,bookwell,2026-07-07,Jackdaw House - Alder Heights,"5852 N Halloway Ave, Verano Bay",Kestrel Falls,40380,,(555) 389-8574,https://www.jackdawhouse.example,Polish,$$$,4.2,644,pass,pass,0.76,Unknown,none,unknown,SME,
R000576,civicpages,2026-07-19,Cinder Kitchen,344 East Prospect St,Verano Bay,40371,Marisol,555-545-1514,https://www.cinderkitchen.example,Japanese,$$$,3.4,660,pass,pass,0.91,n/a,none,unknown,SME,
R003030,roamly,2026-07-24,Sorrel Cafe,2822 E Tarrow Rd,Verano Bay,40739,Corvo Heights,(555) 881-7994,https://www.sorrelcafe.example,Mexican,$$$,4.4,238,fail,fail,0.81,unknown,none,unknown,SME,
R003306,tablefind,2026-07-14,Gallow Table,3608 S Lindmere Blvd,Verano Bay,40291,Sablewood,+1 555 928 6828,https://www.gallowtable.example,Vietnamese,$$$,4.8,630,pass,pass,0.81,N/A,none,unknown,large,Gallow Inc
R003064,atlasmaps,2026-07-03,Halcyon Dining Room,2433 N Prospect Ave,Verano Bay,40744,Corvo Heights,555-644-2073,https://www.halcyondiningroom.example,Contemporary,$,4.0,619,pass,pass,0.87,N/A,none,unknown,mid-cap,Halcyon Group
R002564,roamly,2026-07-02,Salt & Vine To Go,4198 W Prospect St,Verano Bay,40731,Sunfield,5551039468,,Greek,$$$$,4.6,551,fail,fail,0.9,N/A,none,unknown,SME,
R002384,dineline,2026-07-19,Rosewater Cafe,6277 W Mallow Blvd,Verano Bay,40390,Marisol,555-213-1136,https://www.rosewatercafe.example,Vietnamese,$$,4.2,1460,pass,fail,0.88,unknown,none,unknown,SME,
R001653,tablefind,2026-07-12,The Magpie House,2007 West Tarrow Rd,Verano Bay,40503,Alder Heights,555.471.2652,https://www.magpiehouse.example,Korean,$$$$,3.8,1001,pass,pass,0.86,cadence flex,website_fingerprint,fail,SME,
R002205,bookwell,2026-07-06,Gallow Dining Room - Bramble Row,794 North Wexley Rd,Verano Bay,40686,Old Mill,555-115-6880,https://www.gallowdiningroom.example,Polish,$,4.6,84,pass,pass,0.81,N/A,none,unknown,SME,
R002607,roamly,2026-07-21,Redbird Deli,1294 S Mallow Ave,Verano Bay,40578,Marisol,555-536-8094,,Seafood,$$,4.0,895,fail,fail,0.89,n/a,none,unknown,SME,
R001835,roamly,2026-07-07,Kingfisher Grill,6165 South Bayard Street,Verano Bay,40260,Alder Heights,555-951-8618,https://www.kingfishergrill.example,Ethiopian,$$$,4.4,1352,pass,pass,0.87,unknown,none,unknown,SME,
R001351,civicpages,2026-07-27,Jackdaw Brasserie,6751 E Vance Ave,Verano Bay,40100,Ashgrove,+1 555 363 0393,,Japanese,$$$$,3.8,543,pass,pass,0.9,Unknown,none,unknown,SME,
R000822,atlasmaps,2026-06-30,Marigold House,5776 N Calder Ave,Verano Bay,40414,Sunfield,+1 555 600 7918,https://www.marigoldhouse.example,Thai,$$,3.8,1437,pass,pass,0.81,Unknown,none,unknown,SME,
R002356,bookwell,2026-07-03,Quarry Creamery 1,144 S Calder St,Verano Bay,40197,Old Mill,,https://www.quarrycreamery1.example,Spanish,$$,4.1,1623,fail,fail,0.76,,none,unknown,SME,
R003341,dineline,2026-07-10,OLIVE & ASH CANTINA,3660 West Wexley Blvd,Verano Bay,40554,Templeton,(555) 267-7916,https://www.oliveashcantina.example,Vietnamese,$$$,4.4,1115,pass,pass,0.84,Unknown,none,unknown,large,Olive Inc
R001565,bookwell,2026-07-06,Kettle Chophouse - Old Mill,2387 W Lindmere Blvd,Verano Bay,40105,Bramble Row,555-955-7005,https://www.kettlechophouse.example,Greek,$$$$,4.4,505,pass,pass,0.75,Unknown,none,unknown,SME,
R001780,bookwell,2026-07-13,Kinship Supper Club - Quarry End,4355 E Quinton Blvd,Verano Bay,40580,Marisol,(555) 263-5323,https://www.kinshipsupperclub.example,Japanese,$$,3.5,647,pass,pass,0.76,Ironclad POS,website_fingerprint,fail,SME,
R000426,bookwell,2026-07-28,Rosewater Brasserie,3525 W Bayard St,Verano Bay,40754,Ashgrove,555-423-7981,https://www.rosewaterbrasserie.example,Greek,$$$,4.4,1179,pass,pass,0.73,ironcladpos,website_fingerprint,fail,SME,
R001487,dineline,2026-07-25,Rookery Osteria,7458 E Quinton St,Verano Bay,40215,Ferrymead,5555385752,,Seafood,$$$$,4.3,416,pass,pass,0.72,not found,none,unknown,SME,
R000617,roamly,2026-06-30,Lantern Wine Bar,6272 W Ashfield Blvd,Verano Bay,40699,Greenhithe,555.773.6190,,Italian,$$$,4.3,988,pass,pass,0.74,N/A,none,unknown,SME,
R001777,tablefind,2026-07-27,Rambler Cantina - Quarry End,7913 E Halloway Street,Verano Bay,40392,Lantern Hill,5552234047,https://www.ramblercantina.example,Steakhouse,$$,4.3,110,pass,pass,0.92,Unknown,none,unknown,SME,
R000836,tablefind,2026-07-01,Bramble Cantina,5001 E Ashfield St,Verano Bay,40149,Quarry End,555-201-0991,https://www.bramblecantina.example,Italian,$$,4.4,996,pass,pass,0.98,N/A,none,unknown,SME,
R001877,bookwell,2026-07-07,Ember Kitchen,339 E Lindmere Rd,Verano Bay,40726,Stillwater,555.890.8755,https://www.emberkitchen.example,Italian,$$,4.2,1824,pass,pass,0.76,-,none,unknown,SME,
R000819,roamly,2026-07-18,SIXPENCE ALEHOUSE,5285 N Prospect Road,Verano Bay,40409,Harbor Point,555.611.6531,https://www.sixpencealehouse.example,Mediterranean,$,3.4,461,pass,pass,0.83,,none,unknown,SME,
R003420,dineline,2026-07-21,Rosewater Table Restaurant,3587 S Prospect Avenue,Sundermere,40202,,(555) 517-3539,https://www.rosewatertable.example,Contemporary,$$,4.5,301,pass,pass,0.83,Cadence,website_fingerprint,fail,SME,
R001275,atlasmaps,2026-07-25,Lantern Alehouse,7324 E Rivermead Blvd,Verano Bay,40229,Stillwater,+1 555 131 5271,,Contemporary,$$$,4.8,854,pass,pass,0.78,-,none,unknown,SME,
R001660,atlasmaps,2026-07-02,Cobalt Cantina,5290 N Tarrow Blvd,Verano Bay,40262,Sablewood,5554545617,https://www.cobaltcantina.example,Seafood,$$$,3.3,142,pass,pass,0.82,not found,none,unknown,SME,
R002241,atlasmaps,2026-07-04,SORREL ALEHOUSE,2211 East Mallow Ave,Verano Bay,40148,Greenhithe,5557347048,https://www.sorrelalehouse.example,Barbecue,$$,4.6,117,pass,pass,0.92,not found,none,unknown,SME,
R002849,tablefind,2026-07-18,Amber Cafe 1 - Windrow,1837 S Lindmere Ave,Verano Bay,40703,Old Mill,555.714.6649,https://www.ambercafe1.example,Seafood,$$,3.6,882,fail,fail,0.83,not found,none,unknown,SME,
R001794,atlasmaps,2026-07-14,Blue Heron Grill,6221 N Wexley St,Verano Bay,40166,Stillwater,+1 555 263 8572,https://www.blueherongrill.example,Greek,$$$$,4.3,1966,pass,pass,0.83,UNKNOWN,none,unknown,SME,
R000390,atlasmaps,2026-07-11,Driftwood Room - Ashgrove,6802 South Quinton Ave,Verano Bay,40354,Corvo Heights,,https://www.driftwoodroom.example,Ethiopian,$$$$,3.8,700,pass,pass,0.88,-,none,unknown,SME,
R001970,dineline,2026-07-09,Silverfin Brasserie,4503 E Bayard Ave,Verano Bay,40198,Windrow,5553083968,https://www.silverfinbrasserie.example,Mexican,$,3.8,1251,pass,pass,0.84,UNKNOWN,none,unknown,SME,
R003008,tablefind,2026-07-01,Inkwell Kiosk - Harbor Point,1100 West Wexley Blvd,Verano Bay,40180,Quarry End,+15553166052,https://www.inkwellkiosk.example,Contemporary,$$$,3.5,874,fail,fail,0.81,Ironclad POS,website_fingerprint,fail,SME,
R002010,tablefind,2026-07-05,Marigold Tavern,7154 E Tarrow St,Verano Bay,40167,Stillwater,+15559920053,,Thai,$$,3.5,840,pass,pass,0.8,Unknown,none,unknown,SME,
R003055,bookwell,2026-07-18,Foxglove Bakery,2592 N Tarrow Ave,Verano Bay,40381,Rivera District,+15551691942,https://www.foxglovebakery.example,Greek,$$$$,4.0,262,fail,fail,0.93,unknown,none,unknown,SME,
R000512,roamly,2026-07-26,Gallow Tavern,533 N Fennimore Blvd,Verano Bay,40631,Quarry End,+15556795590,,Seafood,$$$,4.0,1042,pass,pass,0.87,unknown,none,unknown,SME,
R000922,bookwell,2026-07-19,Persimmon Table Restaurant,4096 W Vance Road,Verano Bay,40632,Sunfield,(555) 727-6182,https://www.persimmontable.example,Korean,$$$,4.4,485,pass,pass,0.9,ironclad,website_fingerprint,fail,SME,
R000521,tablefind,2026-07-28,TIDEWATER WINE BAR,"7107 S Halloway Ave, Verano Bay",Verano Bay,40219,Stillwater,+1 555 611 9281,https://www.tidewaterwinebar.example,Polish,$$$$,4.0,434,pass,pass,0.8,unknown,none,unknown,SME,
R000238,tablefind,2026-07-20,Vesper Cantina - Kingsway,4168 West Cortez Street,Verano Bay,40624,Bramble Row,+15559365456,https://www.vespercantina.example,Japanese,$$$$,4.8,36,pass,pass,0.93,n/a,none,unknown,SME,
R000438,bookwell,2026-07-25,Thicket Dining Room,2704 S Serra Ave,Verano Bay,40502,Windrow,+1 555 178 7187,https://www.thicketdiningroom.example,Spanish,$$$,3.3,190,pass,pass,0.75,UNKNOWN,none,unknown,SME,
R003187,roamly,2026-07-20,Tidewater Taqueria Verano Bay,154 East Cortez Road,Verano Bay,40509,Harbor Point,555.976.8780,https://www.tidewatertaqueria.example,Italian,$$,3.6,1215,pass,pass,0.73,N/A,none,unknown,mid-cap,Tidewater Group
R000984,bookwell,2026-07-21,Bellwether Cantina,1576 N Halloway Rd,Verano Bay,40407,Stillwater,(555) 985-4744,,French,$$,3.5,1248,pass,pass,0.86,Unknown,none,unknown,SME,
R001014,tablefind,2026-07-28,Stonecutter Room Verano Bay,6814 South Serra Ave,Verano Bay,40129,Fox Hollow,555.835.7786,https://www.stonecutterroom.example,Mediterranean,$$,4.4,112,pass,pass,0.85,Unknown,none,unknown,SME,
R000796,tablefind,2026-07-27,Stonecutter Dining Room,1261 W Cortez Blvd,Verano Bay,40562,Templeton,+1 555 320 4738,https://www.stonecutterdiningroom.example,Greek,$$,3.5,991,pass,pass,0.87,not found,none,unknown,SME,
R002237,tablefind,2026-07-26,Nightjar Table,5948 W Lindmere Ave,Verano Bay,40240,Lantern Hill,+1 555 672 0014,,French,$$$,3.6,1363,pass,pass,0.76,unknown,none,unknown,SME,
R001597,roamly,2026-07-12,Salt & Vine Chophouse Restaurant,4026 North Tarrow Boulevard,Verano Bay,40602,Corvo Heights,+1 555 186 5292,,Vietnamese,$$$,4.4,1095,pass,pass,0.91,,none,unknown,SME,
R000869,atlasmaps,2026-07-14,Cobalt Kitchen,5311 E Prospect St,Verano Bay,40446,Corvo Heights,(555) 478-4952,https://www.cobaltkitchen.example,Spanish,$$$$,4.4,217,pass,pass,0.8,N/A,none,unknown,SME,
R000776,tablefind,2026-07-03,Tallgrass Room,7789 East Bayard Avenue,Verano Bay,40584,Templeton,,https://www.tallgrassroom.example,Steakhouse,$$,4.5,192,pass,pass,0.96,,none,unknown,SME,
R002898,roamly,2026-07-14,The Hearth Creamery,1791 West Bayard Avenue,Verano Bay,40314,Ferrymead,+1 555 441 1868,,Spanish,$$$,4.8,928,fail,fail,0.83,,none,unknown,SME,
R002288,atlasmaps,2026-07-05,Ember Cafe,5282 S Calder Rd,Verano Bay,40465,Alder Heights,5556150539,https://www.embercafe.example,Korean,$$,4.1,96,pass,fail,0.78,n/a,none,unknown,SME,
R000361,roamly,2026-07-08,Sorrel Taqueria,7703 W Calder St,Verano Bay,40379,Miradero,(555) 168-8204,https://www.sorreltaqueria.example,Indian,$$$$,3.9,112,pass,pass,0.99,UNKNOWN,none,unknown,SME,
R003203,roamly,2026-07-17,Sparrow Chophouse Restaurant,917 North Bayard Road,Verano Bay,40761,Sablewood,+1 555 287 6202,https://www.sparrowchophouse.example,Ethiopian,$$$,3.5,1884,pass,pass,0.75,Cadence POS,website_fingerprint,fail,mid-cap,Sparrow Group
R002376,atlasmaps,2026-07-15,Redbird Sandwich Shop Verano Bay,1022 South Serra Boulevard,Verano Bay,40103,Corvo Heights,555.827.5254,https://www.redbirdsandwichshop.example,Peruvian,$$,4.6,908,pass,fail,0.91,N/A,none,unknown,SME,
R000121,tablefind,2026-07-26,Motherland House,968 E Halloway Avenue,Verano Bay,40537,Fox Hollow,5558209943,,Ethiopian,$,3.6,1101,pass,pass,0.9,UNKNOWN,none,unknown,SME,
R002617,tablefind,2026-06-30,Foxglove Donuts,7034 W Bayard Rd,Verano Bay,40622,Ashgrove,(555) 440-3672,https://www.foxglovedonuts.example,Polish,$$$,4.0,70,pass,fail,0.96,unknown,none,unknown,SME,
R002834,atlasmaps,2026-07-04,Gallow Kiosk,4777 E Rivermead Blvd,Verano Bay,40510,Sablewood,(555) 892-4270,https://www.gallowkiosk.example,Ethiopian,$$$$,4.2,357,fail,fail,0.96,unknown,none,unknown,SME,
R000561,atlasmaps,2026-07-04,Copper Bistro,3404 W Lindmere Rd,Verano Bay,40433,Stillwater,555-143-5967,https://www.copperbistro.example,Polish,$$$,3.8,203,pass,pass,0.87,Ironclad,website_fingerprint,fail,SME,
R002085,atlasmaps,2026-07-15,Thistle Steakhouse,1982 E Halloway Rd,Verano Bay,40729,Windrow,+15551264622,https://www.thistlesteakhouse.example,Vietnamese,$,4.7,310,pass,pass,0.88,Tessera Express,website_fingerprint,pass,SME,
R000853,dineline,2026-07-13,Thistle Dining Room,7277 N Vance Rd,Verano Bay,40584,Stillwater,+15554490004,https://www.thistlediningroom.example,Mediterranean,$$,4.3,1061,pass,pass,0.95,UNKNOWN,none,unknown,SME,
R001225,civicpages,2026-07-01,Nine Bridges Room,5477 S Fennimore St,Verano Bay,40267,Kingsway,5559587973,https://www.ninebridgesroom.example,Japanese,$$,3.9,745,pass,pass,0.95,UNKNOWN,none,unknown,SME,
R000736,roamly,2026-07-10,Foxtail Grill,977 E Lindmere Blvd,Verano Bay,40731,Fox Hollow,+1 555 192 6335,https://www.foxtailgrill.example,Polish,$$$,4.9,2267,pass,pass,0.86,not found,none,unknown,SME,
R000608,civicpages,2026-07-05,Pike Kitchen,1481 S Mallow Blvd,Verano Bay,40241,Ashgrove,555-531-7719,https://www.pikekitchen.example,Greek,$$,4.6,917,pass,pass,0.76,ironcladpos,website_fingerprint,fail,SME,
R002327,bookwell,2026-06-30,Cinder Express,7539 N Vance Blvd,Verano Bay,40659,Quarry End,+15554828186,,Barbecue,$$$$,4.6,1250,fail,fail,0.91,n/a,none,unknown,SME,
R001039,roamly,2026-07-07,SAFFRON TAVERN,5342 West Prospect Street,Verano Bay,40245,Bayview Flats,555-166-9436,https://www.saffrontavern.example,Vietnamese,$$,4.4,1091,pass,pass,0.92,unknown,none,unknown,SME,
R000396,dineline,2026-07-17,Bramble Taqueria,2021 E Calder Blvd,Verano Bay,40236,Rivera District,5559603193,https://www.brambletaqueria.example,Mexican,$$$,3.6,1494,pass,pass,0.77,-,none,unknown,SME,
R001101,dineline,2026-07-01,BRAMBLE ALEHOUSE,"5696 W Fennimore Rd, Verano Bay",Verano Bay,40624,Stillwater,+15556923145,,Barbecue,$$$,3.9,1309,pass,pass,0.96,Unknown,none,unknown,SME,
R003465,dineline,2026-07-18,Amber Room,7155 E Lindmere St,Calla Ridge,40768,,5558242592,https://www.amberroom.example,Korean,$$,4.6,1323,pass,pass,0.84,Ironclad,website_fingerprint,fail,SME,
R001034,roamly,2026-07-08,Verde Osteria,3201 W Mallow Rd,Verano Bay,40579,Sunfield,(555) 627-1295,https://www.verdeosteria.example,Indian,$$$,4.7,1761,pass,pass,0.84,n/a,none,unknown,SME,
R001122,bookwell,2026-07-26,Violet Taqueria - Alder Heights,3048 West Bayard Ave,Verano Bay,40484,Ferrymead,555-669-4701,,Ethiopian,$$,4.8,1536,pass,pass,0.74,unknown,none,unknown,SME,
R001332,atlasmaps,2026-07-07,Juniper Table,3136 W Vance St,Verano Bay,40630,Lantern Hill,555.794.6078,https://www.junipertable.example,Spanish,$$$$,4.7,122,pass,pass,0.92,N/A,none,unknown,SME,
R002750,roamly,2026-07-17,Yarrow Kiosk,1126 E Prospect Rd,Verano Bay,40455,Alder Heights,+15558112674,https://www.yarrowkiosk.example,Contemporary,$,3.5,848,fail,fail,0.96,unknown,none,unknown,SME,
R001841,tablefind,2026-07-15,Nine Bridges Table,3268 E Vance Ave,Verano Bay,40700,Windrow,5557048580,https://www.ninebridgestable.example,Greek,$$$,4.0,493,pass,pass,0.82,not found,none,unknown,SME,
R000275,bookwell,2026-07-27,Motherland Brasserie,926 W Tarrow St,Verano Bay,40494,Ashgrove,555-848-8361,,Korean,$$,4.4,598,pass,pass,0.91,n/a,none,unknown,SME,
R003328,bookwell,2026-07-16,The Plumb Dining Room,"1468 N Quinton Blvd, Verano Bay",Verano Bay,40467,Cedar Cross,+15558947075,https://www.plumbdiningroom.example,Mediterranean,$$$,3.6,313,pass,pass,0.79,Meridian Cloud POS,website_fingerprint,pass,large,Plumb Inc
R001439,dineline,2026-07-07,Tin Roof Grill,1070 S Vance St,Verano Bay,40203,Cedar Cross,555.787.5728,https://www.tinroofgrill.example,Vietnamese,$$$$,3.9,279,pass,pass,0.96,n/a,none,unknown,SME,
R002937,tablefind,2026-07-20,Salt & Vine Express,2540 W Tarrow Blvd,Verano Bay,40426,Rivera District,+15553274209,,Greek,$,4.7,1367,pass,fail,0.96,,none,unknown,SME,
R001302,civicpages,2026-07-10,FOXTAIL ALEHOUSE,1730 S Quinton St,Verano Bay,40709,Sunfield,,https://www.foxtailalehouse.example,Seafood,$$$,3.8,362,pass,pass,0.88,Unknown,none,unknown,SME,
R003162,roamly,2026-07-03,Saffron House - Calder Park,7440 West Calder Blvd,Verano Bay,40633,Greenhithe,+15553828637,https://www.saffronhouse.example,Thai,$$,4.2,1224,pass,pass,0.88,Unknown,none,unknown,mid-cap,Saffron Group
R003256,bookwell,2026-07-13,Sparrow Room,7146 S Cortez St,Verano Bay,40239,Stillwater,+15554938722,https://www.sparrowroom.example,Contemporary,$$$,3.9,1207,pass,pass,0.77,cadence flex,website_fingerprint,fail,mid-cap,Sparrow Group
R003401,roamly,2026-06-30,Tidewater Grill,3550 S Mallow St,Sundermere,40549,,(555) 400-0304,https://www.tidewatergrill.example,Ethiopian,$$,3.8,522,pass,pass,0.82,Unknown,none,unknown,SME,
R001407,atlasmaps,2026-07-09,Mercado Table,6106 S Tarrow Ave,Verano Bay,40377,Ferrymead,+1 555 357 2531,https://www.mercadotable.example,Steakhouse,$$$,3.9,1681,pass,pass,0.72,Fern Post,website_fingerprint,fail,SME,
R002113,roamly,2026-07-09,The Pike Bistro,2553 South Lindmere Boulevard,Verano Bay,40229,Stillwater,555-767-5879,,Thai,$,4.0,698,pass,pass,0.97,-,none,unknown,SME,
R000948,atlasmaps,2026-07-28,Thistle Smokehouse,6089 W Mallow Rd,Verano Bay,40589,Corvo Heights,+1 555 678 4395,https://www.thistlesmokehouse.example,Polish,$$$,4.0,1302,pass,pass,0.73,n/a,none,unknown,SME,
R002479,atlasmaps,2026-07-09,Kinship Creamery,148 West Quinton Street,Verano Bay,40535,Bramble Row,5556336290,,Ethiopian,$$,4.8,605,pass,fail,0.87,UNKNOWN,none,unknown,SME,
R001716,roamly,2026-07-03,Larkspur Trattoria,6277 N Ashfield St,Verano Bay,40284,Sunfield,(555) 738-2144,https://www.larkspurtrattoria.example,Seafood,$$$,4.9,1484,pass,pass,0.89,Unknown,none,unknown,SME,
R001688,civicpages,2026-07-23,Nettle Tavern,1932 S Prospect Blvd,Verano Bay,40171,Miradero,(555) 268-4860,https://www.nettletavern.example,Indian,$$$,4.4,747,pass,pass,0.94,not found,none,unknown,SME,
R000730,atlasmaps,2026-07-27,Dovetail Brasserie,7030 E Ashfield St,Verano Bay,40522,Sablewood,555.685.1661,https://www.dovetailbrasserie.example,French,$$$,3.7,1666,pass,pass,0.83,Cadence,website_fingerprint,fail,SME,
R001491,roamly,2026-07-18,Wildwood Table,3358 North Tarrow Blvd,Verano Bay,40178,Old Mill,5553900080,https://www.wildwoodtable.example,Indian,$$$$,4.4,1255,pass,pass,0.81,not found,none,unknown,SME,
R000469,civicpages,2026-07-16,Palisade Grill,3168 E Rivermead Rd,Verano Bay,40630,Rivera District,555-819-0423,https://www.palisadegrill.example,Steakhouse,$$$,4.0,1132,pass,pass,0.98,UNKNOWN,none,unknown,SME,
R001880,atlasmaps,2026-07-25,Kettle Taqueria,4114 S Rivermead Ave,Verano Bay,40793,Cedar Cross,555-110-5140,https://www.kettletaqueria.example,Peruvian,$$$$,4.2,1901,pass,pass,0.79,n/a,none,unknown,SME,
R002991,bookwell,2026-07-09,Tin Roof Smoothie,4127 East Wexley Ave,Verano Bay,40482,Alder Heights,5552555913,https://www.tinroofsmoothie.example,Barbecue,$,4.2,984,fail,fail,0.82,Fernpost,website_fingerprint,fail,SME,
R003246,tablefind,2026-07-17,Larkspur Steakhouse,2942 N Fennimore Rd,Verano Bay,40713,Cedar Cross,(555) 295-6959,https://www.larkspursteakhouse.example,Korean,$$,4.9,704,pass,pass,0.81,n/a,none,unknown,mid-cap,Larkspur Group
R002820,civicpages,2026-07-11,Amber Coffee 1,3691 E Fennimore St,Verano Bay,40361,Lantern Hill,555-481-8667,https://www.ambercoffee1.example,Japanese,$$$,3.8,368,fail,fail,0.88,Cadence,website_fingerprint,fail,SME,
R001513,tablefind,2026-07-10,Zephyr Trattoria,7891 South Wexley St,Verano Bay,40762,Rivera District,+1 555 225 1854,https://www.zephyrtrattoria.example,French,$$$,4.1,810,pass,pass,0.91,Cadence Mini,website_fingerprint,fail,SME,
R002274,atlasmaps,2026-07-04,Palisade Coffee,1710 W Fennimore Ave,Verano Bay,40582,Stillwater,555-667-5202,https://www.palisadecoffee.example,Japanese,$$$,4.7,372,pass,fail,0.96,-,none,unknown,SME,
R001578,civicpages,2026-07-15,NIGHTJAR HOUSE,4506 E Halloway Boulevard,Verano Bay,40155,Sunfield,+1 555 756 6332,,Vietnamese,$$$$,4.5,190,pass,pass,0.84,-,none,unknown,SME,
R002169,atlasmaps,2026-07-08,Roan Supper Club,6655 E Mallow Blvd,Verano Bay,40699,Bramble Row,5557453356,https://www.roansupperclub.example,Ethiopian,$$$,4.0,517,pass,pass,0.98,ironclad,website_fingerprint,fail,SME,
R002648,tablefind,2026-07-11,Olive & Ash Juice Bar 1,6149 N Halloway Ave,Verano Bay,40247,Ferrymead,(555) 539-9220,https://www.oliveashjuicebar1.example,Vietnamese,$$$,4.2,1388,fail,fail,0.91,UNKNOWN,none,unknown,SME,
R000834,atlasmaps,2026-07-13,Verde Grill,7411 S Cortez St,Verano Bay,40103,Greenhithe,+1 555 156 7408,https://www.verdegrill.example,Thai,$$$,4.4,73,pass,pass,0.73,n/a,none,unknown,SME,
R000733,tablefind,2026-07-17,Persimmon Brasserie,3871 East Calder Street,Verano Bay,40289,Cedar Cross,5552891016,https://www.persimmonbrasserie.example,Italian,$$$$,3.7,974,pass,pass,0.92,vellum pos,website_fingerprint,pass,SME,
R000213,atlasmaps,2026-07-18,Warbler Chophouse,7078 S Calder St,Verano Bay,40293,Ashgrove,5552360630,https://www.warblerchophouse.example,Mexican,$$,4.9,1487,pass,pass,0.94,UNKNOWN,none,unknown,SME,
R002013,dineline,2026-07-15,Quarry Cantina,"633 W Cortez St, Verano Bay",Verano Bay,40663,Sunfield,555.543.1877,https://www.quarrycantina.example,French,$$,4.3,396,pass,pass,0.89,not found,none,unknown,SME,
R001719,atlasmaps,2026-07-03,Magpie Table,3663 W Lindmere St,Verano Bay,40528,Fox Hollow,5554220907,https://www.magpietable.example,Polish,$$$,3.7,1737,pass,pass,0.96,Unknown,none,unknown,SME,
R002053,bookwell,2026-07-13,HARROW OYSTER BAR,3950 East Tarrow Road,Verano Bay,40230,Cedar Cross,+1 555 139 7671,https://www.harrowoysterbar.example,Peruvian,$$,3.9,993,pass,pass,0.79,Meridian Cloud POS,website_fingerprint,pass,SME,
R001991,civicpages,2026-07-05,Sixpence Dining Room,6931 N Vance Blvd,Verano Bay,40767,Templeton,555-738-8037,,Vietnamese,$$$,4.3,959,pass,pass,0.83,,none,unknown,SME,
R002869,civicpages,2026-07-13,The Bramble Deli,1214 North Prospect Road,Verano Bay,40361,Marisol,555.961.9421,https://www.brambledeli.example,Seafood,$,4.5,1064,pass,fail,0.95,unknown,none,unknown,SME,
R001367,dineline,2026-07-22,Tallgrass Chophouse,3523 S Wexley St,Verano Bay,40208,Templeton,5552444066,https://www.tallgrasschophouse.example,Indian,$$$,3.3,1304,pass,pass,0.9,N/A,none,unknown,SME,
R001748,bookwell,2026-07-18,Fernwood Grill,4290 E Mallow Rd,Verano Bay,40446,Templeton,,https://www.fernwoodgrill.example,Seafood,$$,4.0,1086,pass,pass,0.83,N/A,none,unknown,SME,
R002910,civicpages,2026-07-08,Roan Cafe,7245 W Vance Blvd,Verano Bay,40282,Sablewood,5553979831,https://www.roancafe.example,Polish,$$$$,4.6,1345,pass,fail,0.79,unknown,none,unknown,SME,
R002365,roamly,2026-07-11,Quarry Juice Bar,2226 W Fennimore Blvd,Verano Bay,40193,Sablewood,555-210-0527,https://www.quarryjuicebar.example,Mediterranean,$$$,3.3,136,pass,fail,0.93,bluecrest pos,website_fingerprint,pass,SME,
R002153,dineline,2026-07-22,Blue Heron Steakhouse,4494 W Wexley St,Verano Bay,40274,Kingsway,5558636260,https://www.blueheronsteakhouse.example,Japanese,$$$,3.9,1166,pass,pass,0.91,Meridian Server,website_fingerprint,pass,SME,
R000131,civicpages,2026-07-16,Thicket Osteria,2866 E Ashfield Blvd,Verano Bay,40349,Cedar Cross,5552940655,https://www.thicketosteria.example,Spanish,$$,4.1,827,pass,pass,0.78,Ironclad POS,website_fingerprint,fail,SME,
R001216,roamly,2026-07-13,Vesper Bistro Restaurant,"1076 N Ashfield Blvd, Verano Bay",Verano Bay,40510,Kingsway,555-659-2723,,Indian,$$$,3.8,633,pass,pass,0.82,N/A,none,unknown,SME,
R000039,civicpages,2026-07-03,Halcyon Oyster Bar Verano Bay,1180 N Tarrow Rd,Verano Bay,40218,Fox Hollow,+15559830210,https://www.halcyonoysterbar.example,Polish,$$$,3.6,326,pass,pass,0.96,ironcladpos,website_fingerprint,fail,SME,Halcyon Dining
R000583,atlasmaps,2026-07-17,Loam Steakhouse,1303 N Vance St,Verano Bay,40799,Kingsway,555.782.7621,https://www.loamsteakhouse.example,Spanish,$$$$,4.1,1341,pass,pass,0.91,Unknown,none,unknown,SME,
R002868,tablefind,2026-07-19,Bramble Deli,1214 N Prospect Rd,Verano Bay,40649,Marisol,+15559619421,https://www.brambledeli.example,Seafood,$,4.4,1050,fail,fail,0.94,unknown,none,unknown,SME,
R000308,tablefind,2026-07-28,Yarrow Oyster Bar,3790 West Bayard Road,Verano Bay,40795,Bayview Flats,555-634-2622,https://www.yarrowoysterbar.example,Peruvian,$$$,4.4,1160,pass,pass,0.75,Cadence Station,website_fingerprint,fail,SME,
R002780,bookwell,2026-07-02,Stonecutter Express,7046 N Halloway St,Verano Bay,40606,Marisol,5555689865,https://www.stonecutterexpress.example,Japanese,$$$,4.1,1633,pass,fail,0.82,Cadence,website_fingerprint,fail,SME,
R002336,dineline,2026-07-25,The Zephyr Creamery,2387 N Tarrow Blvd,Verano Bay,40378,Rivera District,5552161365,https://www.zephyrcreamery.example,Polish,$$,3.6,198,pass,fail,0.96,not found,none,unknown,SME,
R000056,dineline,2026-06-30,Little Supper Club - Lantern Hill,1678 W Quinton Avenue,Verano Bay,40118,Fox Hollow,+15558854082,https://www.littlesupperclub.example,Ethiopian,$$$,4.5,445,pass,pass,0.86,not found,none,unknown,SME,Little Bear Group
R003130,civicpages,2026-07-23,The Tidewater Bistro,2520 South Wexley St,Verano Bay,40565,Palisade Park,5558514723,https://www.tidewaterbistro.example,Peruvian,$$$$,3.6,51,pass,pass,0.78,,none,unknown,mid-cap,Tidewater Group
R003363,civicpages,2026-07-07,Loam Bistro,7235 West Prospect Boulevard,Verano Bay,40301,Windrow,(555) 148-5078,https://www.loambistro.example,Contemporary,$$,4.3,550,pass,pass,0.8,cadence flex,website_fingerprint,fail,large,Loam Inc
R000574,atlasmaps,2026-07-20,Rosewater Room,5285 W Ashfield Ave,Verano Bay,40177,Bayview Flats,555.984.9171,https://www.rosewaterroom.example,Vietnamese,$$$$,3.4,837,pass,pass,0.94,N/A,none,unknown,SME,
R000164,dineline,2026-07-02,Olive & Ash Alehouse,5114 E Tarrow Blvd,Verano Bay,40119,Harbor Point,5559717723,,Indian,$$$$,4.3,1315,pass,pass,0.98,Unknown,none,unknown,SME,
R000299,bookwell,2026-07-13,Bramble Trattoria - Palisade Park,3540 S Prospect Ave,Verano Bay,40728,Sunfield,(555) 115-1007,https://www.brambletrattoria.example,Seafood,$$$,4.8,1128,pass,pass,0.74,Ironclad POS,website_fingerprint,fail,SME,
R002769,atlasmaps,2026-07-08,Ember To Go - Harbor Point,2653 E Serra Ave,Verano Bay,40270,Bayview Flats,+15559826300,,Ethiopian,$$,4.1,1390,pass,fail,0.93,UNKNOWN,none,unknown,SME,
R001852,tablefind,2026-07-08,Foxtail Tavern,3338 E Fennimore Blvd,Verano Bay,40381,Greenhithe,+1 555 686 8437,,Thai,$$,3.7,848,pass,pass,0.87,n/a,none,unknown,SME,
R002462,tablefind,2026-07-23,Kettle Cafe,6768 N Vance Rd,Verano Bay,40345,Templeton,555.117.4161,,Mexican,$$$,4.3,204,pass,fail,0.95,UNKNOWN,none,unknown,SME,
R000519,dineline,2026-07-08,Understory Smokehouse Restaurant,"1504 W Cortez Blvd, Verano Bay",Verano Bay,40486,Miradero,5555451898,https://www.understorysmokehouse.example,Ethiopian,$$$,4.0,1442,pass,pass,0.77,Meridian Server,website_fingerprint,pass,SME,
R002219,bookwell,2026-07-18,Olive & Ash Taqueria,"878 W Mallow Rd, Verano Bay",Verano Bay,40121,Sablewood,555-349-4797,,Japanese,$$$,4.2,1189,pass,pass,0.76,UNKNOWN,none,unknown,SME,
R003111,dineline,2026-07-20,Kettle Tavern,292 W Rivermead Rd,Verano Bay,40684,Ferrymead,(555) 501-3834,https://www.kettletavern.example,Peruvian,$$$$,3.8,783,pass,pass,0.79,-,none,unknown,mid-cap,Kettle Group
R001621,tablefind,2026-06-30,Oxbow Taqueria,560 W Prospect Blvd,Verano Bay,40542,Lantern Hill,5554191309,https://www.oxbowtaqueria.example,Vietnamese,$$,3.4,426,pass,pass,0.95,N/A,none,unknown,SME,
R001729,tablefind,2026-07-10,Tallgrass Dining Room Restaurant,1204 W Ashfield Street,Verano Bay,40602,Ashgrove,555.856.9032,https://www.tallgrassdiningroom.example,Contemporary,$,4.3,183,pass,pass,0.75,vellum pos,website_fingerprint,pass,SME,
R000533,dineline,2026-07-04,Marigold Oyster Bar Restaurant,5208 West Fennimore Street,Verano Bay,40671,Palisade Park,5559107149,,Seafood,$,3.8,1410,pass,pass,0.96,n/a,none,unknown,SME,
R000312,dineline,2026-07-02,Tin Roof Chophouse,1238 South Ashfield Road,Verano Bay,40636,Quarry End,5559287868,https://www.tinroofchophouse.example,Japanese,$$,3.7,588,pass,pass,0.8,N/A,none,unknown,SME,
R002170,roamly,2026-07-21,Roan Supper Club Verano Bay,6655 E Mallow Blvd,Verano Bay,40790,Bramble Row,5557453356,https://www.roansupperclub.example,Ethiopian,$$$,4.0,414,pass,pass,0.77,-,none,unknown,SME,
R001314,atlasmaps,2026-07-21,Verde Trattoria,6833 E Wexley Blvd,Verano Bay,40457,Templeton,5558606282,https://www.verdetrattoria.example,Indian,$,3.7,2101,pass,pass,0.91,Bluecrest,website_fingerprint,pass,SME,
R002613,tablefind,2026-07-01,Tallgrass Coffee 1,975 East Wexley Boulevard,Verano Bay,40247,Greenhithe,+15555244709,https://www.tallgrasscoffee1.example,Thai,$$,4.5,970,pass,fail,0.89,UNKNOWN,none,unknown,SME,
R002891,bookwell,2026-07-05,Marrow Coffee,3990 S Quinton Ave,Verano Bay,40329,Harbor Point,5551743803,https://www.marrowcoffee.example,Spanish,$$$$,3.9,1322,pass,fail,0.95,not found,none,unknown,SME,
R002507,tablefind,2026-07-12,Anchor Bakery,200 W Prospect St,Verano Bay,40320,Sunfield,555.180.6619,https://www.anchorbakery.example,Steakhouse,$$$,4.8,1593,pass,fail,0.95,cadence flex,website_fingerprint,fail,SME,
R002476,civicpages,2026-07-09,Bramble Express,2419 W Bayard St,Verano Bay,40611,Rivera District,+1 555 239 8486,,Mexican,$,4.3,1815,fail,fail,0.96,,none,unknown,SME,
R001002,civicpages,2026-07-10,Amber Dining Room,636 W Halloway St,Verano Bay,40571,Bramble Row,555.741.6843,,Vietnamese,$$,4.6,1244,pass,pass,0.83,,none,unknown,SME,
R001181,bookwell,2026-07-23,Amber Kitchen,2813 W Lindmere St,Verano Bay,40101,Quarry End,(555) 770-7201,https://www.amberkitchen.example,Barbecue,$$,3.9,1629,pass,pass,0.98,not found,none,unknown,SME,
R000572,civicpages,2026-07-04,Foxglove Cantina Verano Bay,1902 N Wexley St,Verano Bay,40760,Corvo Heights,555.334.9183,https://www.foxglovecantina.example,Mexican,$$$$,4.4,223,pass,pass,0.85,UNKNOWN,none,unknown,SME,
R000143,atlasmaps,2026-07-15,Violet Kitchen Verano Bay,"5116 N Prospect Rd, Verano Bay",Verano Bay,40654,Sablewood,+15556647873,https://www.violetkitchen.example,Steakhouse,$$,3.6,1554,pass,pass,0.77,BlueCrest,website_fingerprint,pass,SME,
R002284,dineline,2026-07-23,Redbird Boba,4902 E Bayard Blvd,Verano Bay,40361,Bayview Flats,,https://www.redbirdboba.example,Contemporary,$$,4.6,227,fail,fail,0.76,unknown,none,unknown,SME,
R002735,tablefind,2026-06-30,Sable Cafe - Lantern Hill,7609 South Tarrow Road,Verano Bay,40465,Sablewood,+1 555 830 5625,,Vietnamese,$$,4.3,698,fail,fail,0.96,n/a,none,unknown,SME,
R000813,tablefind,2026-07-27,Sparrow House,2907 W Ashfield Rd,Verano Bay,40732,Rivera District,555.303.7331,,Indian,$$$,4.0,1634,pass,pass,0.88,not found,none,unknown,SME,
R001318,roamly,2026-07-15,Foxtail House - Kingsway,6035 East Vance Road,Verano Bay,40315,Ferrymead,+1 555 524 9523,https://www.foxtailhouse.example,Thai,$,4.9,1399,pass,pass,0.73,IRONCLAD,website_fingerprint,fail,SME,
R000296,civicpages,2026-07-01,Foxtail Wine Bar Verano Bay,2399 N Wexley Rd,Verano Bay,40700,Alder Heights,5555716094,https://www.foxtailwinebar.example,Contemporary,$$,3.9,450,pass,pass,0.94,,none,unknown,SME,
R002754,tablefind,2026-07-21,Wren Boba,2547 N Prospect Ave,Verano Bay,40576,Bayview Flats,555-628-0282,,Indian,$$,4.3,232,pass,fail,0.77,N/A,none,unknown,SME,
R001600,bookwell,2026-07-28,Marigold Grill,3812 S Calder Ave,Verano Bay,40588,Sablewood,555.695.7888,https://www.marigoldgrill.example,Greek,$$,4.3,907,pass,pass,0.74,N/A,none,unknown,SME,
R002463,bookwell,2026-07-06,Kettle Cafe Restaurant,6768 N Vance Rd,Verano Bay,40709,Templeton,555-117-4161,,Mexican,$$$,4.4,196,pass,fail,0.84,n/a,none,unknown,SME,
R000144,tablefind,2026-07-08,Violet Kitchen,5116 N Prospect Rd,Verano Bay,40366,Sablewood,5556647873,https://www.violetkitchen.example,Steakhouse,$$,3.8,1356,pass,pass,0.98,Bluecrest,website_fingerprint,pass,SME,
R000286,atlasmaps,2026-07-12,Sparrow Bistro - Sunfield,2206 East Serra Avenue,Verano Bay,40700,Windrow,555.348.4387,,Japanese,$,4.0,1020,pass,pass,0.97,-,none,unknown,SME,
R003386,bookwell,2026-07-10,Sable Tavern,697 S Serra Rd,Calla Ridge,40771,,555-503-1934,https://www.sabletavern.example,Polish,$$$,3.3,1665,pass,pass,0.82,not found,none,unknown,SME,
R000167,dineline,2026-07-08,Nightjar Alehouse,3484 W Wexley Blvd,Verano Bay,40484,Ferrymead,(555) 747-8058,https://www.nightjaralehouse.example,Italian,$,4.7,241,pass,pass,0.74,bluecrest pos,website_fingerprint,pass,SME,
R001455,dineline,2026-07-26,Warbler Room,410 N Fennimore Blvd,Verano Bay,40286,Bramble Row,(555) 335-8592,https://www.warblerroom.example,Indian,$$,3.6,777,pass,pass,0.77,cadence,website_fingerprint,fail,SME,
R002107,atlasmaps,2026-07-19,Hearth Room,4221 E Bayard St,Verano Bay,40412,Corvo Heights,+15552160464,https://www.hearthroom.example,Korean,$$,3.6,291,pass,pass,0.85,UNKNOWN,none,unknown,SME,
R002149,dineline,2026-07-26,Ironwood House,447 S Cortez St,Verano Bay,40723,Miradero,555.230.3763,,Peruvian,$$$,3.8,1293,pass,pass,0.97,not found,none,unknown,SME,
R003176,bookwell,2026-07-02,Kettle Table,889 N Cortez Blvd,Verano Bay,40129,Windrow,5553993643,https://www.kettletable.example,Steakhouse,$$$,3.7,122,pass,pass,0.84,,none,unknown,mid-cap,Kettle Group
R001577,bookwell,2026-07-27,Nightjar House,4506 E Halloway Blvd,Verano Bay,40551,Sunfield,+15557566332,,Vietnamese,$$$$,4.7,181,pass,pass,0.78,not found,none,unknown,SME,
R000137,dineline,2026-06-30,Rookery Chophouse,266 S Rivermead Ave,Verano Bay,40208,Fox Hollow,5558678270,https://www.rookerychophouse.example,Korean,$$$$,4.0,1698,pass,pass,0.89,N/A,none,unknown,SME,
R000394,atlasmaps,2026-07-15,Thistle Table - Ferrymead,5738 S Tarrow Blvd,Verano Bay,40227,Fox Hollow,555.111.0904,,Thai,$$$,3.8,1262,pass,pass,0.97,unknown,none,unknown,SME,
R003245,civicpages,2026-07-23,Bluebird Trattoria,485 N Ashfield Blvd,Verano Bay,40343,Templeton,(555) 115-7167,https://www.bluebirdtrattoria.example,Ethiopian,$,4.4,428,pass,pass,0.79,UNKNOWN,none,unknown,mid-cap,Bluebird Group
R002954,dineline,2026-07-21,Wren Deli 1,7681 N Fennimore Ave,Verano Bay,40614,Corvo Heights,,https://www.wrendeli1.example,Seafood,$$$,4.1,1225,pass,fail,0.91,Rivet,website_fingerprint,fail,SME,
R000453,dineline,2026-07-28,Tallgrass Bistro,252 E Cortez St,Verano Bay,40212,Sunfield,555.294.1568,https://www.tallgrassbistro.example,Seafood,$$$$,4.3,1130,pass,pass,0.84,Meridian Cloud POS,website_fingerprint,pass,SME,
R000641,tablefind,2026-07-27,Thistle Alehouse - Corvo Heights,"1839 N Prospect Blvd, Verano Bay",Verano Bay,40149,Ferrymead,555.397.8894,https://www.thistlealehouse.example,Contemporary,$$$,3.8,1328,pass,pass,0.74,N/A,none,unknown,SME,
R003314,tablefind,2026-07-19,Sable Room,1027 W Fennimore St,Verano Bay,40771,Stillwater,555.199.7142,https://www.sableroom.example,Mediterranean,$,4.2,72,pass,pass,0.8,Meridian Cloud,website_fingerprint,pass,large,Sable Inc
R001462,dineline,2026-07-08,The Kingfisher House,1587 West Prospect Boulevard,Verano Bay,40672,Calder Park,+1 555 707 7181,https://www.kingfisherhouse.example,Steakhouse,$$$$,5.0,223,pass,pass,0.89,,none,unknown,SME,
R001285,civicpages,2026-07-13,Hearth Chophouse,980 E Rivermead St,Verano Bay,40188,Ferrymead,555.514.4194,https://www.hearthchophouse.example,Thai,$$,4.0,257,pass,pass,0.95,,none,unknown,SME,
R002040,bookwell,2026-07-23,Inkwell Wine Bar,4261 W Fennimore St,Verano Bay,40659,Palisade Park,+1 555 254 1760,https://www.inkwellwinebar.example,Japanese,$$$,4.4,809,pass,pass,0.86,Cadence POS,website_fingerprint,fail,SME,
R000398,atlasmaps,2026-07-07,Plumb Room,6750 East Mallow Boulevard,Verano Bay,40793,Kingsway,+15558886139,,Polish,$$$$,4.8,1410,pass,pass,0.78,N/A,none,unknown,SME,
R000345,dineline,2026-07-22,Redbird Wine Bar,4627 E Halloway Boulevard,Verano Bay,40245,Bayview Flats,555-844-4150,https://www.redbirdwinebar.example,Thai,$,3.6,1447,pass,pass,0.82,unknown,none,unknown,SME,
R000692,bookwell,2026-07-11,The Rookery Cantina,2956 West Wexley Avenue,Verano Bay,40523,Stillwater,555.128.0494,https://www.rookerycantina.example,Vietnamese,$$,4.3,616,pass,pass,0.79,unknown,none,unknown,SME,
R002144,civicpages,2026-07-19,Harrow Grill,7677 S Prospect Street,Verano Bay,40307,Quarry End,+15559500363,,Indian,$,4.7,1805,pass,pass,0.95,n/a,none,unknown,SME,
R002787,dineline,2026-06-30,Understory Donuts Restaurant,3740 E Mallow Boulevard,Verano Bay,40387,Bayview Flats,5558815371,https://www.understorydonuts.example,Polish,$$$,3.9,406,pass,fail,0.88,-,none,unknown,SME,
R002076,tablefind,2026-07-27,Quill Dining Room,1079 E Fennimore Rd,Verano Bay,40453,Fox Hollow,(555) 559-1855,https://www.quilldiningroom.example,Vietnamese,$$,4.2,856,pass,pass,0.95,N/A,none,unknown,SME,
R002771,tablefind,2026-07-19,Motherland Cafe,1494 N Quinton Rd,Verano Bay,40167,Rivera District,555.114.0637,,Steakhouse,$$$,4.6,1390,fail,fail,0.98,Unknown,none,unknown,SME,
R002653,atlasmaps,2026-07-11,Rambler Counter,6099 N Wexley St,Verano Bay,40268,Bayview Flats,(555) 474-7057,,Steakhouse,$$,4.1,739,fail,fail,0.98,not found,none,unknown,SME,
R002585,civicpages,2026-07-17,Lantern Juice Bar Restaurant,6689 West Lindmere Road,Verano Bay,40611,Marisol,+15557947214,,Ethiopian,$$$,3.6,390,pass,fail,0.76,-,none,unknown,SME,
R003239,roamly,2026-07-23,The Tidewater House,5546 W Cortez Blvd,Verano Bay,40456,Greenhithe,(555) 522-0953,https://www.tidewaterhouse.example,Peruvian,$$$$,4.3,1887,pass,pass,0.75,unknown,none,unknown,mid-cap,Tidewater Group
R001626,tablefind,2026-07-02,Dovetail Taqueria,1029 N Serra St,Verano Bay,40200,Bayview Flats,555-387-7798,,Italian,$$$$,4.1,439,pass,pass,0.77,,none,unknown,SME,
R000075,roamly,2026-07-01,Kingfisher Steakhouse,1721 W Serra St,Verano Bay,40520,Quarry End,555-501-4901,https://www.kingfishersteakhouse.example,Seafood,$$$,4.6,76,pass,pass,0.85,-,none,unknown,SME,
R000070,civicpages,2026-07-25,Marrow Oyster Bar Restaurant,1552 North Bayard Boulevard,Verano Bay,40522,Greenhithe,+15555054911,https://www.marrowoysterbar.example,Steakhouse,$,4.2,486,pass,pass,0.75,n/a,none,unknown,SME,
R003196,atlasmaps,2026-07-05,Inkwell Kitchen,1369 N Rivermead Rd,Verano Bay,40729,Calder Park,555-677-4053,https://www.inkwellkitchen.example,Greek,$$$$,4.3,1507,pass,pass,0.98,n/a,none,unknown,mid-cap,Inkwell Group
R001223,dineline,2026-06-30,Lantern Brasserie Restaurant,7848 W Cortez St,Verano Bay,40388,Greenhithe,(555) 796-4799,https://www.lanternbrasserie.example,Barbecue,$$$,4.3,940,pass,pass,0.76,Saltbox,website_fingerprint,fail,SME,
R000630,bookwell,2026-07-18,Pike Supper Club Verano Bay,5503 South Rivermead Rd,Verano Bay,40527,Sablewood,,https://www.pikesupperclub.example,Japanese,$$$,4.4,889,pass,pass,0.77,-,none,unknown,SME,
R000214,atlasmaps,2026-06-30,Understory Steakhouse,6408 N Calder St,Verano Bay,40262,Bramble Row,555-997-3091,https://www.understorysteakhouse.example,Mediterranean,$$$,4.2,1878,pass,pass,0.74,UNKNOWN,none,unknown,SME,
R001159,roamly,2026-07-12,Rambler Taqueria,3947 West Serra Blvd,Verano Bay,40416,Ferrymead,555-895-9826,https://www.ramblertaqueria.example,Contemporary,$,3.6,602,pass,pass,0.91,n/a,none,unknown,SME,
R003033,bookwell,2026-07-03,Golden Hour Donuts,6537 W Halloway Ave,Verano Bay,40153,Windrow,+1 555 227 1711,,Greek,$,3.7,805,fail,fail,0.94,,none,unknown,SME,
R002398,tablefind,2026-07-24,Motherland Boba,1518 S Vance Road,Verano Bay,40134,Lantern Hill,555.349.9784,https://www.motherlandboba.example,Vietnamese,$$,4.5,325,pass,fail,0.72,UNKNOWN,none,unknown,SME,
R001977,tablefind,2026-07-23,Amber Brasserie,4907 N Serra Blvd,Verano Bay,40277,Rivera District,555-920-9768,https://www.amberbrasserie.example,Polish,$,3.9,1001,pass,pass,0.91,,none,unknown,SME,
R000428,civicpages,2026-07-18,The Rosewater Brasserie,3525 West Bayard Street,Verano Bay,40240,Ashgrove,+15554237981,https://www.rosewaterbrasserie.example,Greek,$$$,4.6,940,pass,pass,0.87,ironcladpos,website_fingerprint,fail,SME,
R001913,roamly,2026-07-15,FOXGLOVE TAVERN,1908 N Calder Avenue,Verano Bay,40305,Templeton,(555) 601-9822,https://www.foxglovetavern.example,Thai,$$,4.0,962,pass,pass,0.83,not found,none,unknown,SME,
R001334,tablefind,2026-07-22,Thistle Bistro,1341 E Lindmere St,Verano Bay,40373,Cedar Cross,,https://www.thistlebistro.example,Japanese,$$,3.8,679,pass,pass,0.78,,none,unknown,SME,
R001330,dineline,2026-07-25,Tidewater Tavern,868 W Wexley Avenue,Verano Bay,40460,Corvo Heights,(555) 261-4860,https://www.tidewatertavern.example,Greek,$,3.4,1137,pass,pass,0.85,n/a,none,unknown,SME,
R000694,civicpages,2026-07-23,The Loam Kitchen,"3053 E Quinton Ave, Verano Bay",Verano Bay,40592,Alder Heights,555.199.8018,https://www.loamkitchen.example,Barbecue,$$$,3.5,1170,pass,pass,0.79,-,none,unknown,SME,
R002339,atlasmaps,2026-07-19,Thicket Creamery,6055 E Bayard Blvd,Verano Bay,40799,Old Mill,+1 555 466 9392,,Mediterranean,$$,4.1,522,fail,fail,0.85,n/a,none,unknown,SME,
R001946,civicpages,2026-07-17,Fallowfield Table,1646 N Serra Blvd,Verano Bay,40630,Kingsway,555.296.2646,https://www.fallowfieldtable.example,Barbecue,$$$,4.6,1693,pass,pass,0.73,N/A,none,unknown,SME,
R002641,tablefind,2026-07-04,Verde Deli 1,5786 E Halloway Blvd,Verano Bay,40574,Templeton,+15555588043,,Ethiopian,$$$$,3.9,121,pass,fail,0.92,unknown,none,unknown,SME,
R002650,dineline,2026-06-30,Marrow Sandwich Shop,7817 W Vance St,Verano Bay,40733,Templeton,+1 555 290 7276,https://www.marrowsandwichshop.example,Barbecue,$$$,4.4,190,pass,fail,0.84,unknown,none,unknown,SME,
R003419,bookwell,2026-07-19,Rosewater Table,3587 S Prospect Ave,Sundermere,40523,,+15555173539,https://www.rosewatertable.example,Contemporary,$$,4.6,206,pass,pass,0.84,CADENCE,website_fingerprint,fail,SME,
R001128,atlasmaps,2026-07-11,Thistle Oyster Bar,6477 W Lindmere Blvd,Verano Bay,40720,Bayview Flats,555-419-8579,https://www.thistleoysterbar.example,Greek,$$$,4.8,143,pass,pass,0.76,UNKNOWN,none,unknown,SME,
R003437,tablefind,2026-07-10,Tin Roof House,3022 N Vance Ave,Kestrel Falls,40309,,+15557167670,https://www.tinroofhouse.example,Vietnamese,$$$$,4.3,1536,pass,pass,0.99,unknown,none,unknown,SME,
R000082,dineline,2026-07-02,Rookery Grill Verano Bay,5516 W Lindmere Boulevard,Verano Bay,40567,Windrow,5557385597,,Greek,$$$,3.7,1426,pass,pass,0.73,,none,unknown,SME,
R002958,bookwell,2026-07-08,Tidewater Coffee 1,4792 W Ashfield Rd,Verano Bay,40461,Rivera District,+15556785030,https://www.tidewatercoffee1.example,Indian,$$$,4.4,1185,pass,fail,0.88,not found,none,unknown,SME,
R000605,bookwell,2026-07-12,Fernwood Kitchen,5486 W Tarrow Ave,Verano Bay,40632,Fox Hollow,555.290.3400,https://www.fernwoodkitchen.example,Barbecue,$$,4.0,455,pass,pass,0.93,Unknown,none,unknown,SME,
R002736,civicpages,2026-07-01,SABLE CAFE,7609 S Tarrow Road,Verano Bay,40236,Sablewood,555.830.5625,,Vietnamese,$$,4.4,643,fail,fail,0.74,not found,none,unknown,SME,
R002510,civicpages,2026-07-06,Motherland Creamery - Sablewood,4999 W Rivermead Rd,Verano Bay,40643,Sunfield,,https://www.motherlandcreamery.example,Steakhouse,$$$,3.7,850,pass,fail,0.94,Unknown,none,unknown,SME,
R000958,roamly,2026-07-08,Nine Bridges Brasserie,5700 West Lindmere Rd,Verano Bay,40427,Templeton,+1 555 440 1107,https://www.ninebridgesbrasserie.example,French,$$$$,3.4,1327,pass,pass,0.77,not found,none,unknown,SME,
R001522,bookwell,2026-07-23,Silverfin Room,7727 N Vance Ave,Verano Bay,40597,Ferrymead,+1 555 127 4159,,Mexican,$$$,4.2,952,pass,pass,0.82,N/A,none,unknown,SME,
R001158,tablefind,2026-07-18,Rambler Taqueria,3947 W Serra Blvd,Verano Bay,40695,Ferrymead,5558959826,https://www.ramblertaqueria.example,Contemporary,$,3.5,526,pass,pass,0.82,UNKNOWN,none,unknown,SME,
R003330,tablefind,2026-07-11,Olive & Ash Wine Bar,3009 E Serra Rd,Verano Bay,40569,Fox Hollow,5556859359,https://www.oliveashwinebar.example,Thai,$,4.7,688,pass,pass,0.94,unknown,none,unknown,large,Olive Inc
R002206,atlasmaps,2026-07-09,Thistle Taqueria,5679 E Prospect St,Verano Bay,40546,Ferrymead,+1 555 909 4188,https://www.thistletaqueria.example,Thai,$$,3.7,1373,pass,pass,0.72,unknown,none,unknown,SME,
R001305,dineline,2026-07-01,Cinder Cantina Restaurant,6089 West Tarrow Rd,Verano Bay,40246,Cedar Cross,555.744.2797,https://www.cindercantina.example,French,$$$,3.7,351,pass,pass,0.79,Unknown,none,unknown,SME,
R001098,bookwell,2026-07-20,Rosewater Bistro,253 W Ashfield St,Verano Bay,40559,Sablewood,(555) 727-1688,https://www.rosewaterbistro.example,Barbecue,$$$,3.7,1424,pass,pass,0.96,UNKNOWN,none,unknown,SME,
R002686,tablefind,2026-07-27,Blue Heron Food Truck,4123 N Mallow Blvd,Verano Bay,40602,Bramble Row,5552476012,,Indian,$$$$,3.3,180,fail,fail,0.96,Unknown,none,unknown,SME,
R003018,dineline,2026-07-01,Driftwood Bakery,6371 E Ashfield St,Verano Bay,40487,Templeton,555.425.4748,,Peruvian,$$,3.9,1768,pass,fail,0.89,,none,unknown,SME,
R000397,bookwell,2026-07-01,Plumb Room,6750 E Mallow Blvd,Verano Bay,40405,Kingsway,+1 555 888 6139,,Polish,$$$$,4.8,1103,pass,pass,0.81,,none,unknown,SME,
R002214,tablefind,2026-07-01,Sorrel Dining Room,3495 N Wexley St,Verano Bay,40755,Ferrymead,5559408921,https://www.sorreldiningroom.example,Mediterranean,$$,4.3,1156,pass,pass,0.78,not found,none,unknown,SME,
R000748,tablefind,2026-07-12,Bramble Smokehouse - Ferrymead,7926 S Rivermead Blvd,Verano Bay,40428,Quarry End,555.256.0896,https://www.bramblesmokehouse.example,Indian,$$$,3.8,1279,pass,pass,0.78,Unknown,none,unknown,SME,
R001788,tablefind,2026-07-06,Warbler Osteria,2685 W Mallow Ave,Verano Bay,40180,Sablewood,(555) 523-7636,https://www.warblerosteria.example,Spanish,$$$,4.5,1470,pass,pass,0.91,-,none,unknown,SME,
R002783,bookwell,2026-07-05,Cardinal To Go,"3495 E Halloway Rd, Verano Bay",Verano Bay,40569,Lantern Hill,+15557534238,,Polish,$$$$,4.2,1113,pass,fail,0.96,,none,unknown,SME,
R000203,atlasmaps,2026-07-17,Silverfin Taqueria,495 East Fennimore Avenue,Verano Bay,40182,Sablewood,(555) 959-8473,https://www.silverfintaqueria.example,Spanish,$$,4.6,429,pass,pass,0.89,FERNPOST,website_fingerprint,fail,SME,
R001235,bookwell,2026-07-04,Wren Trattoria,4229 E Ashfield St,Verano Bay,40188,Calder Park,+15551091220,https://www.wrentrattoria.example,Italian,$$$,3.9,636,pass,pass,0.81,,none,unknown,SME,
R000811,bookwell,2026-07-04,Sable Osteria,3475 E Wexley Ave,Verano Bay,40389,Palisade Park,+1 555 625 1655,https://www.sableosteria.example,Seafood,$,3.7,1223,pass,pass,0.75,N/A,none,unknown,SME,
R001699,dineline,2026-07-03,Loam Trattoria - Windrow,3803 West Serra Blvd,Verano Bay,40636,Sunfield,555.746.1807,,Polish,$,4.8,514,pass,pass,0.76,,none,unknown,SME,
R003029,tablefind,2026-07-15,The Nettle Deli 1,2450 East Halloway Boulevard,Verano Bay,40392,Palisade Park,,,Mediterranean,$$$,3.5,201,pass,fail,0.85,,none,unknown,SME,
R001263,tablefind,2026-07-04,Sorrel Table,7782 West Wexley Road,Verano Bay,40316,Marisol,,https://www.sorreltable.example,Polish,$$,4.0,591,pass,pass,0.77,Unknown,none,unknown,SME,
R002870,bookwell,2026-07-09,Bramble Deli - Lantern Hill,"1214 N Prospect Rd, Verano Bay",Verano Bay,40618,Marisol,555.961.9421,https://www.brambledeli.example,Seafood,$,4.4,998,fail,fail,0.75,unknown,none,unknown,SME,
R001544,roamly,2026-07-12,Stonecutter Oyster Bar,7695 West Wexley Blvd,Verano Bay,40581,Quarry End,5559365786,https://www.stonecutteroysterbar.example,Vietnamese,$$$,3.7,383,pass,pass,0.9,Vellum POS,website_fingerprint,pass,SME,
R000491,dineline,2026-07-02,Plumb Cantina Verano Bay,2826 North Cortez Road,Verano Bay,40763,Calder Park,555-510-5113,https://www.plumbcantina.example,Steakhouse,$$$$,3.3,838,pass,pass,0.88,Ironclad POS,website_fingerprint,fail,SME,
R002355,roamly,2026-07-06,Wildwood Smoothie,"3334 N Calder Rd, Verano Bay",Verano Bay,40470,Windrow,5554736467,https://www.wildwoodsmoothie.example,Polish,$$,4.6,1266,fail,fail,0.98,UNKNOWN,none,unknown,SME,
R001926,tablefind,2026-07-07,Fallowfield Brasserie,5616 North Calder Boulevard,Verano Bay,40316,Lantern Hill,5558037066,https://www.fallowfieldbrasserie.example,Italian,$$$,4.0,646,pass,pass,0.91,N/A,none,unknown,SME,
R001605,roamly,2026-07-12,Lantern Chophouse,5120 N Rivermead St,Verano Bay,40682,Sablewood,5551163732,https://www.lanternchophouse.example,Steakhouse,$$,4.7,339,pass,pass,0.81,unknown,none,unknown,SME,
R002838,roamly,2026-07-02,HEARTH FOOD TRUCK,5580 W Cortez St,Verano Bay,40580,Harbor Point,(555) 209-0782,https://www.hearthfoodtruck.example,Italian,$,4.0,115,pass,fail,0.93,Ironclad,website_fingerprint,fail,SME,
R000536,roamly,2026-07-25,Wildwood Steakhouse,5960 S Ashfield Rd,Verano Bay,40251,Kingsway,555-592-7940,https://www.wildwoodsteakhouse.example,Thai,$$$,4.7,996,pass,pass,0.84,N/A,none,unknown,SME,
R000497,atlasmaps,2026-07-23,BASIL & BONE CHOPHOUSE,"5706 S Cortez Ave, Verano Bay",Verano Bay,40749,Stillwater,(555) 744-8043,https://www.basilbonechophouse.example,Steakhouse,$$$,4.1,1841,pass,pass,0.85,UNKNOWN,none,unknown,SME,
R001244,dineline,2026-07-28,Wren Table,3765 S Prospect Blvd,Verano Bay,40603,Ferrymead,+1 555 845 0001,,Italian,$$$$,4.3,1224,pass,pass,0.85,,none,unknown,SME,
R001185,dineline,2026-07-12,Thistle Wine Bar,2479 S Bayard Blvd,Verano Bay,40158,Fox Hollow,+1 555 721 0580,https://www.thistlewinebar.example,Contemporary,$$,3.6,1505,pass,pass,0.94,not found,none,unknown,SME,
R001851,bookwell,2026-07-02,The Palisade Steakhouse,"7251 E Lindmere Rd, Verano Bay",Verano Bay,40743,Ashgrove,5557744217,https://www.palisadesteakhouse.example,French,$,4.2,1200,pass,pass,0.74,not found,none,unknown,SME,
R001472,bookwell,2026-07-16,Palisade Kitchen,5117 E Tarrow Ave,Verano Bay,40271,Miradero,+1 555 549 4197,https://www.palisadekitchen.example,Greek,$,4.6,939,pass,pass,0.95,UNKNOWN,none,unknown,SME,
R000443,roamly,2026-07-23,Lantern Bistro,7910 E Bayard Ave,Verano Bay,40257,Rivera District,555-442-6882,https://www.lanternbistro.example,Japanese,$$,3.6,801,pass,pass,0.79,-,none,unknown,SME,
R000903,tablefind,2026-07-14,Yarrow Chophouse - Bramble Row,1666 N Ashfield Road,Verano Bay,40735,Calder Park,555-144-8502,https://www.yarrowchophouse.example,Thai,$$$$,4.6,1339,pass,pass,0.93,Unknown,none,unknown,SME,
R001971,bookwell,2026-07-19,Driftwood Tavern,6449 E Tarrow Blvd,Verano Bay,40200,Bramble Row,555.144.7507,https://www.driftwoodtavern.example,Peruvian,$$,3.5,1541,pass,pass,0.75,Saltbox,website_fingerprint,fail,SME,
R002129,civicpages,2026-07-01,Gallow Osteria,7957 E Cortez Blvd,Verano Bay,40629,Ashgrove,+15551838658,https://www.gallowosteria.example,Contemporary,$$,4.2,1407,pass,pass,0.94,n/a,none,unknown,SME,
R001327,tablefind,2026-07-26,Golden Hour Alehouse,4340 W Tarrow St,Verano Bay,40625,Templeton,+15557935690,https://www.goldenhouralehouse.example,Mexican,$$,3.7,1589,pass,pass,0.89,Salt Box,website_fingerprint,fail,SME,
R000306,atlasmaps,2026-07-02,Blue Heron Dining Room,"3474 S Fennimore Blvd, Verano Bay",Verano Bay,40124,Lantern Hill,5557970354,https://www.blueherondiningroom.example,Barbecue,$$$,3.9,412,pass,pass,0.76,N/A,none,unknown,SME,
R001130,atlasmaps,2026-07-11,Kingfisher Tavern,5371 W Vance Ave,Verano Bay,40347,Ferrymead,(555) 115-2219,https://www.kingfishertavern.example,Steakhouse,$$$$,3.8,137,pass,pass,0.76,bluecrest pos,website_fingerprint,pass,SME,
R002871,atlasmaps,2026-07-02,Little Bear Cafe,5695 E Wexley Ave,Verano Bay,40738,Fox Hollow,555.480.8133,https://www.littlebearcafe.example,French,$$,3.5,516,fail,fail,0.9,not found,none,unknown,SME,
R002833,roamly,2026-07-23,Vesper Donuts 1,7651 East Lindmere Rd,Verano Bay,40320,Harbor Point,555.269.7788,https://www.vesperdonuts1.example,Italian,$,3.9,784,pass,fail,0.73,not found,none,unknown,SME,
R000481,roamly,2026-07-25,Inkwell Grill,7537 W Wexley Blvd,Verano Bay,40164,Ashgrove,5551682202,https://www.inkwellgrill.example,Indian,$$,3.8,1626,pass,pass,0.94,vellum pos,website_fingerprint,pass,SME,
R002203,roamly,2026-07-02,Gallow Dining Room,794 N Wexley Rd,Verano Bay,40121,Old Mill,5551156880,https://www.gallowdiningroom.example,Polish,$,4.8,78,pass,pass,0.95,UNKNOWN,none,unknown,SME,
R001903,atlasmaps,2026-07-15,The Olive & Ash Table,5673 S Prospect Road,Verano Bay,40517,Palisade Park,+15559519633,https://www.oliveashtable.example,Peruvian,$$,3.6,1345,pass,pass,0.75,-,none,unknown,SME,
R001570,dineline,2026-07-21,Wildwood Dining Room,5942 North Cortez Road,Verano Bay,40441,Windrow,+15558319889,https://www.wildwooddiningroom.example,Contemporary,$$$,4.8,719,pass,pass,0.98,-,none,unknown,SME,
R001753,tablefind,2026-07-26,Marigold Supper Club,3174 East Quinton Street,Verano Bay,40788,Windrow,+1 555 356 6368,https://www.marigoldsupperclub.example,Korean,$,4.5,116,pass,pass,0.83,unknown,none,unknown,SME,
R000452,dineline,2026-07-12,Umber Table,238 E Wexley St,Verano Bay,40358,Ferrymead,+1 555 146 7964,https://www.umbertable.example,Mexican,$$$$,3.8,819,pass,pass,0.82,Rivet,website_fingerprint,fail,SME,
R000499,bookwell,2026-07-24,Basil & Bone Chophouse - Rivera District,5706 South Cortez Avenue,Verano Bay,40548,Stillwater,,https://www.basilbonechophouse.example,Steakhouse,$$$,3.9,1386,pass,pass,0.82,-,none,unknown,SME,
R002723,roamly,2026-07-25,Understory Coffee,3799 E Mallow Street,Verano Bay,40721,Fox Hollow,5556589953,https://www.understorycoffee.example,Barbecue,$$$,4.6,620,pass,fail,0.84,Northstar POS,website_fingerprint,pass,SME,
R002364,civicpages,2026-07-25,Redbird Boba 1,939 S Mallow St,Verano Bay,40123,Bayview Flats,555-101-7251,https://www.redbirdboba1.example,Indian,$$,4.1,887,pass,fail,0.87,not found,none,unknown,SME,
R000993,civicpages,2026-06-30,REDBIRD TRATTORIA,5881 West Ashfield Boulevard,Verano Bay,40608,Ashgrove,(555) 477-6683,https://www.redbirdtrattoria.example,Polish,$$$,3.5,1424,pass,pass,0.8,ironclad,website_fingerprint,fail,SME,
R002440,roamly,2026-07-07,Warbler Juice Bar 1,2923 N Rivermead Ave,Verano Bay,40325,Stillwater,(555) 688-9840,,Steakhouse,$$$,4.5,805,fail,fail,0.85,N/A,none,unknown,SME,
R000552,tablefind,2026-07-21,Verde Kitchen,"1234 N Mallow Ave, Verano Bay",Verano Bay,40316,Ashgrove,+1 555 717 7751,https://www.verdekitchen.example,Ethiopian,$,3.8,1584,pass,pass,0.72,N/A,none,unknown,SME,
R002182,bookwell,2026-07-04,Nightjar Chophouse,379 S Vance Rd,Verano Bay,40353,Quarry End,5555272529,https://www.nightjarchophouse.example,Spanish,$$,4.0,1361,pass,pass,0.98,Unknown,none,unknown,SME,
R002836,atlasmaps,2026-07-13,Thistle Donuts 1,2485 N Lindmere Blvd,Verano Bay,40507,Corvo Heights,(555) 911-0284,https://www.thistledonuts1.example,Contemporary,$$$,4.2,850,fail,fail,0.76,not found,none,unknown,SME,
R001569,civicpages,2026-07-25,WILDWOOD DINING ROOM,"5942 N Cortez Rd, Verano Bay",Verano Bay,40539,Windrow,555-831-9889,https://www.wildwooddiningroom.example,Contemporary,$$$,4.5,898,pass,pass,0.97,Cadence Mini,website_fingerprint,fail,SME,
R001670,bookwell,2026-07-22,Zephyr Wine Bar,3531 N Tarrow St,Verano Bay,40649,Rivera District,555.764.4660,,Spanish,$$$,4.3,916,pass,pass,0.86,not found,none,unknown,SME,
R001525,civicpages,2026-07-19,Ember Osteria Verano Bay,6278 N Lindmere Road,Verano Bay,40772,Bayview Flats,(555) 248-8731,https://www.emberosteria.example,Greek,$$$,3.8,313,pass,pass,0.74,n/a,none,unknown,SME,
R003319,dineline,2026-07-07,Lantern Dining Room,3894 W Halloway Blvd,Verano Bay,40500,Palisade Park,555-299-0860,https://www.lanterndiningroom.example,Seafood,$,4.0,611,pass,pass,0.9,Cadence Station,website_fingerprint,fail,large,Lantern Inc
R001056,roamly,2026-07-24,Fernwood Tavern,2018 S Lindmere Ave,Verano Bay,40514,Marisol,(555) 815-6084,https://www.fernwoodtavern.example,Korean,$$,4.3,546,pass,pass,0.92,,none,unknown,SME,
R000364,roamly,2026-07-17,Cardinal Trattoria,2469 South Rivermead Street,Verano Bay,40173,Miradero,+1 555 931 9919,https://www.cardinaltrattoria.example,Greek,$$$$,4.7,2294,pass,pass,0.94,-,none,unknown,SME,
R000973,tablefind,2026-07-05,Plumb Smokehouse,1848 W Serra Ave,Verano Bay,40318,Calder Park,5556794118,https://www.plumbsmokehouse.example,Japanese,$$$,3.6,1001,pass,pass,0.94,ironclad,website_fingerprint,fail,SME,
R002276,roamly,2026-07-14,OLIVE & ASH COUNTER,1312 N Quinton St,Verano Bay,40219,Palisade Park,555-949-2965,https://www.oliveashcounter.example,Peruvian,$,4.6,84,pass,fail,0.88,unknown,none,unknown,SME,
R000292,atlasmaps,2026-07-05,Sparrow Dining Room - Marisol,3960 East Prospect Avenue,Verano Bay,40670,Sunfield,5559783045,,Thai,$$$$,3.4,174,pass,pass,0.86,not found,none,unknown,SME,
R002471,tablefind,2026-07-22,Thistle Juice Bar Verano Bay,3864 North Lindmere Street,Verano Bay,40477,Ashgrove,(555) 987-0518,https://www.thistlejuicebar.example,Ethiopian,$,3.4,90,pass,fail,0.84,CADENCE,website_fingerprint,fail,SME,
R000371,dineline,2026-07-23,Roan Kitchen,5003 N Tarrow Blvd,Verano Bay,40238,Alder Heights,+15559755969,https://www.roankitchen.example,Mediterranean,$,3.7,1398,pass,pass,0.8,,none,unknown,SME,
R001782,dineline,2026-07-07,Rosewater Oyster Bar,5397 E Vance Rd,Verano Bay,40159,Palisade Park,+15555254751,https://www.rosewateroysterbar.example,Mexican,$$,4.1,568,pass,pass,0.79,unknown,none,unknown,SME,
R001136,roamly,2026-07-10,Magpie Taqueria,5941 W Mallow Street,Verano Bay,40630,Bramble Row,+15559160952,https://www.magpietaqueria.example,Thai,$$,3.9,693,pass,pass,0.79,unknown,none,unknown,SME,
R002566,civicpages,2026-07-27,Yarrow Bakery,7678 E Serra Blvd,Verano Bay,40282,Templeton,555-343-2914,,Indian,$$$,3.9,72,fail,fail,0.97,UNKNOWN,none,unknown,SME,
R001020,civicpages,2026-07-23,Persimmon Oyster Bar,7491 N Serra Blvd,Verano Bay,40736,Bramble Row,555-317-0439,https://www.persimmonoysterbar.example,Japanese,$$,3.7,1835,pass,pass,0.94,,none,unknown,SME,
R003143,tablefind,2026-07-08,Silverfin Grill,4218 S Bayard Rd,Verano Bay,40499,Stillwater,(555) 214-4310,https://www.silverfingrill.example,Steakhouse,$$,4.4,1230,pass,pass,0.77,,none,unknown,mid-cap,Silverfin Group
R002309,dineline,2026-07-06,Nine Bridges Bakery,164 S Lindmere Boulevard,Verano Bay,40660,Quarry End,+15551424665,https://www.ninebridgesbakery.example,Korean,$$$$,4.5,785,pass,fail,0.73,-,none,unknown,SME,
R003485,civicpages,2026-07-17,Amber Smokehouse,2533 North Quinton Road,Port Adair,40510,,555-714-3580,https://www.ambersmokehouse.example,Mediterranean,$,4.7,610,pass,pass,0.9,tessera,website_fingerprint,pass,SME,
R001009,tablefind,2026-07-22,GOLDEN HOUR GRILL,1031 W Vance St,Verano Bay,40509,Palisade Park,555.847.6830,https://www.goldenhourgrill.example,Seafood,$$,4.5,1421,pass,pass,0.94,unknown,none,unknown,SME,
R001059,bookwell,2026-07-03,Marigold Taqueria,4525 E Mallow Ave,Verano Bay,40611,Stillwater,555.615.5214,https://www.marigoldtaqueria.example,Thai,$$$$,4.3,535,pass,pass,0.87,unknown,none,unknown,SME,
R000048,atlasmaps,2026-07-16,Prairie Kitchen,4375 N Lindmere Ave,Verano Bay,40568,Sunfield,(555) 235-7387,https://www.prairiekitchen.example,Vietnamese,$$,4.7,1033,pass,pass,0.82,-,none,unknown,mid-cap,Prairie Table Group
R002824,tablefind,2026-07-01,The Plumb Donuts,"7963 W Serra Ave, Verano Bay",Verano Bay,40677,Old Mill,555-874-7333,,Steakhouse,$,4.9,66,fail,fail,0.82,,none,unknown,SME,
R002328,tablefind,2026-07-01,Kinship Deli,2132 E Ashfield Blvd,Verano Bay,40278,Marisol,+1 555 447 9502,,Mexican,$$$,4.9,1536,pass,fail,0.98,,none,unknown,SME,
R000217,bookwell,2026-07-19,Understory Steakhouse Restaurant,6408 North Calder Street,Verano Bay,40250,Bramble Row,+15559973091,https://www.understorysteakhouse.example,Mediterranean,$$$,3.9,1733,pass,pass,0.75,not found,none,unknown,SME,
R003211,bookwell,2026-07-18,Fallowfield Chophouse,3266 N Rivermead Blvd,Verano Bay,40605,Templeton,+15556720362,https://www.fallowfieldchophouse.example,Korean,$$,4.6,1204,pass,pass,0.85,Unknown,none,unknown,mid-cap,Fallowfield Group
R003228,dineline,2026-07-16,Umber Room,6760 E Halloway Blvd,Verano Bay,40294,Cedar Cross,555.378.9332,https://www.umberroom.example,Barbecue,$$,4.3,736,pass,pass,0.87,Unknown,none,unknown,mid-cap,Umber Group
R000276,atlasmaps,2026-07-06,Ironwood Wine Bar,2582 W Cortez St,Verano Bay,40114,Windrow,555.197.5015,https://www.ironwoodwinebar.example,French,$$$$,4.3,1770,pass,pass,0.75,ironclad,website_fingerprint,fail,SME,
R000058,roamly,2026-07-11,Ironwood Oyster Bar,6915 E Rivermead Rd,Verano Bay,40533,Sunfield,555-796-4038,https://www.ironwoodoysterbar.example,Peruvian,$$$,4.6,651,pass,pass,0.92,unknown,none,unknown,SME,Ironwood Hospitality
R001792,tablefind,2026-06-30,Saffron Smokehouse,4717 S Calder Ave,Verano Bay,40591,Ferrymead,,https://www.saffronsmokehouse.example,French,$$$,4.7,38,pass,pass,0.94,not found,none,unknown,SME,
R001420,dineline,2026-07-16,Fernwood Smokehouse Restaurant,1390 N Wexley Blvd,Verano Bay,40747,Rivera District,555-798-7288,https://www.fernwoodsmokehouse.example,Japanese,$$$$,4.6,2192,pass,pass,0.78,-,none,unknown,SME,
R002194,civicpages,2026-07-26,Rookery Supper Club Restaurant,3453 N Rivermead Blvd,Verano Bay,40554,Ferrymead,555.409.2987,https://www.rookerysupperclub.example,Barbecue,$,3.7,1312,pass,pass,0.89,not found,none,unknown,SME,
R002850,roamly,2026-07-27,Palisade Express,2442 E Calder Ave,Verano Bay,40640,Alder Heights,555.992.8288,https://www.palisadeexpress.example,Japanese,$$,4.0,455,fail,fail,0.91,not found,none,unknown,SME,
R002563,dineline,2026-07-11,Rambler Boba,1811 E Halloway Rd,Verano Bay,40226,Corvo Heights,555.441.2099,,Ethiopian,$,4.9,1830,fail,fail,0.75,N/A,none,unknown,SME,
R002586,atlasmaps,2026-07-07,Orchard Bakery,7291 W Serra Rd,Verano Bay,40666,Lantern Hill,,https://www.orchardbakery.example,Japanese,$$$,4.6,93,pass,fail,0.87,Unknown,none,unknown,SME,
R000517,dineline,2026-07-19,ORCHARD TAVERN,1189 S Halloway Street,Verano Bay,40739,Stillwater,+15558505155,,Polish,$,3.5,957,pass,pass,0.84,-,none,unknown,SME,
R002757,bookwell,2026-07-21,Pike Kiosk,5168 E Wexley Ave,Verano Bay,40269,Marisol,5557876378,https://www.pikekiosk.example,Vietnamese,$,4.3,1162,pass,fail,0.78,N/A,none,unknown,SME,
R000146,dineline,2026-07-04,The Quarry Taqueria,787 E Mallow Street,Verano Bay,40789,Calder Park,5554363278,,Polish,$$$,4.9,1302,pass,pass,0.77,not found,none,unknown,SME,
R002025,dineline,2026-07-03,The Golden Hour Smokehouse,"1057 W Mallow Rd, Verano Bay",Verano Bay,40771,Marisol,5552857292,,Mediterranean,$$$,3.5,1853,pass,pass,0.83,not found,none,unknown,SME,
R002707,atlasmaps,2026-07-23,Northbank Coffee,6830 N Fennimore Blvd,Verano Bay,40141,Sunfield,+15557530148,https://www.northbankcoffee.example,Vietnamese,$$,3.8,2011,fail,fail,0.77,N/A,none,unknown,SME,
R003409,tablefind,2026-07-22,Salt & Vine Osteria,6661 S Quinton St,Sundermere,40461,,+1 555 515 6329,https://www.saltvineosteria.example,Mexican,$$,4.4,463,pass,pass,0.78,Unknown,none,unknown,SME,
R000181,civicpages,2026-07-01,Marigold Room,1040 E Quinton Blvd,Verano Bay,40745,Palisade Park,5554950450,,Korean,$$$,3.5,1384,pass,pass,0.73,Unknown,none,unknown,SME,
R002528,roamly,2026-07-17,The Basil & Bone Smoothie,463 W Serra Boulevard,Verano Bay,40419,Marisol,(555) 604-5857,https://www.basilbonesmoothie.example,Barbecue,$$,4.0,669,fail,fail,0.72,,none,unknown,SME,
R003092,dineline,2026-07-11,Prairie Wine Bar,3861 S Rivermead Rd,Verano Bay,40458,Alder Heights,(555) 950-2113,https://www.prairiewinebar.example,Thai,$$$$,4.4,37,pass,pass,0.85,UNKNOWN,none,unknown,mid-cap,Prairie Group
R001985,atlasmaps,2026-07-17,Heron Supper Club Verano Bay,2736 North Vance Avenue,Verano Bay,40769,Kingsway,,https://www.heronsupperclub.example,Vietnamese,$$$,4.6,1548,pass,pass,0.95,unknown,none,unknown,SME,
R001323,atlasmaps,2026-07-08,Blue Heron Tavern,4514 E Bayard Blvd,Verano Bay,40308,Lantern Hill,+1 555 162 1627,https://www.blueherontavern.example,Ethiopian,$$$,4.6,676,pass,pass,0.91,,none,unknown,SME,
R001358,tablefind,2026-07-01,Anchor Smokehouse,7706 N Fennimore St,Verano Bay,40471,Ashgrove,555.814.0091,,Greek,$$,4.1,683,pass,pass,0.9,unknown,none,unknown,SME,
R001882,tablefind,2026-06-30,Marrow Room Verano Bay,3777 North Tarrow Street,Verano Bay,40767,Templeton,555-798-8603,https://www.marrowroom.example,Contemporary,$,4.0,1786,pass,pass,0.83,-,none,unknown,SME,
R003282,dineline,2026-07-03,Bellwether Grill Restaurant,2647 N Serra St,Verano Bay,40332,Sablewood,555.113.6053,https://www.bellwethergrill.example,Greek,$$,4.0,1575,pass,pass,0.94,not found,none,unknown,large,Bellwether Inc
R000177,atlasmaps,2026-07-25,Silverfin Trattoria - Ashgrove,6085 West Lindmere Street,Verano Bay,40550,Bayview Flats,+1 555 497 3534,https://www.silverfintrattoria.example,Spanish,$$,4.0,636,pass,pass,0.95,-,none,unknown,SME,
R001837,dineline,2026-07-21,Kingfisher Oyster Bar,5286 W Calder Ave,Verano Bay,40597,Fox Hollow,555-307-5964,https://www.kingfisheroysterbar.example,Peruvian,$$,3.6,157,pass,pass,0.87,,none,unknown,SME,
R002580,tablefind,2026-07-01,Marigold Express,125 N Fennimore Blvd,Verano Bay,40681,Harbor Point,5556451591,https://www.marigoldexpress.example,Ethiopian,$$$,3.6,210,fail,fail,0.98,n/a,none,unknown,SME,
R000180,bookwell,2026-07-04,Marigold Room,1040 E Quinton Blvd,Verano Bay,40799,Palisade Park,+15554950450,,Korean,$$$,3.4,1556,pass,pass,0.76,not found,none,unknown,SME,
R000494,dineline,2026-07-22,Heron Steakhouse,"3177 W Bayard Blvd, Verano Bay",Verano Bay,40265,Alder Heights,(555) 842-9338,https://www.heronsteakhouse.example,Spanish,$,3.6,1322,pass,pass,0.97,not found,none,unknown,SME,
R001558,dineline,2026-07-03,Thicket Tavern,2486 E Calder Rd,Verano Bay,40614,Windrow,+15553103664,https://www.thickettavern.example,Peruvian,$$$,4.7,1425,pass,pass,0.94,Ironclad,website_fingerprint,fail,SME,
R001176,roamly,2026-07-01,Mercado Dining Room,3278 E Bayard St,Verano Bay,40374,Bramble Row,+1 555 905 1011,https://www.mercadodiningroom.example,Thai,$$$$,4.6,75,pass,pass,0.73,UNKNOWN,none,unknown,SME,
R000197,tablefind,2026-07-10,Vesper Smokehouse,2960 E Rivermead St,Verano Bay,40325,Old Mill,555.540.7227,,Japanese,$$$,3.8,1297,pass,pass,0.9,-,none,unknown,SME,
R001188,bookwell,2026-07-08,Sable Steakhouse,1615 E Tarrow Blvd,Verano Bay,40293,Sablewood,+15558279097,,Greek,$$$,4.2,380,pass,pass,0.84,,none,unknown,SME,
R002540,civicpages,2026-07-14,Wren Deli,527 E Lindmere Rd,Verano Bay,40745,Palisade Park,+15552900202,,Barbecue,$$$$,4.1,1251,fail,fail,0.74,n/a,none,unknown,SME,
R001711,atlasmaps,2026-07-09,Bellwether Room,"1300 S Tarrow Ave, Verano Bay",Verano Bay,40463,Ashgrove,555.815.1704,https://www.bellwetherroom.example,Seafood,$$$,4.3,237,pass,pass,0.84,UNKNOWN,none,unknown,SME,
R000867,civicpages,2026-06-30,Cobalt Kitchen,5311 E Prospect St,Verano Bay,40559,Corvo Heights,+1 555 478 4952,https://www.cobaltkitchen.example,Spanish,$$$$,4.1,182,pass,pass,0.73,-,none,unknown,SME,
R000752,roamly,2026-07-19,Wren Oyster Bar,2342 North Serra Road,Verano Bay,40510,Palisade Park,555.495.4355,https://www.wrenoysterbar.example,Contemporary,$$,4.5,252,pass,pass,0.88,unknown,none,unknown,SME,
R001027,civicpages,2026-07-13,Harrow Osteria,1184 W Halloway Ave,Verano Bay,40729,Harbor Point,+15555894188,https://www.harrowosteria.example,Mexican,$$$,4.8,557,pass,pass,0.96,BlueCrest,website_fingerprint,pass,SME,
R001998,civicpages,2026-07-23,LANTERN TAQUERIA,2587 West Bayard Boulevard,Verano Bay,40611,Miradero,555-290-3469,,Indian,$$$,4.4,1455,pass,pass,0.99,N/A,none,unknown,SME,
R001501,atlasmaps,2026-07-18,Bramble Oyster Bar - Quarry End,3231 South Halloway Street,Verano Bay,40131,Sablewood,+15559433282,https://www.brambleoysterbar.example,Ethiopian,$$,4.1,1997,pass,pass,0.96,,none,unknown,SME,
R002191,roamly,2026-07-19,Rookery Supper Club,3453 N Rivermead Blvd,Verano Bay,40768,Ferrymead,5554092987,https://www.rookerysupperclub.example,Barbecue,$,3.7,1109,pass,pass,0.97,,none,unknown,SME,
R003020,dineline,2026-07-05,Kettle Express,1233 E Wexley Blvd,Verano Bay,40637,Old Mill,+1 555 266 5644,,Vietnamese,$,3.6,1540,pass,fail,0.93,N/A,none,unknown,SME,
R003353,atlasmaps,2026-07-18,Quarry Smokehouse,5581 N Mallow Blvd,Verano Bay,40646,Rivera District,+15552643164,https://www.quarrysmokehouse.example,Steakhouse,$$$$,3.7,449,pass,pass,0.73,UNKNOWN,none,unknown,large,Quarry Inc
R002261,civicpages,2026-07-09,Quarry Creamery - Alder Heights,5065 W Lindmere Rd,Verano Bay,40312,Greenhithe,5558458494,https://www.quarrycreamery.example,Italian,$,3.2,149,fail,fail,0.94,n/a,none,unknown,SME,
R001299,civicpages,2026-07-01,Lantern Cantina,1638 East Cortez Boulevard,Verano Bay,40472,Lantern Hill,555-832-0667,https://www.lanterncantina.example,Polish,$$$,4.7,1806,pass,pass,0.82,n/a,none,unknown,SME,
R000445,atlasmaps,2026-07-06,Lantern Bistro,7910 East Bayard Avenue,Verano Bay,40327,Rivera District,+1 555 442 6882,https://www.lanternbistro.example,Japanese,$$,3.8,553,pass,pass,0.94,UNKNOWN,none,unknown,SME,
R000391,civicpages,2026-07-04,Halcyon Osteria,1978 E Serra Ave,Verano Bay,40743,Greenhithe,555.128.0232,,Steakhouse,$$,3.3,2049,pass,pass,0.76,,none,unknown,SME,
R003399,roamly,2026-06-30,Nettle Kitchen,295 E Ashfield St,Northmoor,40462,,+15559007522,https://www.nettlekitchen.example,Contemporary,$$$$,4.7,385,pass,pass,0.86,Unknown,none,unknown,SME,
R000797,civicpages,2026-07-02,Rosewater Trattoria,7472 W Vance Rd,Verano Bay,40565,Miradero,555.957.6208,https://www.rosewatertrattoria.example,Vietnamese,$$,4.1,898,pass,pass,0.76,unknown,none,unknown,SME,
R002983,roamly,2026-07-20,Copper Creamery,5915 S Halloway St,Verano Bay,40196,Palisade Park,5559123161,https://www.coppercreamery.example,Korean,$$,4.3,924,fail,fail,0.98,not found,none,unknown,SME,
R000091,roamly,2026-07-04,Hearth Alehouse,1239 S Calder Ave,Verano Bay,40204,Cedar Cross,(555) 258-7936,https://www.hearthalehouse.example,Peruvian,$$$$,3.9,589,pass,pass,0.78,N/A,none,unknown,SME,
R000868,tablefind,2026-06-30,Cobalt Kitchen - Templeton,5311 E Prospect Street,Verano Bay,40629,Corvo Heights,555.478.4952,https://www.cobaltkitchen.example,Spanish,$$$$,4.4,272,pass,pass,0.72,Unknown,none,unknown,SME,
R001731,dineline,2026-06-30,NORTHBANK SUPPER CLUB,1781 N Bayard Boulevard,Verano Bay,40526,Bayview Flats,+1 555 638 4318,https://www.northbanksupperclub.example,Steakhouse,$$,3.6,249,pass,pass,0.94,N/A,none,unknown,SME,
R001453,dineline,2026-07-04,Cobalt Dining Room,307 S Cortez Ave,Verano Bay,40700,Cedar Cross,5551616799,https://www.cobaltdiningroom.example,Mexican,$$$$,4.1,2063,pass,pass,0.87,,none,unknown,SME,
R002923,tablefind,2026-07-18,Rosewater Boba - Lantern Hill,4572 S Lindmere Ave,Verano Bay,40367,Quarry End,,https://www.rosewaterboba.example,Peruvian,$,4.6,226,pass,fail,0.77,Northstar Restaurant,website_fingerprint,pass,SME,
R002092,dineline,2026-07-09,Oxbow Brasserie,5070 E Quinton Rd,Verano Bay,40718,Harbor Point,+15552725234,https://www.oxbowbrasserie.example,Thai,$$$$,4.0,1112,pass,pass,0.84,,none,unknown,SME,
R001118,dineline,2026-07-11,Heron House Restaurant,1781 North Fennimore Road,Verano Bay,40765,Cedar Cross,+1 555 644 4032,https://www.heronhouse.example,Greek,$$$,3.8,1468,pass,pass,0.72,,none,unknown,SME,
R000016,bookwell,2026-07-03,VERDE ROOM,7235 W Vance Rd,Verano Bay,40336,Windrow,(555) 643-3319,https://www.verderoom.example,Greek,$$$,4.2,726,pass,pass,0.96,not found,none,unknown,SME,Verde Restaurant Group
R002495,tablefind,2026-07-13,Rookery Sandwich Shop,7653 W Serra Blvd,Verano Bay,40361,Rivera District,(555) 439-5987,https://www.rookerysandwichshop.example,Vietnamese,$$$$,4.1,1047,fail,fail,0.74,unknown,none,unknown,SME,
R000051,tablefind,2026-07-12,Prairie Table,6629 W Prospect St,Verano Bay,40369,Marisol,,https://www.prairietable.example,Contemporary,$$,4.3,1304,pass,pass,0.96,,none,unknown,mid-cap,Prairie Table Group
R000723,dineline,2026-07-21,Sorrel Oyster Bar,1545 S Fennimore Blvd,Verano Bay,40398,Corvo Heights,555.647.2704,https://www.sorreloysterbar.example,Peruvian,$,3.7,140,pass,pass,0.99,UNKNOWN,none,unknown,SME,
R000120,atlasmaps,2026-07-05,Motherland House,968 E Halloway Ave,Verano Bay,40419,Fox Hollow,(555) 820-9943,,Ethiopian,$,3.5,1182,pass,pass,0.96,Unknown,none,unknown,SME,
R002378,bookwell,2026-07-27,Yarrow Counter 1 Restaurant,"1553 W Calder Ave, Verano Bay",Verano Bay,40345,Harbor Point,555-834-7432,https://www.yarrowcounter1.example,Thai,$$,4.6,1852,pass,fail,0.74,unknown,none,unknown,SME,
R001190,roamly,2026-07-20,Copper Dining Room,1171 S Lindmere Rd,Verano Bay,40387,Templeton,555.934.3797,https://www.copperdiningroom.example,Italian,$$$$,4.2,1334,pass,pass,0.96,,none,unknown,SME,
R002386,civicpages,2026-07-27,Bellwether Smoothie 1,6449 N Bayard St,Verano Bay,40336,Ferrymead,555-781-0274,https://www.bellwethersmoothie1.example,Japanese,$,4.3,1864,pass,fail,0.74,,none,unknown,SME,
R000294,atlasmaps,2026-07-11,Kinship Brasserie,5225 W Serra Ave,Verano Bay,40610,Bramble Row,(555) 362-8070,,Peruvian,$$$,4.2,1406,pass,pass,0.78,-,none,unknown,SME,
R003373,roamly,2026-07-24,Magpie Grill,5591 W Ashfield Ave,Verano Bay,40625,Lantern Hill,(555) 827-6295,https://www.magpiegrill.example,Seafood,$$,3.4,1048,pass,pass,0.75,-,none,unknown,large,Magpie Inc
R003263,atlasmaps,2026-07-26,Juniper Chophouse - Calder Park,2680 East Ashfield Boulevard,Verano Bay,40278,Sablewood,+15555032669,https://www.juniperchophouse.example,Steakhouse,$$$,3.7,1358,pass,pass,0.74,unknown,none,unknown,mid-cap,Juniper Group
R000823,tablefind,2026-07-04,Marigold House Restaurant,5776 N Calder Avenue,Verano Bay,40457,Sunfield,555-600-7918,https://www.marigoldhouse.example,Thai,$$,3.6,1676,pass,pass,0.83,N/A,none,unknown,SME,
R000030,atlasmaps,2026-07-12,Marrow Supper Club,223 S Ashfield Blvd,Verano Bay,40480,Templeton,555.459.0284,https://www.marrowsupperclub.example,Vietnamese,$$$,4.6,1271,pass,pass,0.83,unknown,none,unknown,SME,Marrow & Co
R000408,bookwell,2026-07-05,Umber Bistro - Sablewood,5068 North Vance St,Verano Bay,40768,Bayview Flats,+15556336146,,Mediterranean,$,3.7,1452,pass,pass,0.98,N/A,none,unknown,SME,
R000909,tablefind,2026-07-13,Copper Tavern,1047 North Wexley Street,Verano Bay,40488,Sablewood,5551775267,https://www.coppertavern.example,Barbecue,$$$$,4.6,247,pass,pass,0.78,N/A,none,unknown,SME,
R002265,bookwell,2026-07-19,GALLOW EXPRESS,"472 S Calder St, Verano Bay",Verano Bay,40767,Kingsway,+1 555 988 6459,,Seafood,$$,4.0,395,fail,fail,0.91,,none,unknown,SME,
R000385,civicpages,2026-07-25,Vesper Room - Palisade Park,6412 South Bayard Boulevard,Verano Bay,40167,Calder Park,+15552585146,https://www.vesperroom.example,Spanish,$$$$,4.1,1473,pass,pass,0.81,Ironclad POS,website_fingerprint,fail,SME,
R002331,tablefind,2026-07-18,Bellwether Smoothie,271 W Lindmere Ave,Verano Bay,40637,Bayview Flats,(555) 341-7425,https://www.bellwethersmoothie.example,French,$$$,3.5,1034,fail,fail,0.98,,none,unknown,SME,
R000826,civicpages,2026-07-02,Tallgrass Smokehouse,4011 N Prospect Rd,Verano Bay,40678,Lantern Hill,555-195-0408,https://www.tallgrasssmokehouse.example,Mexican,$$,4.3,1662,pass,pass,0.92,quillpay pos,website_fingerprint,pass,SME,
R003473,atlasmaps,2026-07-20,Larkspur House,2233 W Rivermead Blvd,Northmoor,40207,,+1 555 528 1277,https://www.larkspurhouse.example,Indian,$,4.5,1273,pass,pass,0.8,Vellum POS,website_fingerprint,pass,SME,
R000280,civicpages,2026-07-17,The Quill Kitchen,4160 E Tarrow St,Verano Bay,40586,Templeton,555.312.6690,https://www.quillkitchen.example,Greek,$$,4.5,656,pass,pass,0.75,N/A,none,unknown,SME,
R001681,bookwell,2026-07-14,Thicket Supper Club,1792 W Prospect St,Verano Bay,40352,Sunfield,,https://www.thicketsupperclub.example,French,$$$$,3.5,1924,pass,pass,0.98,cadence flex,website_fingerprint,fail,SME,
R000067,atlasmaps,2026-07-05,VERDE Y MAR GRILL,"6381 N Vance Ave, Verano Bay",Verano Bay,40166,Calder Park,555.224.9356,https://www.verdeymargrill.example,Polish,$$$$,3.8,813,pass,pass,0.78,not found,none,unknown,SME,
R000307,atlasmaps,2026-07-12,Yarrow Oyster Bar,3790 W Bayard Rd,Verano Bay,40579,Bayview Flats,+1 555 634 2622,https://www.yarrowoysterbar.example,Peruvian,$$$,4.2,1624,pass,pass,0.93,n/a,none,unknown,SME,
R001256,tablefind,2026-07-21,Tidewater Alehouse,3917 E Calder Blvd,Verano Bay,40188,Palisade Park,5551159442,https://www.tidewateralehouse.example,Steakhouse,$$,4.0,1815,pass,pass,0.95,Unknown,none,unknown,SME,
R001749,atlasmaps,2026-07-20,Fernwood Grill,4290 E Mallow Rd,Verano Bay,40269,Templeton,555.253.8966,https://www.fernwoodgrill.example,Seafood,$$,4.1,961,pass,pass,0.72,,none,unknown,SME,
R001713,atlasmaps,2026-07-18,Pike Dining Room,7611 W Prospect Blvd,Verano Bay,40531,Windrow,5559591809,https://www.pikediningroom.example,Italian,$$$,4.1,140,pass,pass,0.83,Meridian Server,website_fingerprint,pass,SME,
R002584,atlasmaps,2026-07-19,Lantern Juice Bar,6689 W Lindmere Rd,Verano Bay,40293,Marisol,+1 555 794 7214,,Ethiopian,$$$,3.6,343,pass,fail,0.86,N/A,none,unknown,SME,
R003493,tablefind,2026-07-07,TEST DO NOT USE,3359 W Wexley Rd,Verano Bay,40581,Corvo Heights,555.920.8680,,Spanish,$$$,3.6,699,pass,pass,0.83,unknown,none,unknown,SME,
R002895,dineline,2026-07-23,Zephyr Boba - Templeton,"2813 N Quinton Blvd, Verano Bay",Verano Bay,40687,Stillwater,,https://www.zephyrboba.example,Polish,$$$$,4.5,70,pass,fail,0.91,Unknown,none,unknown,SME,
R001930,tablefind,2026-07-11,Prairie Oyster Bar,3110 N Ashfield Blvd,Verano Bay,40328,Ashgrove,5552528693,,Mediterranean,$$$,3.5,114,pass,pass,0.72,n/a,none,unknown,SME,
R003261,bookwell,2026-07-21,Juniper Chophouse,2680 E Ashfield Blvd,Verano Bay,40197,Sablewood,+1 555 503 2669,https://www.juniperchophouse.example,Steakhouse,$$$,3.9,1540,pass,pass,0.75,unknown,none,unknown,mid-cap,Juniper Group
R002720,atlasmaps,2026-07-02,Foxtail Cafe,2331 W Ashfield St,Verano Bay,40688,Old Mill,+1 555 145 0322,https://www.foxtailcafe.example,Korean,$$$,4.6,1645,pass,fail,0.82,unknown,none,unknown,SME,
R001874,bookwell,2026-07-13,Halcyon Bistro,2625 S Fennimore Rd,Verano Bay,40716,Alder Heights,+1 555 456 8069,https://www.halcyonbistro.example,Thai,$$$,3.8,980,pass,pass,0.77,N/A,none,unknown,SME,
R002547,roamly,2026-07-25,UMBER SMOOTHIE,1079 N Vance Road,Verano Bay,40758,Sablewood,555.794.9396,,French,$,4.5,1629,pass,fail,0.86,N/A,none,unknown,SME,
R002306,bookwell,2026-07-19,Nine Bridges Bakery,164 S Lindmere Blvd,Verano Bay,40470,Quarry End,555.142.4665,https://www.ninebridgesbakery.example,Korean,$$$$,4.4,1138,fail,fail,0.93,n/a,none,unknown,SME,
R001237,atlasmaps,2026-07-05,Nettle Alehouse,7222 W Serra Blvd,Verano Bay,40753,Bramble Row,555-760-7807,https://www.nettlealehouse.example,Korean,$,4.3,1374,pass,pass,0.95,n/a,none,unknown,SME,
R002758,tablefind,2026-07-22,Kinship Creamery 1,3730 N Rivermead Ave,Verano Bay,40149,Quarry End,555.154.3872,https://www.kinshipcreamery1.example,Ethiopian,$$$,4.0,557,pass,fail,0.84,N/A,none,unknown,SME,
R002656,atlasmaps,2026-07-05,Gallow Bakery,129 S Tarrow Blvd,Verano Bay,40522,Lantern Hill,5555928004,https://www.gallowbakery.example,Indian,$$$,4.0,1306,pass,fail,0.96,unknown,none,unknown,SME,
R001461,tablefind,2026-07-27,Kingfisher House,1587 W Prospect Blvd,Verano Bay,40595,Calder Park,555-707-7181,https://www.kingfisherhouse.example,Steakhouse,$$$$,4.9,185,pass,pass,0.98,N/A,none,unknown,SME,
R001659,atlasmaps,2026-07-05,The Basil & Bone Oyster Bar,7530 E Wexley Ave,Verano Bay,40217,Sunfield,555.717.8453,https://www.basilboneoysterbar.example,Greek,$$$,4.3,1698,pass,pass,0.97,Unknown,none,unknown,SME,
R002317,civicpages,2026-07-15,Juniper Creamery,7369 N Calder Blvd,Verano Bay,40717,Bramble Row,,https://www.junipercreamery.example,Polish,$$$,3.5,792,pass,fail,0.78,not found,none,unknown,SME,
R002043,civicpages,2026-07-02,Nightjar Supper Club,318 S Halloway Ave,Verano Bay,40499,Kingsway,5556361033,https://www.nightjarsupperclub.example,Peruvian,$$$,4.7,1476,pass,pass,0.91,,none,unknown,SME,
R002831,bookwell,2026-07-21,Vesper Donuts 1,7651 E Lindmere Rd,Verano Bay,40380,Harbor Point,(555) 269-7788,https://www.vesperdonuts1.example,Italian,$,3.8,633,fail,fail,0.81,unknown,none,unknown,SME,
R001234,civicpages,2026-07-13,Persimmon Room,916 W Serra Rd,Verano Bay,40140,Rivera District,+1 555 880 5470,,Polish,$$$,4.6,1546,pass,pass,0.93,N/A,none,unknown,SME,
R000421,tablefind,2026-07-09,Nine Bridges Kitchen - Sunfield,6519 East Quinton Road,Verano Bay,40709,Sunfield,,https://www.ninebridgeskitchen.example,Mexican,$,4.4,1106,pass,pass,0.96,UNKNOWN,none,unknown,SME,
R003272,atlasmaps,2026-07-02,Tidewater Smokehouse,2268 S Halloway St,Verano Bay,40332,Windrow,555.355.2431,https://www.tidewatersmokehouse.example,Contemporary,$,4.7,813,pass,pass,0.75,-,none,unknown,large,Tidewater Inc
R000538,dineline,2026-07-05,WILDWOOD STEAKHOUSE,5960 S Ashfield Road,Verano Bay,40354,Kingsway,555.592.7940,https://www.wildwoodsteakhouse.example,Thai,$$$,4.5,1338,pass,pass,0.95,IRONCLAD,website_fingerprint,fail,SME,
R001174,civicpages,2026-07-21,Rosewater House,6697 S Ashfield St,Verano Bay,40147,Corvo Heights,+1 555 377 4564,https://www.rosewaterhouse.example,Steakhouse,$,3.7,264,pass,pass,0.88,not found,none,unknown,SME,
R002481,tablefind,2026-07-18,Silverfin Donuts Restaurant,4735 North Prospect Boulevard,Verano Bay,40424,Fox Hollow,555-461-0391,https://www.silverfindonuts.example,Spanish,$$,4.8,1423,pass,fail,0.75,N/A,none,unknown,SME,
R000285,tablefind,2026-07-14,Sparrow Bistro,2206 East Serra Avenue,Verano Bay,40530,Windrow,5553484387,,Japanese,$,4.1,1138,pass,pass,0.99,UNKNOWN,none,unknown,SME,
R000479,atlasmaps,2026-07-18,Palisade Oyster Bar,5565 W Wexley Ave,Verano Bay,40603,Bramble Row,555-536-4927,https://www.palisadeoysterbar.example,Vietnamese,$$,3.3,1290,pass,pass,0.92,not found,none,unknown,SME,
R001346,tablefind,2026-07-23,The Zephyr Brasserie,1595 W Bayard Avenue,Verano Bay,40103,Marisol,+15557482588,https://www.zephyrbrasserie.example,Indian,$$$,4.3,849,pass,pass,0.8,N/A,none,unknown,SME,
R003110,roamly,2026-07-25,Sorrel Bistro - Quarry End,5147 South Bayard Avenue,Verano Bay,40429,Old Mill,,https://www.sorrelbistro.example,Polish,$$$,3.8,167,pass,pass,0.97,N/A,none,unknown,mid-cap,Sorrel Group
R002705,bookwell,2026-07-19,Tin Roof Kiosk,7465 W Lindmere St,Verano Bay,40308,Bayview Flats,+15551944714,https://www.tinroofkiosk.example,Spanish,$,4.6,871,fail,fail,0.88,unknown,none,unknown,SME,
R002784,bookwell,2026-07-12,Kinship Coffee,437 S Rivermead Rd,Verano Bay,40532,Windrow,555-771-6835,https://www.kinshipcoffee.example,Seafood,$$,3.9,200,fail,fail,0.75,unknown,none,unknown,SME,
R000207,atlasmaps,2026-07-14,Juniper Dining Room,2823 W Lindmere St,Verano Bay,40671,Ferrymead,+15558692322,https://www.juniperdiningroom.example,Mediterranean,$$,3.7,1546,pass,pass,0.82,N/A,none,unknown,SME,
R001051,bookwell,2026-07-07,Blue Heron Brasserie,3268 N Fennimore Ave,Verano Bay,40389,Lantern Hill,+15554114943,https://www.blueheronbrasserie.example,Peruvian,$$,3.4,1111,pass,pass,0.97,not found,none,unknown,SME,
R003292,tablefind,2026-07-07,RAMBLER BRASSERIE,6619 East Serra Boulevard,Verano Bay,40250,Marisol,555-226-8187,https://www.ramblerbrasserie.example,Contemporary,$$,3.6,1135,pass,pass,0.75,N/A,none,unknown,large,Rambler Inc
R000436,civicpages,2026-07-08,Inkwell House - Rivera District,7119 South Vance Street,Verano Bay,40706,Cedar Cross,555.970.5657,https://www.inkwellhouse.example,French,$$,4.1,1377,pass,pass,0.86,unknown,none,unknown,SME,
R000400,atlasmaps,2026-07-10,Harrow Bistro,7898 E Wexley St,Verano Bay,40140,Palisade Park,(555) 285-7918,https://www.harrowbistro.example,Peruvian,$$$,4.5,1260,pass,pass,0.82,,none,unknown,SME,
R003004,civicpages,2026-07-20,Redbird Kiosk,3795 S Fennimore Rd,Verano Bay,40153,Sunfield,555.464.8265,https://www.redbirdkiosk.example,Seafood,$$$,4.8,1346,fail,fail,0.72,-,none,unknown,SME,
R003304,atlasmaps,2026-07-27,Anchor Brasserie,789 S Ashfield St,Verano Bay,40379,Kingsway,+15556391315,https://www.anchorbrasserie.example,Italian,$$$,4.0,243,pass,pass,0.76,unknown,none,unknown,large,Anchor Inc
R002829,roamly,2026-07-07,Ironwood Bakery,3513 N Ashfield Blvd,Verano Bay,40522,Sablewood,555.337.4049,https://www.ironwoodbakery.example,French,$$,3.4,2141,pass,fail,0.94,N/A,none,unknown,SME,
R000062,dineline,2026-07-03,IRONWOOD BISTRO,"2936 E Rivermead Ave, Verano Bay",Verano Bay,40390,Calder Park,5557376319,https://www.ironwoodbistro.example,Thai,$,4.7,522,pass,pass,0.81,not found,none,unknown,SME,Ironwood Hospitality
R003398,atlasmaps,2026-07-10,Alder Bistro Verano Bay,6006 E Wexley St,Kestrel Falls,40328,,555.934.0557,https://www.alderbistro.example,French,$$$,3.7,99,pass,pass,0.98,unknown,none,unknown,SME,
R001658,bookwell,2026-07-06,Basil & Bone Oyster Bar,7530 E Wexley Ave,Verano Bay,40742,Sunfield,(555) 717-8453,https://www.basilboneoysterbar.example,Greek,$$$,4.4,1553,pass,pass,0.84,Unknown,none,unknown,SME,
R003192,bookwell,2026-06-30,Stonecutter Brasserie,6136 N Prospect Ave,Verano Bay,40685,Stillwater,+1 555 829 5726,https://www.stonecutterbrasserie.example,French,$$,4.0,543,pass,pass,0.73,Unknown,none,unknown,mid-cap,Stonecutter Group
R000260,atlasmaps,2026-07-09,Fernwood Bistro,1930 S Quinton St,Verano Bay,40500,Greenhithe,5554947594,https://www.fernwoodbistro.example,Spanish,$$,3.5,1513,pass,pass,0.76,n/a,none,unknown,SME,
R002560,tablefind,2026-07-21,Lantern Creamery,5694 E Fennimore Avenue,Verano Bay,40463,Bayview Flats,5557710382,,Mediterranean,$$,4.2,18,pass,fail,0.93,unknown,none,unknown,SME,
R000227,bookwell,2026-07-05,Cobalt Supper Club - Greenhithe,5792 E Quinton Street,Verano Bay,40750,Marisol,555-299-3532,https://www.cobaltsupperclub.example,French,$$,4.4,510,pass,pass,0.84,rivet,website_fingerprint,fail,SME,
R001945,tablefind,2026-07-17,Palisade Trattoria - Bayview Flats,647 E Tarrow Avenue,Verano Bay,40589,Calder Park,555-713-2210,https://www.palisadetrattoria.example,Korean,$$,3.7,1364,pass,pass,0.8,N/A,none,unknown,SME,
R002406,dineline,2026-07-25,Thicket Counter,5670 W Quinton Ave,Verano Bay,40138,Miradero,5553252383,https://www.thicketcounter.example,Korean,$,4.3,392,fail,fail,0.73,,none,unknown,SME,
R000354,atlasmaps,2026-06-30,Motherland Alehouse - Corvo Heights,819 West Halloway Boulevard,Verano Bay,40491,Calder Park,(555) 712-2835,https://www.motherlandalehouse.example,Seafood,$$,3.9,1387,pass,pass,0.87,unknown,none,unknown,SME,
R000594,tablefind,2026-07-14,Ironwood Brasserie,7953 N Calder Rd,Verano Bay,40666,Alder Heights,+1 555 200 5279,https://www.ironwoodbrasserie.example,Steakhouse,$$,3.3,103,pass,pass,0.79,unknown,none,unknown,SME,
R001559,bookwell,2026-07-18,Nine Bridges House,1492 E Calder Blvd,Verano Bay,40722,Old Mill,(555) 349-7342,https://www.ninebridgeshouse.example,Steakhouse,$$$,4.0,1682,pass,pass,0.87,Unknown,none,unknown,SME,
R002335,roamly,2026-07-17,Zephyr Creamery,2387 N Tarrow Blvd,Verano Bay,40127,Rivera District,555-216-1365,https://www.zephyrcreamery.example,Polish,$$,3.8,226,fail,fail,0.76,Cadence POS,website_fingerprint,fail,SME,
R002514,roamly,2026-07-22,Understory Cafe,4600 S Vance Rd,Verano Bay,40468,Templeton,+15551647769,https://www.understorycafe.example,Contemporary,$$$,3.4,763,fail,fail,0.83,unknown,none,unknown,SME,
R002048,dineline,2026-07-17,Tallgrass Tavern,6904 N Serra Ave,Verano Bay,40134,Rivera District,5552316037,https://www.tallgrasstavern.example,Thai,$,4.7,2152,pass,pass,0.93,Unknown,none,unknown,SME,
R000049,dineline,2026-07-04,PRAIRIE KITCHEN,4375 North Lindmere Avenue,Verano Bay,40666,Sunfield,+1 555 235 7387,https://www.prairiekitchen.example,Vietnamese,$$,4.9,1416,pass,pass,0.87,Cadence,website_fingerprint,fail,mid-cap,Prairie Table Group
R000986,bookwell,2026-07-07,Nettle House,3668 E Quinton Blvd,Verano Bay,40277,Sablewood,+1 555 496 9540,https://www.nettlehouse.example,Vietnamese,$$$,3.6,1551,pass,pass,0.93,Unknown,none,unknown,SME,
R001308,bookwell,2026-07-18,Redbird Steakhouse,2884 W Cortez St,Verano Bay,40377,Palisade Park,5554359184,https://www.redbirdsteakhouse.example,Ethiopian,$$,3.4,1265,pass,pass,0.87,Unknown,none,unknown,SME,
R002311,dineline,2026-07-21,Warbler Juice Bar,1105 W Ashfield Blvd,Verano Bay,40773,Fox Hollow,5558299059,https://www.warblerjuicebar.example,Greek,$$,4.7,1971,fail,fail,0.89,ironclad,website_fingerprint,fail,SME,
R002131,tablefind,2026-07-06,The Ironwood Tavern,5473 North Wexley Blvd,Verano Bay,40469,Corvo Heights,555.224.6752,https://www.ironwoodtavern.example,Steakhouse,$$,4.3,1588,pass,pass,0.83,Unknown,none,unknown,SME,
R002988,tablefind,2026-07-25,Nettle Counter Restaurant,4573 S Prospect Rd,Verano Bay,40441,Cedar Cross,5557393241,https://www.nettlecounter.example,Korean,$$,3.6,903,fail,fail,0.81,UNKNOWN,none,unknown,SME,
R001628,roamly,2026-07-12,Understory Bistro Verano Bay,"7352 W Fennimore Blvd, Verano Bay",Verano Bay,40716,Corvo Heights,5553663678,https://www.understorybistro.example,Italian,$,3.8,1988,pass,pass,0.92,UNKNOWN,none,unknown,SME,
R001956,atlasmaps,2026-07-11,Copper Room,7800 N Calder Ave,Verano Bay,40232,Ferrymead,555.850.5021,,Ethiopian,$$,3.8,733,pass,pass,0.83,UNKNOWN,none,unknown,SME,
R000875,bookwell,2026-07-04,Cobalt Grill,331 E Tarrow St,Verano Bay,40415,Palisade Park,+15552947449,https://www.cobaltgrill.example,French,$$$$,3.6,524,pass,pass,0.92,n/a,none,unknown,SME,
R000956,bookwell,2026-07-09,Roan Alehouse,4578 N Ashfield Rd,Verano Bay,40326,Calder Park,555-918-3459,https://www.roanalehouse.example,Indian,$$,4.4,1384,pass,pass,0.95,unknown,none,unknown,SME,
R002094,civicpages,2026-07-23,Oxbow Brasserie,5070 East Quinton Road,Verano Bay,40504,Harbor Point,+15552725234,https://www.oxbowbrasserie.example,Thai,$$$$,4.0,1475,pass,pass,0.88,N/A,none,unknown,SME,
R002201,atlasmaps,2026-07-02,Inkwell Steakhouse,4703 E Quinton Avenue,Verano Bay,40391,Alder Heights,+1 555 822 8998,,Ethiopian,$$,4.4,170,pass,pass,0.87,UNKNOWN,none,unknown,SME,
R000433,tablefind,2026-07-05,Driftwood Trattoria,7398 S Wexley Ave,Verano Bay,40548,Fox Hollow,5554052594,https://www.driftwoodtrattoria.example,Barbecue,$$$,3.7,272,pass,pass,0.78,n/a,none,unknown,SME,
R000541,roamly,2026-07-08,Halcyon Cantina,3491 W Rivermead Blvd,Verano Bay,40606,Sunfield,555.854.0356,https://www.halcyoncantina.example,Indian,$$,3.5,395,pass,pass,0.79,UNKNOWN,none,unknown,SME,
R000927,roamly,2026-07-01,Blue Heron Trattoria,1018 S Calder Rd,Verano Bay,40234,Calder Park,+15558410047,https://www.blueherontrattoria.example,Indian,$$,4.0,517,pass,pass,0.83,,none,unknown,SME,
R001509,roamly,2026-07-23,CARDINAL ROOM,1872 E Serra Rd,Verano Bay,40581,Ashgrove,(555) 278-7034,,Vietnamese,$$,3.5,1318,pass,pass,0.93,N/A,none,unknown,SME,
R000316,dineline,2026-07-23,Vesper Taqueria,669 N Wexley Blvd,Verano Bay,40580,Windrow,5559873835,https://www.vespertaqueria.example,Peruvian,$$$,3.6,161,pass,pass,0.87,saltbox,website_fingerprint,fail,SME,
R002857,dineline,2026-07-24,Prairie To Go,6628 N Calder Blvd,Verano Bay,40332,Miradero,+1 555 714 3959,https://www.prairietogo.example,Mexican,$$$,4.3,931,pass,fail,0.99,ironcladpos,website_fingerprint,fail,SME,
R001918,bookwell,2026-07-16,Blue Heron Bistro,"3589 S Fennimore Ave, Verano Bay",Verano Bay,40446,Kingsway,5552896044,https://www.blueheronbistro.example,Korean,$,3.5,1048,pass,pass,0.88,Unknown,none,unknown,SME,
R000851,roamly,2026-07-22,Quarry Osteria,7991 S Quinton Rd,Verano Bay,40554,Harbor Point,,https://www.quarryosteria.example,Polish,$$$$,4.3,458,pass,pass,0.9,Ironclad POS,website_fingerprint,fail,SME,
R000601,bookwell,2026-07-20,KETTLE GRILL,5667 South Lindmere Blvd,Verano Bay,40339,Alder Heights,,https://www.kettlegrill.example,Italian,$,3.9,413,pass,pass,0.98,N/A,none,unknown,SME,
R001070,roamly,2026-07-14,Fernwood Room Restaurant,4018 West Bayard Street,Verano Bay,40695,Ferrymead,+1 555 404 3277,,Steakhouse,$$,3.3,888,pass,pass,0.86,unknown,none,unknown,SME,
R001708,tablefind,2026-07-28,Ironwood Dining Room,446 S Bayard Blvd,Verano Bay,40408,Palisade Park,+15555603425,https://www.ironwooddiningroom.example,Barbecue,$$$,3.6,1067,pass,pass,0.87,N/A,none,unknown,SME,
R000805,bookwell,2026-07-03,Oxbow Bistro,4410 West Mallow St,Verano Bay,40680,Palisade Park,555-831-3051,https://www.oxbowbistro.example,Barbecue,$$,4.0,770,pass,pass,0.77,not found,none,unknown,SME,
R002823,dineline,2026-07-28,Plumb Donuts,7963 W Serra Ave,Verano Bay,40477,Old Mill,555.874.7333,,Steakhouse,$,4.7,91,fail,fail,0.82,unknown,none,unknown,SME,
R000708,tablefind,2026-07-20,Ironwood Chophouse Verano Bay,6885 N Tarrow Blvd,Verano Bay,40135,Bramble Row,(555) 761-3970,,Ethiopian,$$$,3.4,368,pass,pass,0.9,not found,none,unknown,SME,
R002987,atlasmaps,2026-07-14,NETTLE COUNTER,4573 South Prospect Rd,Verano Bay,40538,Cedar Cross,555-739-3241,https://www.nettlecounter.example,Korean,$$,3.5,1046,pass,fail,0.81,,none,unknown,SME,
R002480,atlasmaps,2026-07-07,Silverfin Donuts,4735 N Prospect Blvd,Verano Bay,40346,Fox Hollow,555-461-0391,https://www.silverfindonuts.example,Spanish,$$,4.9,1778,pass,fail,0.89,Northstar Restaurant,website_fingerprint,pass,SME,
R002044,civicpages,2026-07-13,Basil & Bone Tavern,1955 S Quinton Ave,Verano Bay,40389,Cedar Cross,5557885534,https://www.basilbonetavern.example,Steakhouse,$$$,4.0,1860,pass,pass,0.89,Unknown,none,unknown,SME,
R002433,roamly,2026-07-02,Palisade Cafe 1,938 S Vance St,Verano Bay,40146,Calder Park,+1 555 185 7055,https://www.palisadecafe1.example,Spanish,$$$,4.0,1230,fail,fail,0.89,UNKNOWN,none,unknown,SME,
R002912,bookwell,2026-07-11,NIGHTJAR SMOOTHIE 1 2 3,1793 W Serra Avenue,Verano Bay,40281,Corvo Heights,+15554992643,https://www.nightjarsmoothie123.example,Polish,$$$$,4.6,757,fail,fail,0.73,vellum pos,website_fingerprint,pass,SME,
R000287,atlasmaps,2026-07-07,Anchor Trattoria,7010 S Halloway Blvd,Verano Bay,40792,Old Mill,+15556715367,,Seafood,$$$,3.3,1023,pass,pass,0.8,N/A,none,unknown,SME,
R002246,tablefind,2026-07-05,Roan Steakhouse - Cedar Cross,5952 West Lindmere Road,Verano Bay,40242,Fox Hollow,+1 555 601 2321,https://www.roansteakhouse.example,Italian,$$,4.7,968,pass,pass,0.8,n/a,none,unknown,SME,
R002786,bookwell,2026-07-05,Understory Donuts,3740 E Mallow Blvd,Verano Bay,40603,Bayview Flats,+1 555 881 5371,https://www.understorydonuts.example,Polish,$$$,4.0,305,fail,fail,0.9,UNKNOWN,none,unknown,SME,
R003230,civicpages,2026-07-12,Copper House,3072 N Quinton Rd,Verano Bay,40524,Calder Park,(555) 300-9087,https://www.copperhouse.example,Mexican,$$,4.3,1427,pass,pass,0.72,-,none,unknown,mid-cap,Copper Group
R003093,civicpages,2026-06-30,Basil & Bone Room,1052 N Rivermead Ave,Verano Bay,40709,Templeton,555-723-7907,https://www.basilboneroom.example,Vietnamese,$$,3.5,1606,pass,pass,0.85,n/a,none,unknown,mid-cap,Basil Group
