restaurant_id,rank,score,name,phone,area,address,cuisine,price_band,chain_size,rating,review_count,pos,pos_source,pos_seen,status,days_idle,owners,contact,contact_role,website,reason
5555136215,1,90,The Wren Cantina,(555) 513-6215,Sunfield,4889 North Wexley Avenue,Vietnamese,$,SME,4.63,2126,Northstar,human call,2026-07-25,never in CRM,,,Paul Singh,Owner,,"2,126 reviews · Northstar per human call on 2026-07-25 · never contacted · Paul Singh (Owner) on file · rated 4.63"
5556271295,2,90,Verde Osteria,(555) 627-1295,Sunfield,"3201 W Mallow Rd, Verano Bay",Indian,$$$,SME,4.8,1896,Northstar,human call,2026-06-23,never in CRM,,,Priya Murphy,Co-Owner,https://www.verdeosteria.example,"1,896 reviews · Northstar per human call on 2026-06-23 · never contacted · Priya Murphy (Co-Owner) on file · rated 4.8"
5551479463,3,85,Wildwood Osteria,(555) 147-9463,Calder Park,4476 E Vance Blvd,Steakhouse,$$,SME,4.7,2361,Bluecrest,ai call,2026-06-28,never in CRM,,,Emily Vasquez,Operations Manager,https://www.wildwoodosteria.example,"2,361 reviews · Bluecrest per ai call on 2026-06-28 · never contacted · Emily Vasquez (Operations Manager) on file · rated 4.7"
5553367676,4,85,TIDEWATER STEAKHOUSE,(555) 336-7676,Miradero,3869 W Bayard Ave,Ethiopian,$,SME,3.87,1909,Cadence,human call,2026-07-01,never in CRM,,,Priya Andino,Operations Manager,,"1,909 reviews · Cadence per human call on 2026-07-01 · never contacted · Priya Andino (Operations Manager) on file"
5553072154,5,84,Yarrow Tavern,(555) 307-2154,Sunfield,1929 N Wexley Rd,French,$$$,SME,4.7,1497,Vellum,human call,2026-07-29,never in CRM,,,Sean Williams,Operations Manager,https://www.yarrowtavern.example,"1,497 reviews · Vellum per human call on 2026-07-29 · never contacted · Sean Williams (Operations Manager) on file · rated 4.7"
5558136197,6,84,Thicket Taqueria,(555) 813-6197,Lantern Hill,1875 S Quinton St,Mediterranean,$$$,SME,4.5,1395,Vellum,human call,2026-07-31,never in CRM,,,Raj Torres,Owner,https://www.thickettaqueria.example,"1,395 reviews · Vellum per human call on 2026-07-31 · never contacted · Raj Torres (Owner) on file · rated 4.5"
5557544296,7,84,Understory Grill,(555) 754-4296,Fox Hollow,7569 E Prospect Rd,Mediterranean,$$$,SME,4.6,1355,Vellum,human call,2026-07-08,never in CRM,,,Susan Lopez,Owner,https://www.understorygrill.example,"1,355 reviews · Vellum per human call on 2026-07-08 · never contacted · Susan Lopez (Owner) on file · rated 4.6"
5558373594,8,84,Pike Tavern,(555) 837-3594,Kingsway,1792 N Wexley St,Spanish,$$,SME,4.65,1324,Vellum,human call,2026-06-25,never in CRM,,,George Brown,Operations Manager,https://www.piketavern.example,"1,324 reviews · Vellum per human call on 2026-06-25 · never contacted · George Brown (Operations Manager) on file · rated 4.65"
5555629604,9,84,Zephyr Cantina,(555) 562-9604,Miradero,3607 W Quinton St,Contemporary,$$,SME,4.55,1068,Northstar,human call,2026-06-17,never in CRM,,,Luis Okafor,Co-Owner,,"1,068 reviews · Northstar per human call on 2026-06-17 · never contacted · Luis Okafor (Co-Owner) on file · rated 4.55"
5559752218,10,83,Loam Oyster Bar,(555) 975-2218,Sablewood,6722 E Bayard Ave,Barbecue,$$,large,4.0,2163,Meridian Cloud,ai call,2026-07-02,never in CRM,,,,,https://www.loamoysterbar.example,"2,163 reviews · large operator · Meridian Cloud per ai call on 2026-07-02 · never contacted"
5555781650,11,82,Cobalt Bistro,(555) 578-1650,Corvo Heights,1328 North Halloway Boulevard,Spanish,$$$,SME,4.05,1335,Northstar,human call,2026-06-09,never in CRM,,,Marcus Reyes,Co-Owner,https://www.cobaltbistro.example,"1,335 reviews · Northstar per human call on 2026-06-09 · never contacted · Marcus Reyes (Co-Owner) on file"
5554876390,12,82,The Bramble Chophouse,(555) 487-6390,Rivera District,"1836 N Rivermead St, Verano Bay",Peruvian,$$,SME,4.35,1277,Tessera,human call,2026-07-07,never in CRM,,,Paul Kim,Operations Manager,https://www.bramblechophouse.example,"1,277 reviews · Tessera per human call on 2026-07-07 · never contacted · Paul Kim (Operations Manager) on file"
5556952761,13,82,Juniper Steakhouse Verano Bay,(555) 695-2761,Windrow,1413 East Bayard Blvd,Korean,$$$,SME,4.05,1088,Vellum,human call,2026-07-11,never in CRM,,,Linda Doyle,Co-Owner,https://www.junipersteakhouse.example,"1,088 reviews · Vellum per human call on 2026-07-11 · never contacted · Linda Doyle (Co-Owner) on file"
5558142169,14,82,Heron Wine Bar,(555) 814-2169,Corvo Heights,482 N Lindmere Blvd,Steakhouse,$$$,SME,4.3,1029,Orbit,human call,2026-07-11,never in CRM,,,Paul Le,Operations Manager,https://www.heronwinebar.example,"1,029 reviews · Orbit per human call on 2026-07-11 · never contacted · Paul Le (Operations Manager) on file"
5554352649,15,80,Golden Hour Osteria,(555) 435-2649,Quarry End,6658 S Rivermead Blvd,Steakhouse,$$$,SME,4.7,1827,Northstar,human call,2026-07-01,never in CRM,,,,,https://www.goldenhourosteria.example,"1,827 reviews · Northstar per human call on 2026-07-01 · never contacted · rated 4.7"
5554669682,16,80,Juniper Smokehouse,(555) 466-9682,Miradero,5283 W Rivermead Blvd,French,$,SME,4.83,1504,Meridian Cloud,human call,2026-07-17,never in CRM,,,,,https://www.junipersmokehouse.example,"1,504 reviews · Meridian Cloud per human call on 2026-07-17 · never contacted · rated 4.83"
5557084176,17,79,Ironwood Supper Club,(555) 708-4176,Sablewood,1424 W Rivermead Ave,Peruvian,$,SME,4.6,1411,Northstar,ai call,2026-06-09,never in CRM,,,Peter Haddad,Owner,https://www.ironwoodsupperclub.example,"1,411 reviews · Northstar per ai call on 2026-06-09 · never contacted · Peter Haddad (Owner) on file · rated 4.6"
5553325989,18,79,Kingfisher Dining Room,(555) 332-5989,Ashgrove,1545 E Bayard St,Thai,$$$,SME,5.0,1401,Meridian Cloud,ai call,2026-07-18,never in CRM,,,Tony Garcia,Operations Manager,https://www.kingfisherdiningroom.example,"1,401 reviews · Meridian Cloud per ai call on 2026-07-18 · never contacted · Tony Garcia (Operations Manager) on file · rated 5.0"
5552303763,19,79,Ironwood House,(555) 230-3763,Miradero,447 S Cortez St,Peruvian,$$$,SME,3.8,1293,Northstar,human call,2026-08-01,never in CRM,,,Christina Torres,Managing Partner,,"1,293 reviews · Northstar per human call on 2026-08-01 · never contacted · Christina Torres (Managing Partner) on file"
5559299863,20,79,Warbler Cantina,(555) 929-9863,Windrow,4161 W Lindmere Rd,Steakhouse,$$$,SME,4.6,1285,Northstar,ai call,2026-06-11,never in CRM,,,Hassan Hernandez,Owner,https://www.warblercantina.example,"1,285 reviews · Northstar per ai call on 2026-06-11 · never contacted · Hassan Hernandez (Owner) on file · rated 4.6"
5559854744,21,79,Bellwether Cantina,(555) 985-4744,Stillwater,1576 N Halloway Rd,French,$$,SME,3.5,1248,Vellum,human call,2026-07-09,never in CRM,,,Michael Patel,Managing Partner,,"1,248 reviews · Vellum per human call on 2026-07-09 · never contacted · Michael Patel (Managing Partner) on file"
5557387765,22,79,Salt & Vine Grill Verano Bay,(555) 738-7765,Cedar Cross,"7173 W Prospect Rd, Verano Bay",Barbecue,$$,mid-cap,4.65,1206,Cadence,human call,2026-07-05,open deal,165.0,1.0,Paul Okafor,Managing Partner,https://www.saltvinegrill.example,"1,206 reviews · mid-cap operator · Cadence per human call on 2026-07-05 · deal idle 165 days · Paul Okafor (Managing Partner) on file · rated 4.65"
5554706197,23,79,Plumb Bistro,(555) 470-6197,Fox Hollow,2496 W Mallow Ave,Korean,$$$$,mid-cap,4.8,1144,Cadence,human call,2026-06-12,open deal,72.0,1.0,Frank Silva,Operations Manager,https://www.plumbbistro.example,"1,144 reviews · mid-cap operator · Cadence per human call on 2026-06-12 · deal idle 72 days · Frank Silva (Operations Manager) on file · rated 4.8"
5554043277,24,79,FERNWOOD ROOM,(555) 404-3277,Ferrymead,4018 W Bayard Street,Steakhouse,$$,SME,3.3,1050,Cadence,human call,2026-06-18,never in CRM,,,Nadia Martinez,Owner,,"1,050 reviews · Cadence per human call on 2026-06-18 · never contacted · Nadia Martinez (Owner) on file"
5554941684,25,78,Mercado Bistro,(555) 494-1684,Fox Hollow,593 N Wexley Blvd,Peruvian,$$$,SME,4.0,2274,Cadence,human call,2026-06-16,never in CRM,,,,,,"2,274 reviews · Cadence per human call on 2026-06-16 · never contacted"
5556146703,26,78,The Wildwood Oyster Bar,(555) 614-6703,Kingsway,3440 South Quinton Boulevard,Japanese,$,SME,4.35,1912,Cadence,human call,2026-06-15,never in CRM,,,,,,"1,912 reviews · Cadence per human call on 2026-06-15 · never contacted"
5555206758,27,78,Little Bear Smokehouse,(555) 520-6758,Miradero,3799 S Lindmere Ave,Polish,$$$$,SME,4.2,1614,Vellum,human call,2026-06-14,open deal,97.0,1.0,Daniel Reyes,Co-Owner,,"1,614 reviews · Vellum per human call on 2026-06-14 · deal idle 97 days · Daniel Reyes (Co-Owner) on file"
5558319889,28,78,Wildwood Dining Room,(555) 831-9889,Windrow,5942 N Cortez Rd,Contemporary,$$$,SME,4.63,898,Cadence,human call,2026-07-15,never in CRM,,,Linda Nguyen,Owner,https://www.wildwooddiningroom.example,898 reviews · Cadence per human call on 2026-07-15 · never contacted · Linda Nguyen (Owner) on file · rated 4.63
5551389885,29,78,Jackdaw Osteria - Lantern Hill,(555) 138-9885,Corvo Heights,"3723 E Calder Rd, Verano Bay",Italian,$$,SME,4.75,760,Vellum,human call,2026-06-09,never in CRM,,,Deborah Singh,Managing Partner,https://www.jackdawosteria.example,760 reviews · Vellum per human call on 2026-06-09 · never contacted · Deborah Singh (Managing Partner) on file · rated 4.75
5558863833,30,77,Alder Wine Bar,(555) 886-3833,Alder Heights,3708 North Prospect Street,Italian,$$,mid-cap,4.03,1018,Meridian Cloud,human call,2026-08-02,open deal,123.0,1.0,Victor Kim,Managing Partner,https://www.alderwinebar.example,"1,018 reviews · mid-cap operator · Meridian Cloud per human call on 2026-08-02 · deal idle 123 days · Victor Kim (Managing Partner) on file"
5554230259,31,77,Salt & Vine Bistro,(555) 423-0259,Lantern Hill,7818 E Ashfield Blvd,Italian,$$,SME,4.3,1003,Cadence,ai call,2026-06-29,never in CRM,,,Carlos Johnson,GM,https://www.saltvinebistro.example,"1,003 reviews · Cadence per ai call on 2026-06-29 · never contacted · Carlos Johnson (GM) on file"
5559698742,32,76,Cobalt Oyster Bar,(555) 969-8742,Stillwater,5121 N Fennimore Rd,French,$$,SME,4.2,684,Northstar,human call,2026-06-09,never in CRM,,,Grace Rossi,General Manager,https://www.cobaltoysterbar.example,684 reviews · Northstar per human call on 2026-06-09 · never contacted · Grace Rossi (General Manager) on file
5555207081,33,75,Sparrow Brasserie,(555) 520-7081,Calder Park,6977 S Vance Ave,Spanish,$$$,large,4.55,1887,Meridian Cloud,ai call,2026-06-19,open deal,107.0,1.0,,,https://www.sparrowbrasserie.example,"1,887 reviews · large operator · Meridian Cloud per ai call on 2026-06-19 · deal idle 107 days · rated 4.55"
5559973091,34,75,Understory Steakhouse,(555) 997-3091,Bramble Row,"6408 N Calder St, Verano Bay",Mediterranean,$$$,SME,3.98,1878,Cadence,human call,2026-06-19,never in CRM,,,,,https://www.understorysteakhouse.example,"1,878 reviews · Cadence per human call on 2026-06-19 · never contacted"
5558130946,35,75,Tallgrass House,(555) 813-0946,Stillwater,2692 E Wexley St,Mediterranean,$$,SME,3.5,1877,Cadence,human call,2026-07-26,never in CRM,,,,,https://www.tallgrasshouse.example,"1,877 reviews · Cadence per human call on 2026-07-26 · never contacted"
5558979124,36,75,Cobalt Tavern,(555) 897-9124,Bayview Flats,6809 E Ashfield Rd,Peruvian,$$,SME,3.9,1861,Vellum,human call,2026-06-21,open deal,167.0,1.0,Sofia Singh,Owner,https://www.cobalttavern.example,"1,861 reviews · Vellum per human call on 2026-06-21 · deal idle 167 days · Sofia Singh (Owner) on file"
5553497342,37,75,Nine Bridges House,(555) 349-7342,Old Mill,1492 East Calder Blvd,Steakhouse,$$$,SME,3.95,1784,Northstar,human call,2026-06-20,never in CRM,,,,,https://www.ninebridgeshouse.example,"1,784 reviews · Northstar per human call on 2026-06-20 · never contacted"
5558414766,38,75,Orchard Kitchen,(555) 841-4766,Bramble Row,1743 E Cortez Blvd,Mexican,$$,SME,4.6,1755,Vellum,ai call,2026-07-12,open deal,64.0,1.0,Victor Hernandez,Owner,https://www.orchardkitchen.example,"1,755 reviews · Vellum per ai call on 2026-07-12 · deal idle 64 days · Victor Hernandez (Owner) on file · rated 4.6"
5559255333,39,75,Understory House,(555) 925-5333,Lantern Hill,958 N Cortez Ave,Greek,$$$$,mid-cap,3.9,1618,Meridian Cloud,ai call,2026-06-25,open deal,38.0,1.0,Sofia Schmidt,Owner,https://www.understoryhouse.example,"1,618 reviews · mid-cap operator · Meridian Cloud per ai call on 2026-06-25 · deal idle 38 days · Sofia Schmidt (Owner) on file"
5555696778,40,75,Golden Hour Table,(555) 569-6778,Corvo Heights,650 W Mallow Blvd,Barbecue,$$$$,SME,4.7,1601,Meridian Cloud,ai call,2026-07-07,never in CRM,,,,,https://www.goldenhourtable.example,"1,601 reviews · Meridian Cloud per ai call on 2026-07-07 · never contacted · rated 4.7"
5554947594,41,75,Fernwood Bistro,(555) 494-7594,Greenhithe,1930 South Quinton Street,Spanish,$$,SME,3.55,1513,Vellum,human call,2026-06-18,open deal,70.0,1.0,Marcus Patel,Managing Partner,https://www.fernwoodbistro.example,"1,513 reviews · Vellum per human call on 2026-06-18 · deal idle 70 days · Marcus Patel (Managing Partner) on file"
5553207541,42,75,Redbird Bistro,(555) 320-7541,Sunfield,1957 W Bayard Avenue,Thai,$$$,SME,4.77,1512,Cadence,ai call,2026-06-15,never in CRM,,,,,https://www.redbirdbistro.example,"1,512 reviews · Cadence per ai call on 2026-06-15 · never contacted · rated 4.77"
5557552562,43,75,Violet Osteria,(555) 755-2562,Old Mill,7670 E Prospect Rd,French,$$$,SME,3.45,1503,Cadence,human call,2026-07-21,never in CRM,,,,,https://www.violetosteria.example,"1,503 reviews · Cadence per human call on 2026-07-21 · never contacted"
5552159729,44,74,Warbler House,(555) 215-9729,Windrow,6067 E Wexley Blvd,Thai,$$,SME,3.8,1332,Vellum,ai call,2026-07-18,never in CRM,,,Elena Brown,Managing Partner,https://www.warblerhouse.example,"1,332 reviews · Vellum per ai call on 2026-07-18 · never contacted · Elena Brown (Managing Partner) on file"
5551781499,45,74,Thistle Chophouse,(555) 178-1499,Ferrymead,7471 West Prospect Street,Mediterranean,$$$,SME,3.87,1169,Cadence,ai call,2026-07-24,never in CRM,,,Sean Le,,https://www.thistlechophouse.example,"1,169 reviews · Cadence per ai call on 2026-07-24 · never contacted · Sean Le (None) on file"
5552421700,46,73,Cobalt Taqueria,(555) 242-1700,Windrow,5683 E Serra Blvd,Vietnamese,$$$$,large,4.4,2083,Vellum,ai call,2026-07-13,open deal,30.0,1.0,,,https://www.cobalttaqueria.example,"2,083 reviews · large operator · Vellum per ai call on 2026-07-13 · deal idle 30 days"
5558678270,47,73,Rookery Chophouse,(555) 867-8270,Fox Hollow,266 S Rivermead Ave,Korean,$$$$,SME,4.0,1698,Orbit,ai call,2026-07-06,never in CRM,,,,,https://www.rookerychophouse.example,"1,698 reviews · Orbit per ai call on 2026-07-06 · never contacted"
5558464523,48,73,Thistle Supper Club,(555) 846-4523,Cedar Cross,755 E Calder St,Ethiopian,$,SME,4.3,1682,Orbit,ai call,2026-06-18,never in CRM,,,,,https://www.thistlesupperclub.example,"1,682 reviews · Orbit per ai call on 2026-06-18 · never contacted"
5559412356,49,73,Nettle Trattoria,(555) 941-2356,Alder Heights,2102 E Fennimore Blvd,Barbecue,$$,SME,4.1,1504,Cadence,ai call,2026-08-01,never in CRM,,,,,,"1,504 reviews · Cadence per ai call on 2026-08-01 · never contacted"
5554568069,50,73,Halcyon Bistro,(555) 456-8069,Alder Heights,2625 S Fennimore Rd,Thai,$$$,SME,3.8,980,Northstar,human call,2026-07-19,never in CRM,,,Sean Singh,Operations Manager,https://www.halcyonbistro.example,980 reviews · Northstar per human call on 2026-07-19 · never contacted · Sean Singh (Operations Manager) on file
5558640367,51,73,Orchard Steakhouse,(555) 864-0367,Bramble Row,7209 S Ashfield St,Mediterranean,$$,SME,3.85,913,Tessera,human call,2026-06-20,never in CRM,,,Tony Novak,Owner,https://www.orchardsteakhouse.example,913 reviews · Tessera per human call on 2026-06-20 · never contacted · Tony Novak (Owner) on file
5553310203,52,73,Tallgrass Oyster Bar - Cedar Cross,(555) 331-0203,Stillwater,1645 East Quinton Boulevard,Mexican,$$$,large,3.9,894,Vellum,human call,2026-07-01,open deal,174.0,1.0,Deborah Miller,Operations Manager,https://www.tallgrassoysterbar.example,894 reviews · large operator · Vellum per human call on 2026-07-01 · deal idle 174 days · Deborah Miller (Operations Manager) on file
5554986160,53,73,Gallow Chophouse,(555) 498-6160,Greenhithe,2070 E Serra St,Steakhouse,$$$,SME,3.65,883,Cadence,human call,2026-06-27,never in CRM,,,Marcus Garcia,Operations Manager,,883 reviews · Cadence per human call on 2026-06-27 · never contacted · Marcus Garcia (Operations Manager) on file
5552335723,54,73,Oxbow Cantina,(555) 233-5723,Templeton,1163 W Rivermead Blvd,Contemporary,$$$,SME,4.7,754,Cadence,ai call,2026-06-12,never in CRM,,,Raj Hernandez,General Manager,https://www.oxbowcantina.example,754 reviews · Cadence per ai call on 2026-06-12 · never contacted · Raj Hernandez (General Manager) on file · rated 4.7
5556266371,55,73,Wildwood Chophouse,(555) 626-6371,Stillwater,1479 W Prospect Rd,Korean,$$,SME,3.6,691,Vellum,human call,2026-07-10,never in CRM,,,Jennifer Okafor,GM,https://www.wildwoodchophouse.example,691 reviews · Vellum per human call on 2026-07-10 · never contacted · Jennifer Okafor (GM) on file
5555658909,56,73,Bluebird Taqueria,(555) 565-8909,Marisol,2581 E Vance Blvd,Ethiopian,$$,SME,4.5,689,Vellum,ai call,2026-06-22,never in CRM,,,Victor Brown,Owner,https://www.bluebirdtaqueria.example,689 reviews · Vellum per ai call on 2026-06-22 · never contacted · Victor Brown (Owner) on file · rated 4.5
5558946054,57,73,Tidewater Supper Club,(555) 894-6054,Old Mill,2154 W Quinton Blvd,Barbecue,$$,SME,3.9,652,Northstar,human call,2026-06-26,never in CRM,,,Frank Chen,Co-Owner,https://www.tidewatersupperclub.example,652 reviews · Northstar per human call on 2026-06-26 · never contacted · Frank Chen (Co-Owner) on file
5554861457,58,73,Foxglove Brasserie,(555) 486-1457,Corvo Heights,3380 South Fennimore Boulevard,Contemporary,$,SME,3.5,649,Cadence,human call,2026-07-16,never in CRM,,,Sofia Doyle,Owner,https://www.foxglovebrasserie.example,649 reviews · Cadence per human call on 2026-07-16 · never contacted · Sofia Doyle (Owner) on file
5557280731,59,73,Loam Chophouse,(555) 728-0731,Kingsway,7055 S Mallow Rd,Korean,$$,SME,3.45,646,Vellum,human call,2026-08-02,never in CRM,,,Elena Garcia,General Manager,https://www.loamchophouse.example,646 reviews · Vellum per human call on 2026-08-02 · never contacted · Elena Garcia (General Manager) on file
5559145068,60,73,Salt & Vine House,(555) 914-5068,Cedar Cross,7933 W Mallow St,Thai,$$$,SME,3.6,567,Cadence,human call,2026-07-09,never in CRM,,,Ahmed Petrou,General Manager,https://www.saltvinehouse.example,567 reviews · Cadence per human call on 2026-07-09 · never contacted · Ahmed Petrou (General Manager) on file
5558450001,61,72,Wren Table,(555) 845-0001,Ferrymead,3765 S Prospect Blvd,Italian,$$$$,SME,4.3,1224,Northstar,human call,2026-06-26,open deal,64.0,1.0,Beatriz Murphy,General Manager,,"1,224 reviews · Northstar per human call on 2026-06-26 · deal idle 64 days · Beatriz Murphy (General Manager) on file"
5559014274,62,72,Juniper Room,(555) 901-4274,Corvo Heights,1658 N Bayard Rd,Indian,$$,SME,4.6,475,Northstar,human call,2026-08-01,never in CRM,,,Nadia Patel,Owner,https://www.juniperroom.example,475 reviews · Northstar per human call on 2026-08-01 · never contacted · Nadia Patel (Owner) on file · rated 4.6
5557808383,63,71,Vesper Alehouse,(555) 780-8383,Corvo Heights,4816 W Ashfield Blvd,Steakhouse,$$,mid-cap,4.4,898,Vellum,human call,2026-06-20,open deal,40.0,2.0,Robert Kowalski,Owner,https://www.vesperalehouse.example,898 reviews · mid-cap operator · Vellum per human call on 2026-06-20 · deal idle 40 days · Robert Kowalski (Owner) on file
5553789332,64,71,Umber Room,(555) 378-9332,Cedar Cross,6760 E Halloway Blvd,Barbecue,$$,mid-cap,4.3,736,Vellum,human call,2026-07-12,open deal,159.0,1.0,Rachel Lopez,Owner,https://www.umberroom.example,736 reviews · mid-cap operator · Vellum per human call on 2026-07-12 · deal idle 159 days · Rachel Lopez (Owner) on file
5559274700,65,70,Kinship Room - Miradero,(555) 927-4700,Miradero,5103 N Prospect Ave,Mexican,$,SME,3.75,2101,Vellum,ai call,2026-07-17,never in CRM,,,,,https://www.kinshiproom.example,"2,101 reviews · Vellum per ai call on 2026-07-17 · never contacted"
5556703844,66,70,Rookery Steakhouse,(555) 670-3844,Corvo Heights,5678 N Serra Rd,Mexican,$$$,SME,3.8,2030,Orbit,ai call,2026-07-20,never in CRM,,,,,https://www.rookerysteakhouse.example,"2,030 reviews · Orbit per ai call on 2026-07-20 · never contacted"
5552081551,67,70,Bramble Osteria,(555) 208-1551,Palisade Park,6332 N Calder Ave,Greek,$,SME,3.75,1964,Cadence,ai call,2026-07-10,never in CRM,,,,,,"1,964 reviews · Cadence per ai call on 2026-07-10 · never contacted"
5553443772,68,70,Amber Grill Verano Bay,(555) 344-3772,Alder Heights,1603 North Quinton Road,Italian,$$$,SME,3.57,1916,Cadence,ai call,2026-07-15,open deal,160.0,1.0,Maria Andino,Managing Partner,https://www.ambergrill.example,"1,916 reviews · Cadence per ai call on 2026-07-15 · deal idle 160 days · Maria Andino (Managing Partner) on file"
5552857292,69,70,Golden Hour Smokehouse,(555) 285-7292,Marisol,1057 W Mallow Rd,Mediterranean,$$$,SME,3.65,1853,Northstar,ai call,2026-06-28,never in CRM,,,,,,"1,853 reviews · Northstar per ai call on 2026-06-28 · never contacted"
5554938722,70,70,Sparrow Room,(555) 493-8722,Stillwater,7146 S Cortez Street,Contemporary,$$$,mid-cap,3.77,1762,Cadence,human call,2026-06-28,open deal,133.0,1.0,,,https://www.sparrowroom.example,"1,762 reviews · mid-cap operator · Cadence per human call on 2026-06-28 · deal idle 133 days"
5556851661,71,70,Dovetail Brasserie,(555) 685-1661,Sablewood,7030 E Ashfield St,French,$$$,SME,3.7,1666,Cadence,ai call,2026-07-09,never in CRM,,,,,https://www.dovetailbrasserie.example,"1,666 reviews · Cadence per ai call on 2026-07-09 · never contacted"
5559165753,72,70,Basil & Bone Osteria,(555) 916-5753,Windrow,3897 W Prospect Ave,Indian,$$$,SME,3.8,1650,Northstar,ai call,2026-07-13,never in CRM,,,,,https://www.basilboneosteria.example,"1,650 reviews · Northstar per ai call on 2026-07-13 · never contacted"
5551682202,73,70,Inkwell Grill,(555) 168-2202,Ashgrove,7537 W Wexley Blvd,Indian,$$,SME,3.8,1626,Vellum,ai call,2026-07-23,open deal,56.0,1.0,Frank Rodriguez,General Manager,https://www.inkwellgrill.example,"1,626 reviews · Vellum per ai call on 2026-07-23 · deal idle 56 days · Frank Rodriguez (General Manager) on file"
5553077951,74,70,Cardinal Taqueria,(555) 307-7951,Rivera District,207 N Wexley Ave,Spanish,$$,SME,3.75,1536,Cadence,ai call,2026-07-27,never in CRM,,,,,https://www.cardinaltaqueria.example,"1,536 reviews · Cadence per ai call on 2026-07-27 · never contacted"
5555057261,75,70,Foxtail Room,(555) 505-7261,Templeton,4987 S Quinton Ave,Spanish,$,SME,4.0,313,Northstar,human call,2026-07-02,never in CRM,,,Michael Novak,Owner,https://www.foxtailroom.example,313 reviews · Northstar per human call on 2026-07-02 · never contacted · Michael Novak (Owner) on file
5554784952,76,70,Cobalt Kitchen,(555) 478-4952,Corvo Heights,5311 E Prospect St,Spanish,$$$$,SME,4.3,272,Cadence,human call,2026-07-24,never in CRM,,,Grace Hernandez,Managing Partner,https://www.cobaltkitchen.example,272 reviews · Cadence per human call on 2026-07-24 · never contacted · Grace Hernandez (Managing Partner) on file
5553360489,77,70,Cobalt House,(555) 336-0489,Kingsway,2816 S Ashfield Blvd,Thai,$,SME,4.0,246,Northstar,human call,2026-07-01,never in CRM,,,James Brown,General Manager,,246 reviews · Northstar per human call on 2026-07-01 · never contacted · James Brown (General Manager) on file
5557250459,78,69,Warbler Oyster Bar,(555) 725-0459,Ashgrove,3669 E Fennimore Blvd,Spanish,$$$$,mid-cap,3.9,1425,Vellum,ai call,2026-07-30,never in CRM,,,,,https://www.warbleroysterbar.example,"1,425 reviews · mid-cap operator · Vellum per ai call on 2026-07-30 · never contacted"
5557289782,79,69,Pike Grill,(555) 728-9782,Bayview Flats,7737 W Cortez St,Italian,$$$$,mid-cap,4.9,1338,Meridian Cloud,human call,2026-06-29,open deal,5.0,2.0,James Johnson,Owner,https://www.pikegrill.example,"1,338 reviews · mid-cap operator · Meridian Cloud per human call on 2026-06-29 · a rep is working it now · James Johnson (Owner) on file · rated 4.9"
5556720362,80,69,Fallowfield Chophouse,(555) 672-0362,Templeton,"3266 N Rivermead Blvd, Verano Bay",Korean,$$,mid-cap,4.5,1204,Northstar,crm field,2026-07-02,open deal,32.0,1.0,David Miller,,https://www.fallowfieldchophouse.example,"1,204 reviews · mid-cap operator · Northstar per crm field on 2026-07-02 · deal idle 32 days · David Miller (None) on file · rated 4.5"
5558510642,81,69,FOXTAIL TABLE,(555) 851-0642,Lantern Hill,6682 North Vance Street,Indian,$$,SME,4.85,1154,Cadence,ai call,2026-06-26,never in CRM,,,,,,"1,154 reviews · Cadence per ai call on 2026-06-26 · never contacted · rated 4.85"
5556336528,82,68,Magpie Bistro,(555) 633-6528,Templeton,965 S Quinton Rd,Ethiopian,$$$,SME,4.0,1772,Vellum,website,2026-07-26,never in CRM,,,David Rossi,,https://www.magpiebistro.example,"1,772 reviews · Vellum per website on 2026-07-26 · never contacted · David Rossi (None) on file"
5553761703,83,68,Ember Wine Bar,(555) 376-1703,Palisade Park,"5087 S Cortez Rd, Verano Bay",Barbecue,$,SME,4.0,1547,Vellum,human call,2026-07-14,open deal,82.0,1.0,,,https://www.emberwinebar.example,"1,547 reviews · Vellum per human call on 2026-07-14 · deal idle 82 days"
5555663377,84,68,Quarry Grill,(555) 566-3377,Alder Heights,2428 S Quinton St,Indian,$$$,SME,3.8,886,Northstar,ai call,2026-06-27,never in CRM,,,Victor Schmidt,Owner,https://www.quarrygrill.example,886 reviews · Northstar per ai call on 2026-06-27 · never contacted · Victor Schmidt (Owner) on file
5552987200,85,68,Golden Hour Steakhouse,(555) 298-7200,Bramble Row,765 S Calder St,Peruvian,$$$$,SME,3.8,869,Cadence,ai call,2026-07-01,never in CRM,,,Frank Rodriguez,General Manager,https://www.goldenhoursteakhouse.example,869 reviews · Cadence per ai call on 2026-07-01 · never contacted · Frank Rodriguez (General Manager) on file
5556312207,86,68,Kingfisher Supper Club,(555) 631-2207,Sablewood,"2950 N Tarrow Ave, Verano Bay",Greek,$,SME,3.6,811,Cadence,ai call,2026-08-02,never in CRM,,,Grace Vasquez,Co-Owner,https://www.kingfishersupperclub.example,811 reviews · Cadence per ai call on 2026-08-02 · never contacted · Grace Vasquez (Co-Owner) on file
5556735625,87,68,Umber Taqueria,(555) 673-5625,Corvo Heights,2084 S Vance Blvd,Spanish,$$$,SME,4.75,669,Vellum,human call,2026-07-08,never in CRM,,,,,https://www.umbertaqueria.example,669 reviews · Vellum per human call on 2026-07-08 · never contacted · rated 4.75
5554713993,88,68,Persimmon Cantina,(555) 471-3993,Cedar Cross,1773 W Quinton Ave,Barbecue,$$$,large,4.8,634,Cadence,crm field,2026-05-31,open deal,64.0,1.0,Omar Brown,,https://www.persimmoncantina.example,634 reviews · large operator · Cadence per crm field on 2026-05-31 · deal idle 64 days · Omar Brown (None) on file · rated 4.8
5555507258,89,68,Marrow Cantina,(555) 550-7258,Ashgrove,6089 E Fennimore Rd,Seafood,$$,SME,4.8,595,Vellum,human call,2026-07-25,open deal,173.0,1.0,Michael Garcia,Co-Owner,https://www.marrowcantina.example,595 reviews · Vellum per human call on 2026-07-25 · deal idle 173 days · Michael Garcia (Co-Owner) on file · rated 4.8
5554847090,90,68,Pike Cantina,(555) 484-7090,Cedar Cross,376 E Lindmere Blvd,Mexican,$$$,SME,4.7,589,Orbit,human call,2026-06-15,never in CRM,,,,,https://www.pikecantina.example,589 reviews · Orbit per human call on 2026-06-15 · never contacted · rated 4.7
5555068500,91,68,Kinship Table,(555) 506-8500,Bramble Row,3795 W Vance Ave,French,$$$$,mid-cap,4.63,516,Cadence,ai call,2026-07-19,open deal,139.0,1.0,Omar Patel,Managing Partner,https://www.kinshiptable.example,516 reviews · mid-cap operator · Cadence per ai call on 2026-07-19 · deal idle 139 days · Omar Patel (Managing Partner) on file · rated 4.63
5554420347,92,68,ANCHOR ALEHOUSE,(555) 442-0347,Corvo Heights,1238 North Vance St,Thai,$$,SME,4.5,506,Vellum,human call,2026-07-06,never in CRM,,,,,https://www.anchoralehouse.example,506 reviews · Vellum per human call on 2026-07-06 · never contacted · rated 4.5
5554198579,93,68,Thistle Oyster Bar,(555) 419-8579,Bayview Flats,6477 West Lindmere Boulevard,Greek,$$$,SME,4.85,189,Vellum,human call,2026-06-22,never in CRM,,,James Doyle,Owner,https://www.thistleoysterbar.example,189 reviews · Vellum per human call on 2026-06-22 · never contacted · James Doyle (Owner) on file · rated 4.85
5559428416,94,68,Vesper Chophouse,(555) 942-8416,Cedar Cross,2449 W Calder Blvd,Seafood,$$$,SME,4.65,132,Northstar,human call,2026-06-24,never in CRM,,,Raj Martinez,GM,https://www.vesperchophouse.example,132 reviews · Northstar per human call on 2026-06-24 · never contacted · Raj Martinez (GM) on file · rated 4.65
5557624487,95,67,Understory Osteria,(555) 762-4487,Miradero,7915 N Fennimore Ave,Polish,$$$,SME,4.1,1459,Tessera,ai call,2026-07-03,never in CRM,,,,,https://www.understoryosteria.example,"1,459 reviews · Tessera per ai call on 2026-07-03 · never contacted"
5551473588,96,67,Motherland Bistro,(555) 147-3588,Bramble Row,583 S Rivermead Ave,Vietnamese,$,SME,4.4,1312,Cadence,ai call,2026-07-25,never in CRM,,,,,,"1,312 reviews · Cadence per ai call on 2026-07-25 · never contacted"
5552646034,97,67,Marrow Steakhouse,(555) 264-6034,Palisade Park,3299 S Tarrow Rd,Barbecue,$$$,SME,4.37,1279,Northstar,ai call,2026-08-01,never in CRM,,,,,https://www.marrowsteakhouse.example,"1,279 reviews · Northstar per ai call on 2026-08-01 · never contacted"
5558706960,98,67,Sixpence Room - Sunfield,(555) 870-6960,Lantern Hill,4684 W Cortez Road,Contemporary,$$$,SME,4.17,1088,Vellum,ai call,2026-07-13,never in CRM,,,,,https://www.sixpenceroom.example,"1,088 reviews · Vellum per ai call on 2026-07-13 · never contacted"
5553963860,99,67,Amber Trattoria,(555) 396-3860,Rivera District,3579 E Fennimore Blvd,Spanish,$$,SME,3.7,454,Cadence,human call,2026-07-24,never in CRM,,,Michael Schmidt,Operations Manager,,454 reviews · Cadence per human call on 2026-07-24 · never contacted · Michael Schmidt (Operations Manager) on file
5557613140,100,67,Foxtail Alehouse,(555) 761-3140,Sunfield,1730 South Quinton Street,Seafood,$$$,SME,3.87,362,Northstar,human call,2026-07-26,never in CRM,,,Nadia Doyle,Co-Owner,https://www.foxtailalehouse.example,362 reviews · Northstar per human call on 2026-07-26 · never contacted · Nadia Doyle (Co-Owner) on file
5557335091,101,67,Vesper Grill,(555) 733-5091,Harbor Point,3792 W Ashfield St,Thai,$$$$,SME,3.8,336,Bluecrest,human call,2026-07-14,never in CRM,,,Frank Schmidt,GM,https://www.vespergrill.example,336 reviews · Bluecrest per human call on 2026-07-14 · never contacted · Frank Schmidt (GM) on file
5559982953,102,67,Saffron Kitchen - Ashgrove,(555) 998-2953,Rivera District,1246 South Calder Boulevard,Peruvian,$$$$,SME,3.82,272,Orbit,human call,2026-07-26,never in CRM,,,Grace Reyes,Operations Manager,https://www.saffronkitchen.example,272 reviews · Orbit per human call on 2026-07-26 · never contacted · Grace Reyes (Operations Manager) on file
5555262331,103,67,Foxglove Grill,(555) 526-2331,Alder Heights,5798 S Calder Rd,Korean,$$$$,SME,4.7,243,Orbit,ai call,2026-07-18,never in CRM,,,Paul Novak,Operations Manager,https://www.foxglovegrill.example,243 reviews · Orbit per ai call on 2026-07-18 · never contacted · Paul Novak (Operations Manager) on file · rated 4.7
5556167261,104,66,Bluebird Brasserie,(555) 616-7261,Miradero,7032 W Vance St,Korean,$,SME,4.25,931,Cadence,human call,2026-07-09,never in CRM,,,,,,931 reviews · Cadence per human call on 2026-07-09 · never contacted
5556650346,105,66,Blue Heron Oyster Bar,(555) 665-0346,Harbor Point,6990 N Tarrow Rd,Ethiopian,$$$,SME,4.43,752,Orbit,human call,2026-06-18,open deal,88.0,1.0,Nicole Okafor,Co-Owner,https://www.blueheronoysterbar.example,752 reviews · Orbit per human call on 2026-06-18 · deal idle 88 days · Nicole Okafor (Co-Owner) on file
5555314902,106,66,Anchor Dining Room,(555) 531-4902,Harbor Point,3137 N Vance Ave,Japanese,$$,SME,4.2,91,Cadence,human call,2026-07-19,never in CRM,,,Christina Brown,Operations Manager,https://www.anchordiningroom.example,91 reviews · Cadence per human call on 2026-07-19 · never contacted · Christina Brown (Operations Manager) on file
5551926335,107,65,Foxtail Grill,(555) 192-6335,Fox Hollow,977 East Lindmere Boulevard,Polish,$$$,SME,4.9,2267,Northstar,ai call,2026-07-15,open deal,54.0,1.0,,,https://www.foxtailgrill.example,"2,267 reviews · Northstar per ai call on 2026-07-15 · deal idle 54 days · rated 4.9"
5552027919,108,65,Foxtail Oyster Bar,(555) 202-7919,Kingsway,883 E Ashfield Ave,Mediterranean,$$,SME,4.53,2144,Northstar,ai call,2026-07-31,open deal,0.0,1.0,Raj Miller,General Manager,,"2,144 reviews · Northstar per ai call on 2026-07-31 · a rep is working it now · Raj Miller (General Manager) on file · rated 4.53"
5557331082,109,65,Tidewater Brasserie,(555) 733-1082,Sablewood,6650 W Wexley Blvd,Barbecue,$$,large,4.6,1894,Meridian Cloud,crm notes,2026-06-19,open deal,45.0,1.0,,,https://www.tidewaterbrasserie.example,"1,894 reviews · large operator · Meridian Cloud per crm notes on 2026-06-19 · deal idle 45 days · rated 4.6"
5559437668,110,65,Harrow Cantina,(555) 943-7668,Cedar Cross,7267 W Ashfield Boulevard,Greek,$$,large,3.5,1771,Meridian Cloud,crm field,2026-02-19,open deal,165.0,1.0,,,https://www.harrowcantina.example,"1,771 reviews · large operator · Meridian Cloud per crm field on 2026-02-19 · deal idle 165 days"
5555126047,111,65,Bramble Grill,(555) 512-6047,Rivera District,2015 S Tarrow St,Polish,$$$,large,3.9,1765,Cadence,crm field,2026-03-25,open deal,131.0,1.0,,,https://www.bramblegrill.example,"1,765 reviews · large operator · Cadence per crm field on 2026-03-25 · deal idle 131 days"
5551207550,112,65,Anchor Supper Club,(555) 120-7550,Bramble Row,5300 E Mallow Ave,Indian,$,large,3.95,1605,Cadence,website,2026-07-24,never in CRM,,,,,https://www.anchorsupperclub.example,"1,605 reviews · large operator · Cadence per website on 2026-07-24 · never contacted"
5551157167,113,65,Bluebird Trattoria,(555) 115-7167,Templeton,485 N Ashfield Blvd,Ethiopian,$,mid-cap,4.4,428,Cadence,human call,2026-06-16,open deal,137.0,1.0,Frank Brown,Operations Manager,https://www.bluebirdtrattoria.example,428 reviews · mid-cap operator · Cadence per human call on 2026-06-16 · deal idle 137 days · Frank Brown (Operations Manager) on file
5556472873,114,64,Rookery Kitchen,(555) 647-2873,Greenhithe,2014 E Fennimore Blvd,Seafood,$$,SME,3.5,1485,Vellum,ai call,2026-06-16,never in CRM,,,,,https://www.rookerykitchen.example,"1,485 reviews · Vellum per ai call on 2026-06-16 · never contacted"
5559256216,115,64,Golden Hour Trattoria,(555) 925-6216,Palisade Park,6896 W Calder St,Korean,$$$$,SME,3.8,1444,Vellum,ai call,2026-07-27,never in CRM,,,,,https://www.goldenhourtrattoria.example,"1,444 reviews · Vellum per ai call on 2026-07-27 · never contacted"
5552357387,116,64,Prairie Kitchen,(555) 235-7387,Sunfield,4375 N Lindmere Ave,Vietnamese,$$,mid-cap,4.8,1416,Cadence,ai call,2026-07-18,open deal,142.0,1.0,,,https://www.prairiekitchen.example,"1,416 reviews · mid-cap operator · Cadence per ai call on 2026-07-18 · deal idle 142 days · rated 4.8"
5558430541,117,64,Quarry Room,(555) 843-0541,Old Mill,5302 E Ashfield Ave,Peruvian,$$$$,SME,3.85,1347,Cadence,ai call,2026-07-25,never in CRM,,,,,https://www.quarryroom.example,"1,347 reviews · Cadence per ai call on 2026-07-25 · never contacted"
5557738524,118,64,Marrow Table Restaurant,(555) 773-8524,Quarry End,280 North Serra St,Spanish,$,large,4.68,1283,Meridian Cloud,crm field,2026-03-26,open deal,130.0,1.0,,,https://www.marrowtable.example,"1,283 reviews · large operator · Meridian Cloud per crm field on 2026-03-26 · deal idle 130 days · rated 4.68"
5551508297,119,64,Northbank Bistro,(555) 150-8297,Rivera District,3668 S Lindmere Ave,Greek,$,mid-cap,3.5,1235,Northstar,human call,2026-06-13,open deal,54.0,1.0,,,https://www.northbankbistro.example,"1,235 reviews · mid-cap operator · Northstar per human call on 2026-06-13 · deal idle 54 days"
5551020241,120,64,Rambler Chophouse,(555) 102-0241,Rivera District,583 S Serra Blvd,Spanish,$$,SME,3.8,1182,Orbit,ai call,2026-06-21,never in CRM,,,,,https://www.ramblerchophouse.example,"1,182 reviews · Orbit per ai call on 2026-06-21 · never contacted"
5559407431,121,64,Jackdaw Alehouse Restaurant,(555) 940-7431,Ferrymead,3989 East Prospect Boulevard,Steakhouse,$$,mid-cap,3.65,1044,Meridian Cloud,human call,2026-07-02,open deal,49.0,2.0,,,https://www.jackdawalehouse.example,"1,044 reviews · mid-cap operator · Meridian Cloud per human call on 2026-07-02 · deal idle 49 days"
5553608095,122,63,Wren Steakhouse,(555) 360-8095,Palisade Park,5629 E Wexley Rd,Korean,$$,mid-cap,4.25,2042,Vellum,crm field,2026-06-28,open deal,36.0,1.0,,,https://www.wrensteakhouse.example,"2,042 reviews · mid-cap operator · Vellum per crm field on 2026-06-28 · deal idle 36 days"
5555488920,123,63,Prairie Cantina,(555) 548-8920,Stillwater,4537 South Serra Avenue,Seafood,$,mid-cap,4.23,1903,Cadence,website,2026-07-01,never in CRM,,,,,https://www.prairiecantina.example,"1,903 reviews · mid-cap operator · Cadence per website on 2026-07-01 · never contacted"
5555220953,124,63,Tidewater House,(555) 522-0953,Greenhithe,5546 W Cortez Blvd,Peruvian,$$$$,mid-cap,4.27,1887,Northstar,crm field,2026-02-05,open deal,179.0,1.0,,,https://www.tidewaterhouse.example,"1,887 reviews · mid-cap operator · Northstar per crm field on 2026-02-05 · deal idle 179 days"
5552010991,125,63,Bramble Cantina Verano Bay,(555) 201-0991,Quarry End,5001 E Ashfield Street,Italian,$$,SME,4.27,1653,Vellum,ai call,2026-07-30,open deal,85.0,1.0,,,https://www.bramblecantina.example,"1,653 reviews · Vellum per ai call on 2026-07-30 · deal idle 85 days"
5556134307,126,63,Orchard Supper Club Verano Bay,(555) 613-4307,Greenhithe,"2487 N Mallow Ave, Verano Bay",Mexican,$$$,SME,3.3,705,Bluecrest,human call,2026-07-13,never in CRM,,,,,https://www.orchardsupperclub.example,705 reviews · Bluecrest per human call on 2026-07-13 · never contacted
5554942134,127,63,Rambler Tavern,(555) 494-2134,Cedar Cross,3685 W Cortez St,Barbecue,$$$,SME,3.55,509,Northstar,human call,2026-06-30,never in CRM,,,,,https://www.ramblertavern.example,509 reviews · Northstar per human call on 2026-06-30 · never contacted
5557279760,128,63,Juniper Brasserie,(555) 727-9760,Calder Park,4452 E Serra St,Contemporary,$,SME,4.8,76,Northstar,ai call,2026-06-22,never in CRM,,,Luis Lopez,Co-Owner,https://www.juniperbrasserie.example,76 reviews · Northstar per ai call on 2026-06-22 · never contacted · Luis Lopez (Co-Owner) on file · rated 4.8
5558140796,129,62,Saffron Supper Club,(555) 814-0796,Marisol,3517 N Quinton Rd,Japanese,$$$$,SME,4.0,1223,Cadence,human call,2026-07-11,open deal,47.0,2.0,,,https://www.saffronsupperclub.example,"1,223 reviews · Cadence per human call on 2026-07-11 · deal idle 47 days"
5552016940,130,62,Larkspur Bistro,(555) 201-6940,Alder Heights,333 S Vance Ave,Mediterranean,$$,mid-cap,4.1,1037,Cadence,crm notes,2026-03-08,open deal,148.0,1.0,Angela Kim,,https://www.larkspurbistro.example,"1,037 reviews · mid-cap operator · Cadence per crm notes on 2026-03-08 · deal idle 148 days · Angela Kim (None) on file"
5558521796,131,62,Sparrow Taqueria - Bramble Row,(555) 852-1796,Stillwater,7781 E Bayard St,French,$$$,mid-cap,3.85,472,Meridian Cloud,human call,2026-06-25,open deal,39.0,1.0,Hassan Lopez,Owner,https://www.sparrowtaqueria.example,472 reviews · mid-cap operator · Meridian Cloud per human call on 2026-06-25 · deal idle 39 days · Hassan Lopez (Owner) on file
5555027701,132,61,SIXPENCE BRASSERIE,(555) 502-7701,Quarry End,6578 W Wexley St,Italian,$$,SME,4.35,890,Vellum,ai call,2026-06-17,open deal,98.0,1.0,Peter Lopez,Managing Partner,https://www.sixpencebrasserie.example,890 reviews · Vellum per ai call on 2026-06-17 · deal idle 98 days · Peter Lopez (Managing Partner) on file
5555339203,133,61,Ironwood Alehouse,(555) 533-9203,Ferrymead,116 S Bayard St,Contemporary,$$$,SME,4.3,886,Vellum,ai call,2026-08-02,open deal,122.0,1.0,Angela Patel,GM,,886 reviews · Vellum per ai call on 2026-08-02 · deal idle 122 days · Angela Patel (GM) on file
5559018245,134,61,Bluebird Wine Bar,(555) 901-8245,Quarry End,4880 W Rivermead Ave,Steakhouse,$$,SME,4.0,835,Vellum,ai call,2026-06-17,never in CRM,,,,,https://www.bluebirdwinebar.example,835 reviews · Vellum per ai call on 2026-06-17 · never contacted
5551985829,135,61,Rambler Osteria,(555) 198-5829,Rivera District,3370 S Cortez Rd,Japanese,$,SME,4.03,757,Cadence,ai call,2026-07-08,never in CRM,,,,,https://www.ramblerosteria.example,757 reviews · Cadence per ai call on 2026-07-08 · never contacted
5552130445,136,61,Hearth Tavern,(555) 213-0445,Corvo Heights,6880 E Halloway St,Mediterranean,$$,SME,4.0,714,Orbit,ai call,2026-07-02,never in CRM,,,,,https://www.hearthtavern.example,714 reviews · Orbit per ai call on 2026-07-02 · never contacted
5553967061,137,61,The Harrow Trattoria,(555) 396-7061,Miradero,3605 N Fennimore Street,Spanish,$$,SME,4.0,611,Cadence,ai call,2026-07-23,never in CRM,,,,,,611 reviews · Cadence per ai call on 2026-07-23 · never contacted
5554901277,138,61,Alder House,(555) 490-1277,Templeton,573 E Vance St,French,$$$$,SME,4.1,186,Northstar,ai call,2026-06-21,never in CRM,,,Robert Patel,Co-Owner,https://www.alderhouse.example,186 reviews · Northstar per ai call on 2026-06-21 · never contacted · Robert Patel (Co-Owner) on file
5553892910,139,61,Prairie Bistro,(555) 389-2910,Miradero,4391 S Wexley Blvd,Korean,$$,SME,4.4,72,Vellum,ai call,2026-06-18,never in CRM,,,David Schmidt,Owner,,72 reviews · Vellum per ai call on 2026-06-18 · never contacted · David Schmidt (Owner) on file
5555511306,140,60,Nine Bridges Alehouse,(555) 551-1306,Lantern Hill,2323 N Prospect Ave,Italian,$$$,SME,5.0,1941,Tessera,website,2026-07-27,never in CRM,,,,,https://www.ninebridgesalehouse.example,"1,941 reviews · Tessera per website on 2026-07-27 · never contacted · rated 5.0"
5559992783,141,60,Prairie Steakhouse,(555) 999-2783,Fox Hollow,2552 S Fennimore St,Vietnamese,$$$,mid-cap,3.5,1874,Cadence,website,2026-07-20,never in CRM,,,,,https://www.prairiesteakhouse.example,"1,874 reviews · mid-cap operator · Cadence per website on 2026-07-20 · never contacted"
5556517576,142,60,Oxbow Supper Club,(555) 651-7576,Stillwater,6654 N Cortez Blvd,Thai,$$$,SME,4.7,1796,Cadence,crm field,2026-06-18,open deal,46.0,1.0,,,https://www.oxbowsupperclub.example,"1,796 reviews · Cadence per crm field on 2026-06-18 · deal idle 46 days · rated 4.7"
5556637630,143,60,Plumb Oyster Bar,(555) 663-7630,Harbor Point,3057 N Wexley Ave,Japanese,$$,large,3.9,1695,Cadence,ai call,2026-06-11,open deal,22.0,1.0,,,https://www.plumboysterbar.example,"1,695 reviews · large operator · Cadence per ai call on 2026-06-11 · a rep is working it now"
5554073586,144,60,Pike Table,(555) 407-3586,Harbor Point,7326 S Bayard Rd,Thai,$,SME,4.8,1577,Quillpay,website,2026-07-25,never in CRM,,,,,https://www.piketable.example,"1,577 reviews · Quillpay per website on 2026-07-25 · never contacted · rated 4.8"
5553200321,145,60,The Alder Oyster Bar,(555) 320-0321,Kingsway,1116 West Vance Ave,Vietnamese,$$$,SME,4.77,1570,Northstar,website,2026-07-27,never in CRM,,,,,https://www.alderoysterbar.example,"1,570 reviews · Northstar per website on 2026-07-27 · never contacted · rated 4.77"
5559596159,146,60,Heron Supper Club,(555) 959-6159,Kingsway,2736 N Vance Ave,Vietnamese,$$$,SME,4.57,1548,Cadence,website,2026-07-25,never in CRM,,,,,https://www.heronsupperclub.example,"1,548 reviews · Cadence per website on 2026-07-25 · never contacted · rated 4.57"
5558484215,147,60,Copper Kitchen,(555) 848-4215,Bayview Flats,376 E Quinton Blvd,Vietnamese,$$,SME,4.4,426,Cadence,human call,2026-07-30,open deal,103.0,2.0,Christina Lopez,Managing Partner,https://www.copperkitchen.example,426 reviews · Cadence per human call on 2026-07-30 · deal idle 103 days · Christina Lopez (Managing Partner) on file
5553799112,148,60,Lantern Steakhouse,(555) 379-9112,Templeton,3492 N Lindmere Blvd,Peruvian,$,SME,4.0,248,Northstar,human call,2026-07-28,open deal,32.0,1.0,Angela Torres,Owner,https://www.lanternsteakhouse.example,248 reviews · Northstar per human call on 2026-07-28 · deal idle 32 days · Angela Torres (Owner) on file
5554597720,149,59,Hearth Table,(555) 459-7720,Alder Heights,5270 N Tarrow St,Seafood,$,SME,3.95,1378,Northstar,website,2026-07-16,never in CRM,,,Paul Haddad,,https://www.hearthtable.example,"1,378 reviews · Northstar per website on 2026-07-16 · never contacted · Paul Haddad (None) on file"
5552204942,150,59,Gallow Kitchen,(555) 220-4942,Kingsway,4052 N Calder Blvd,Contemporary,$$$,mid-cap,3.9,1333,Meridian Cloud,ai call,2026-07-10,open deal,123.0,1.0,,,https://www.gallowkitchen.example,"1,333 reviews · mid-cap operator · Meridian Cloud per ai call on 2026-07-10 · deal idle 123 days"
5559252887,151,59,Sparrow Table,(555) 925-2887,Bayview Flats,1529 N Ashfield Ave,Mexican,$$,mid-cap,3.7,1286,Northstar,ai call,2026-07-18,open deal,63.0,1.0,,,https://www.sparrowtable.example,"1,286 reviews · mid-cap operator · Northstar per ai call on 2026-07-18 · deal idle 63 days"
5555984160,152,59,Nine Bridges Supper Club,(555) 598-4160,Palisade Park,3557 N Prospect Ave,Japanese,$$$,SME,3.4,1080,Cadence,human call,2026-07-17,open deal,20.0,1.0,Kevin Hernandez,General Manager,https://www.ninebridgessupperclub.example,"1,080 reviews · Cadence per human call on 2026-07-17 · a rep is working it now · Kevin Hernandez (General Manager) on file"
5558504061,153,58,Kettle Oyster Bar,(555) 850-4061,Marisol,2995 S Cortez Ave,Barbecue,$$,SME,4.4,2061,Tessera,website,2026-07-02,never in CRM,,,,,https://www.kettleoysterbar.example,"2,061 reviews · Tessera per website on 2026-07-02 · never contacted"
5552366874,154,58,Fallowfield Supper Club,(555) 236-6874,Old Mill,6643 W Mallow Rd,Ethiopian,$$$,SME,4.15,2054,Northstar,website,2026-07-22,never in CRM,,,,,https://www.fallowfieldsupperclub.example,"2,054 reviews · Northstar per website on 2026-07-22 · never contacted"
5559987918,155,58,Roan Cantina,(555) 998-7918,Sunfield,2095 N Cortez Blvd,Korean,$$$,SME,4.25,1802,Bluecrest,crm field,2026-03-18,open deal,138.0,1.0,,,https://www.roancantina.example,"1,802 reviews · Bluecrest per crm field on 2026-03-18 · deal idle 138 days"
5551724615,156,58,The Oxbow Wine Bar,(555) 172-4615,Alder Heights,5992 East Ashfield St,French,$,SME,4.03,1782,Northstar,website,2026-07-17,never in CRM,,,,,https://www.oxbowwinebar.example,"1,782 reviews · Northstar per website on 2026-07-17 · never contacted"
5558638085,157,58,Marrow Kitchen,(555) 863-8085,Templeton,4640 W Quinton St,Korean,$$$,SME,4.0,1715,Cadence,website,2026-07-07,never in CRM,,,,,https://www.marrowkitchen.example,"1,715 reviews · Cadence per website on 2026-07-07 · never contacted"
5551950408,158,58,Tallgrass Smokehouse - Rivera District,(555) 195-0408,Lantern Hill,4011 N Prospect Road,Mexican,$$,SME,4.2,1662,Quillpay,website,2026-07-02,never in CRM,,,,,https://www.tallgrasssmokehouse.example,"1,662 reviews · Quillpay per website on 2026-07-02 · never contacted"
5556342622,159,58,Yarrow Oyster Bar - Sablewood,(555) 634-2622,Bayview Flats,3790 West Bayard Road,Peruvian,$$$,SME,4.28,1624,Cadence,website,2026-07-28,never in CRM,,,,,https://www.yarrowoysterbar.example,"1,624 reviews · Cadence per website on 2026-07-28 · never contacted"
5557564544,160,58,Nightjar Oyster Bar,(555) 756-4544,Kingsway,3502 S Mallow Blvd,Polish,$$$,SME,4.15,1506,Quillpay,website,2026-06-30,never in CRM,,,,,https://www.nightjaroysterbar.example,"1,506 reviews · Quillpay per website on 2026-06-30 · never contacted"
5553630393,161,58,Jackdaw Brasserie - Quarry End,(555) 363-0393,Ashgrove,"6751 E Vance Ave, Verano Bay",Japanese,$$$$,SME,3.8,899,Cadence,ai call,2026-07-03,never in CRM,,,,,,899 reviews · Cadence per ai call on 2026-07-03 · never contacted
5556916422,162,58,Tidewater Oyster Bar,(555) 691-6422,Stillwater,5885 S Fennimore Ave,Mediterranean,$,mid-cap,4.65,864,Vellum,crm field,2026-08-03,written off,0.0,1.0,,,https://www.tidewateroysterbar.example,864 reviews · mid-cap operator · Vellum per crm field on 2026-08-03 · written off under the old POS rules · rated 4.65
5556580408,163,58,Heron Brasserie,(555) 658-0408,Kingsway,3439 N Lindmere Rd,Greek,$,mid-cap,4.7,781,Cadence,ai call,2026-06-18,open deal,73.0,1.0,,,https://www.heronbrasserie.example,781 reviews · mid-cap operator · Cadence per ai call on 2026-06-18 · deal idle 73 days · rated 4.7
5556116531,164,58,Sixpence Alehouse,(555) 611-6531,Harbor Point,5285 N Prospect Rd,Mediterranean,$,SME,3.35,772,Northstar,ai call,2026-06-28,never in CRM,,,,,https://www.sixpencealehouse.example,772 reviews · Northstar per ai call on 2026-06-28 · never contacted
5554801308,165,58,Quill Cantina,(555) 480-1308,Miradero,5998 N Calder Blvd,Spanish,$$$,SME,4.6,574,Cadence,human call,2026-07-26,open deal,26.0,1.0,Luis Williams,Owner,https://www.quillcantina.example,574 reviews · Cadence per human call on 2026-07-26 · a rep is working it now · Luis Williams (Owner) on file · rated 4.6
5552643164,166,58,Quarry Smokehouse,(555) 264-3164,Rivera District,5581 N Mallow Blvd,Steakhouse,$$$$,large,3.65,503,Meridian Cloud,ai call,2026-07-07,open deal,79.0,2.0,,,https://www.quarrysmokehouse.example,503 reviews · large operator · Meridian Cloud per ai call on 2026-07-07 · deal idle 79 days
5553566368,167,58,Marigold Supper Club,(555) 356-6368,Windrow,3174 E Quinton St,Korean,$,SME,4.55,116,Cadence,human call,2026-07-10,never in CRM,,,,,https://www.marigoldsupperclub.example,116 reviews · Cadence per human call on 2026-07-10 · never contacted · rated 4.55
5551156880,168,58,GALLOW DINING ROOM,(555) 115-6880,Old Mill,"794 N Wexley Rd, Verano Bay",Polish,$,SME,4.7,112,Cadence,human call,2026-06-18,never in CRM,,,,,https://www.gallowdiningroom.example,112 reviews · Cadence per human call on 2026-06-18 · never contacted · rated 4.7
5555394313,169,58,Pike Wine Bar,(555) 539-4313,Marisol,3235 E Tarrow Blvd,Korean,$$$$,SME,3.3,93,Northstar,ai call,2026-07-29,never in CRM,,,Sofia Nguyen,General Manager,,93 reviews · Northstar per ai call on 2026-07-29 · never contacted · Sofia Nguyen (General Manager) on file
5551839548,170,58,Nettle Oyster Bar,(555) 183-9548,Kingsway,6323 N Calder Blvd,Vietnamese,$$,SME,4.7,86,Vellum,human call,2026-07-19,never in CRM,,,,,https://www.nettleoysterbar.example,86 reviews · Vellum per human call on 2026-07-19 · never contacted · rated 4.7
5555723282,171,57,Wildwood Grill,(555) 572-3282,Old Mill,7306 E Quinton Blvd,Contemporary,$,SME,4.4,1440,Cadence,crm field,2026-06-03,written off,61.0,1.0,,,https://www.wildwoodgrill.example,"1,440 reviews · Cadence per crm field on 2026-06-03 · written off under the old POS rules"
5551264801,172,57,Warbler Kitchen,(555) 126-4801,Miradero,464 N Rivermead St,Ethiopian,$$,large,4.2,1285,Cadence,crm notes,2026-02-01,open deal,183.0,1.0,,,https://www.warblerkitchen.example,"1,285 reviews · large operator · Cadence per crm notes on 2026-02-01 · deal idle 183 days"
5555003511,173,57,Dovetail Tavern,(555) 500-3511,Windrow,1185 N Quinton Blvd,Mexican,$$$,SME,4.3,1137,Vellum,ai call,2026-07-14,open deal,53.0,1.0,,,,"1,137 reviews · Vellum per ai call on 2026-07-14 · deal idle 53 days"
5556795590,174,57,Gallow Tavern,(555) 679-5590,Quarry End,533 N Fennimore Blvd,Seafood,$$$,SME,4.0,1042,Vellum,ai call,2026-06-17,open deal,132.0,1.0,,,,"1,042 reviews · Vellum per ai call on 2026-06-17 · deal idle 132 days"
5554191309,175,57,OXBOW TAQUERIA,(555) 419-1309,Lantern Hill,560 W Prospect Blvd,Vietnamese,$$,SME,3.5,426,Vellum,human call,2026-07-07,never in CRM,,,,,https://www.oxbowtaqueria.example,426 reviews · Vellum per human call on 2026-07-07 · never contacted
5559365786,176,57,Stonecutter Oyster Bar - Greenhithe,(555) 936-5786,Quarry End,7695 West Wexley Boulevard,Vietnamese,$$$,SME,3.87,383,Vellum,human call,2026-06-19,never in CRM,,,,,https://www.stonecutteroysterbar.example,383 reviews · Vellum per human call on 2026-06-19 · never contacted
5552833537,177,57,Understory Room,(555) 283-3537,Greenhithe,6370 E Fennimore Ave,Vietnamese,$$$,SME,3.65,351,Cadence,human call,2026-07-16,open deal,166.0,1.0,Elena Johnson,Owner,https://www.understoryroom.example,351 reviews · Cadence per human call on 2026-07-16 · deal idle 166 days · Elena Johnson (Owner) on file
5557899280,178,57,Amber Table,(555) 789-9280,Old Mill,2464 W Rivermead Blvd,Vietnamese,$$,SME,4.7,248,Cadence,ai call,2026-07-29,never in CRM,,,,,https://www.ambertable.example,248 reviews · Cadence per ai call on 2026-07-29 · never contacted · rated 4.7
5554159584,179,56,Palisade Alehouse Verano Bay,(555) 415-9584,Kingsway,215 S Lindmere Street,Thai,$$$$,large,4.35,887,Meridian Cloud,crm field,2026-04-07,open deal,118.0,1.0,,,https://www.palisadealehouse.example,887 reviews · large operator · Meridian Cloud per crm field on 2026-04-07 · deal idle 118 days
5558719127,180,56,Larkspur Room - Calder Park,(555) 871-9127,Bayview Flats,6412 W Ashfield Boulevard,Vietnamese,$$$$,mid-cap,4.25,858,Vellum,ai call,2026-07-27,open deal,53.0,1.0,,,https://www.larkspurroom.example,858 reviews · mid-cap operator · Vellum per ai call on 2026-07-27 · deal idle 53 days
5552807711,181,56,Northbank Tavern,(555) 280-7711,Stillwater,1812 S Serra Rd,Japanese,$$,mid-cap,4.25,779,Cadence,crm notes,2026-05-08,open deal,87.0,1.0,Ahmed Singh,,https://www.northbanktavern.example,779 reviews · mid-cap operator · Cadence per crm notes on 2026-05-08 · deal idle 87 days · Ahmed Singh (None) on file
5556433319,182,56,Verde Room,(555) 643-3319,Windrow,7235 W Vance Rd,Greek,$$$,SME,4.3,732,Meridian Cloud,human call,2026-07-30,open deal,82.0,1.0,,,https://www.verderoom.example,732 reviews · Meridian Cloud per human call on 2026-07-30 · deal idle 82 days
5552990860,183,56,Lantern Dining Room,(555) 299-0860,Palisade Park,3894 W Halloway Boulevard,Seafood,$,large,4.1,652,Cadence,crm field,2026-03-20,open deal,136.0,1.0,,,https://www.lanterndiningroom.example,652 reviews · large operator · Cadence per crm field on 2026-03-20 · deal idle 136 days
5558569032,184,56,Tallgrass Dining Room,(555) 856-9032,Ashgrove,1204 W Ashfield St,Contemporary,$,SME,4.13,193,Vellum,ai call,2026-06-23,written off,121.0,1.0,David Chen,GM,https://www.tallgrassdiningroom.example,193 reviews · Vellum per ai call on 2026-06-23 · written off under the old POS rules · David Chen (GM) on file
5555332046,185,56,Mercado Wine Bar,(555) 533-2046,Kingsway,5660 N Ashfield Blvd,Italian,$$,SME,4.0,162,Tessera,human call,2026-06-13,open deal,124.0,1.0,Elena Williams,Owner,,162 reviews · Tessera per human call on 2026-06-13 · deal idle 124 days · Elena Williams (Owner) on file
5553360578,186,56,Ember Tavern,(555) 336-0578,Marisol,1213 E Tarrow Rd,Seafood,$,SME,4.0,83,Vellum,human call,2026-07-30,open deal,161.0,1.0,Grace Johnson,Owner,https://www.embertavern.example,83 reviews · Vellum per human call on 2026-07-30 · deal idle 161 days · Grace Johnson (Owner) on file
5554543132,187,55,Salt & Vine Trattoria,(555) 454-3132,Lantern Hill,2955 S Mallow Blvd,Contemporary,$,SME,3.7,2236,Northstar,human call,2026-07-23,open deal,20.0,1.0,,,https://www.saltvinetrattoria.example,"2,236 reviews · Northstar per human call on 2026-07-23 · a rep is working it now"
5558606282,188,55,VERDE TRATTORIA,(555) 860-6282,Templeton,6833 East Wexley Boulevard,Indian,$,SME,3.6,2101,Bluecrest,website,2026-07-21,never in CRM,,,,,https://www.verdetrattoria.example,"2,101 reviews · Bluecrest per website on 2026-07-21 · never contacted"
5556993016,189,55,Mercado Smokehouse Verano Bay,(555) 699-3016,Sablewood,7421 East Tarrow Street,Japanese,$,SME,3.6,2099,Vellum,website,2026-07-24,never in CRM,,,,,https://www.mercadosmokehouse.example,"2,099 reviews · Vellum per website on 2026-07-24 · never contacted"
5553370878,190,55,Lantern Kitchen,(555) 337-0878,Cedar Cross,1241 E Halloway Blvd,Thai,$$,SME,3.5,2059,Cadence,crm field,2026-04-30,open deal,95.0,1.0,,,,"2,059 reviews · Cadence per crm field on 2026-04-30 · deal idle 95 days"
5556089215,191,55,Nettle Taqueria,(555) 608-9215,Kingsway,4273 West Wexley Road,Mexican,$$,SME,3.97,2054,Vellum,website,2026-07-15,never in CRM,,,,,https://www.nettletaqueria.example,"2,054 reviews · Vellum per website on 2026-07-15 · never contacted"
5551144960,192,55,Rosewater Alehouse,(555) 114-4960,Ashgrove,7608 W Serra St,Korean,$$,mid-cap,3.8,2034,Northstar,crm notes,2026-06-07,open deal,57.0,1.0,,,https://www.rosewateralehouse.example,"2,034 reviews · mid-cap operator · Northstar per crm notes on 2026-06-07 · deal idle 57 days"
5557995761,193,55,Verde Bistro,(555) 799-5761,Bramble Row,828 South Serra Boulevard,Vietnamese,$$$$,SME,3.52,1981,Cadence,website,2026-07-22,never in CRM,,,,,https://www.verdebistro.example,"1,981 reviews · Cadence per website on 2026-07-22 · never contacted"
5558035534,194,55,THICKET SUPPER CLUB,(555) 803-5534,Sunfield,"1792 W Prospect St, Verano Bay",French,$$$$,SME,3.63,1924,Cadence,website,2026-07-26,never in CRM,,,,,https://www.thicketsupperclub.example,"1,924 reviews · Cadence per website on 2026-07-26 · never contacted"
5555068666,195,55,Tin Roof Oyster Bar,(555) 506-8666,Cedar Cross,7772 N Tarrow Blvd,Mediterranean,$$,SME,3.83,1909,Vellum,website,2026-07-09,never in CRM,,,,,https://www.tinroofoysterbar.example,"1,909 reviews · Vellum per website on 2026-07-09 · never contacted"
5552036871,196,55,Warbler Trattoria,(555) 203-6871,Miradero,3631 South Halloway Avenue,Contemporary,$$$,large,3.9,1846,Cadence,website,2026-07-13,open deal,115.0,1.0,,,https://www.warblertrattoria.example,"1,846 reviews · large operator · Cadence per website on 2026-07-13 · deal idle 115 days"
5558935560,197,55,Yarrow Cantina,(555) 893-5560,Sablewood,6891 W Bayard Blvd,Korean,$$$,SME,3.8,1736,Orbit,website,2026-07-25,never in CRM,,,,,https://www.yarrowcantina.example,"1,736 reviews · Orbit per website on 2026-07-25 · never contacted"
5551479823,198,55,Bellwether Bistro,(555) 147-9823,Old Mill,2066 W Halloway St,Steakhouse,$,SME,3.7,1734,Cadence,website,2026-07-04,never in CRM,,,,,https://www.bellwetherbistro.example,"1,734 reviews · Cadence per website on 2026-07-04 · never contacted"
5558756929,199,55,Kettle Bistro,(555) 875-6929,Rivera District,507 E Calder Blvd,Indian,$$$$,SME,3.4,1705,Orbit,website,2026-07-26,never in CRM,,,,,https://www.kettlebistro.example,"1,705 reviews · Orbit per website on 2026-07-26 · never contacted"
5556444032,200,55,The Heron House,(555) 644-4032,Cedar Cross,"1781 N Fennimore Rd, Verano Bay",Greek,$$$,SME,3.88,1660,Tessera,website,2026-07-14,never in CRM,,,,,https://www.heronhouse.example,"1,660 reviews · Tessera per website on 2026-07-14 · never contacted"
5553969753,201,55,Thicket Grill,(555) 396-9753,Miradero,5352 N Bayard Rd,Contemporary,$$$$,SME,3.95,1633,Vellum,website,2026-07-25,never in CRM,,,,,https://www.thicketgrill.example,"1,633 reviews · Vellum per website on 2026-07-25 · never contacted"
5556647873,202,55,Violet Kitchen,(555) 664-7873,Sablewood,5116 N Prospect Rd,Steakhouse,$$,SME,3.67,1611,Bluecrest,website,2026-07-15,never in CRM,,,,,https://www.violetkitchen.example,"1,611 reviews · Bluecrest per website on 2026-07-15 · never contacted"
5552565734,203,55,Stonecutter Supper Club,(555) 256-5734,Quarry End,4181 S Wexley St,Seafood,$$,SME,3.8,1605,Orbit,website,2026-07-14,never in CRM,,,,,https://www.stonecuttersupperclub.example,"1,605 reviews · Orbit per website on 2026-07-14 · never contacted"
5559895944,204,55,Larkspur Alehouse,(555) 989-5944,Miradero,2436 N Quinton Rd,Greek,$$$$,SME,3.5,1570,Cadence,website,2026-07-14,never in CRM,,,,,https://www.larkspuralehouse.example,"1,570 reviews · Cadence per website on 2026-07-14 · never contacted"
5551140353,205,55,Tallgrass Table - Corvo Heights,(555) 114-0353,Stillwater,1887 North Ashfield Boulevard,French,$$,SME,3.68,1555,Northstar,website,2026-07-18,never in CRM,,,,,https://www.tallgrasstable.example,"1,555 reviews · Northstar per website on 2026-07-18 · never contacted"
5558692322,206,55,Juniper Dining Room,(555) 869-2322,Ferrymead,2823 W Lindmere St,Mediterranean,$$,SME,3.7,1546,Orbit,crm field,2026-02-25,open deal,159.0,1.0,,,https://www.juniperdiningroom.example,"1,546 reviews · Orbit per crm field on 2026-02-25 · deal idle 159 days"
5554092987,207,55,Rookery Supper Club,(555) 409-2987,Ferrymead,3453 North Rivermead Boulevard,Barbecue,$,SME,3.65,1522,Vellum,website,2026-07-09,never in CRM,,,,,https://www.rookerysupperclub.example,"1,522 reviews · Vellum per website on 2026-07-09 · never contacted"
5555378596,208,55,Motherland Chophouse,(555) 537-8596,Windrow,923 S Mallow Blvd,Vietnamese,$$$,SME,4.1,426,Cadence,ai call,2026-07-19,never in CRM,,,,,https://www.motherlandchophouse.example,426 reviews · Cadence per ai call on 2026-07-19 · never contacted
5559047831,209,55,The Pike Alehouse,(555) 904-7831,Ashgrove,1029 S Rivermead St,French,$$$,SME,4.0,264,Cadence,ai call,2026-07-30,never in CRM,,,,,https://www.pikealehouse.example,264 reviews · Cadence per ai call on 2026-07-30 · never contacted
5559033943,210,55,Sparrow Oyster Bar,(555) 903-3943,Miradero,3204 S Fennimore Rd,Mexican,$,SME,4.1,213,Cadence,ai call,2026-07-26,never in CRM,,,,,https://www.sparrowoysterbar.example,213 reviews · Cadence per ai call on 2026-07-26 · never contacted
5552254022,211,54,Inkwell Tavern,(555) 225-4022,Bramble Row,5302 W Quinton Ave,Peruvian,$$$$,SME,4.6,1302,Quillpay,crm field,2026-06-18,open deal,46.0,1.0,,,https://www.inkwelltavern.example,"1,302 reviews · Quillpay per crm field on 2026-06-18 · deal idle 46 days · rated 4.6"
5557261196,212,54,Salt & Vine Brasserie,(555) 726-1196,Alder Heights,5256 E Halloway Ave,Japanese,$$$$,SME,4.57,1267,Orbit,crm field,2026-06-07,open deal,57.0,2.0,,,,"1,267 reviews · Orbit per crm field on 2026-06-07 · deal idle 57 days · rated 4.57"
5554019484,213,54,Prairie Chophouse,(555) 401-9484,Calder Park,1006 E Serra St,Greek,$$$,mid-cap,3.65,1193,Cadence,crm field,2026-04-09,open deal,116.0,1.0,,,https://www.prairiechophouse.example,"1,193 reviews · mid-cap operator · Cadence per crm field on 2026-04-09 · deal idle 116 days"
5553243480,214,54,Northbank Room,(555) 324-3480,Bramble Row,3262 S Halloway Rd,Greek,$$$,SME,4.67,1164,Cadence,website,2026-07-16,never in CRM,,,,,https://www.northbankroom.example,"1,164 reviews · Cadence per website on 2026-07-16 · never contacted · rated 4.67"
5552967017,215,53,Jackdaw Table,(555) 296-7017,Old Mill,1373 E Mallow Ave,Seafood,$$$$,SME,4.1,1962,Cadence,crm notes,2026-04-15,open deal,110.0,1.0,,,,"1,962 reviews · Cadence per crm notes on 2026-04-15 · deal idle 110 days"
5553638422,216,53,Violet Table,(555) 363-8422,Ferrymead,2996 S Halloway Ave,Barbecue,$$$$,SME,3.5,998,Northstar,human call,2026-06-13,open deal,0.0,1.0,Carlos Reyes,Co-Owner,https://www.violettable.example,998 reviews · Northstar per human call on 2026-06-13 · a rep is working it now · Carlos Reyes (Co-Owner) on file
5555260136,217,53,Oxbow Chophouse,(555) 526-0136,Bayview Flats,5469 S Serra Rd,Spanish,$$$,large,3.6,853,Vellum,crm field,2026-02-23,open deal,161.0,1.0,,,https://www.oxbowchophouse.example,853 reviews · large operator · Vellum per crm field on 2026-02-23 · deal idle 161 days
5553552431,218,53,Tidewater Smokehouse - Old Mill,(555) 355-2431,Windrow,2268 S Halloway Street,Contemporary,$,large,4.75,832,Meridian Cloud,crm notes,2026-03-02,open deal,154.0,1.0,,,https://www.tidewatersmokehouse.example,832 reviews · large operator · Meridian Cloud per crm notes on 2026-03-02 · deal idle 154 days · rated 4.75
5555451514,219,53,Cinder Kitchen,(555) 545-1514,Marisol,344 E Prospect St,Japanese,$$$,SME,3.55,692,Cadence,website,2026-07-03,never in CRM,,,Susan Petrou,,https://www.cinderkitchen.example,692 reviews · Cadence per website on 2026-07-03 · never contacted · Susan Petrou (None) on file
5552029052,220,53,Saffron Chophouse,(555) 202-9052,Old Mill,2761 S Quinton Rd,Seafood,$$$,large,4.5,689,Cadence,crm notes,2026-02-10,open deal,174.0,1.0,,,https://www.saffronchophouse.example,689 reviews · large operator · Cadence per crm notes on 2026-02-10 · deal idle 174 days · rated 4.5
5559424375,221,53,Northbank Trattoria,(555) 942-4375,Fox Hollow,6583 N Cortez Rd,Contemporary,$$$,large,3.9,573,Cadence,crm field,2026-06-20,open deal,44.0,1.0,,,https://www.northbanktrattoria.example,573 reviews · large operator · Cadence per crm field on 2026-06-20 · deal idle 44 days
5555183257,222,53,Verde Chophouse,(555) 518-3257,Windrow,7062 N Halloway Ave,Contemporary,$,SME,4.6,72,Meridian Cloud,ai call,2026-07-12,never in CRM,,,,,https://www.verdechophouse.example,72 reviews · Meridian Cloud per ai call on 2026-07-12 · never contacted · rated 4.6
5552218191,223,52,Olive & Ash Kitchen,(555) 221-8191,Old Mill,2495 S Rivermead Ave,Polish,$$,SME,4.1,1373,Cadence,crm field,2026-05-13,open deal,82.0,1.0,,,https://www.oliveashkitchen.example,"1,373 reviews · Cadence per crm field on 2026-05-13 · deal idle 82 days"
5557240139,224,52,Nine Bridges Smokehouse,(555) 724-0139,Corvo Heights,6662 N Rivermead Blvd,Mediterranean,$,SME,4.1,1357,Cadence,website,2026-07-19,never in CRM,,,,,https://www.ninebridgessmokehouse.example,"1,357 reviews · Cadence per website on 2026-07-19 · never contacted"
5552251854,225,52,Zephyr Trattoria,(555) 225-1854,Rivera District,7891 S Wexley St,French,$$$,SME,4.2,1337,Cadence,website,2026-07-26,never in CRM,,,,,https://www.zephyrtrattoria.example,"1,337 reviews · Cadence per website on 2026-07-26 · never contacted"
5554979760,226,52,Prairie Table Verano Bay,(555) 497-9760,Marisol,"6629 W Prospect St, Verano Bay",Contemporary,$$,mid-cap,4.4,1304,Cadence,crm notes,2026-03-07,open deal,149.0,1.0,,,https://www.prairietable.example,"1,304 reviews · mid-cap operator · Cadence per crm notes on 2026-03-07 · deal idle 149 days"
5558142701,227,52,Salt & Vine Tavern,(555) 814-2701,Windrow,4211 E Prospect Rd,Barbecue,$,SME,4.45,1282,Vellum,website,2026-07-17,never in CRM,,,,,https://www.saltvinetavern.example,"1,282 reviews · Vellum per website on 2026-07-17 · never contacted"
5557587722,228,52,Little Bear Tavern,(555) 758-7722,Windrow,5690 W Wexley Blvd,Seafood,$$,mid-cap,4.4,1269,Cadence,crm notes,2026-04-20,open deal,105.0,1.0,,,https://www.littlebeartavern.example,"1,269 reviews · mid-cap operator · Cadence per crm notes on 2026-04-20 · deal idle 105 days"
5553828637,229,52,Saffron House,(555) 382-8637,Greenhithe,7440 W Calder Blvd,Thai,$$,mid-cap,4.3,1224,Cadence,website,2026-07-03,written off,88.0,1.0,,,https://www.saffronhouse.example,"1,224 reviews · mid-cap operator · Cadence per website on 2026-07-03 · written off under the old POS rules"
5554983977,230,52,Prairie Osteria,(555) 498-3977,Rivera District,6049 W Tarrow Blvd,Spanish,$$,mid-cap,4.2,1200,Cadence,crm notes,2026-03-18,open deal,138.0,1.0,,,https://www.prairieosteria.example,"1,200 reviews · mid-cap operator · Cadence per crm notes on 2026-03-18 · deal idle 138 days"
5557762023,231,52,Saffron Bistro - Kingsway,(555) 776-2023,Sunfield,770 South Tarrow Ave,French,$$$,SME,4.33,1179,Meridian Cloud,website,2026-07-25,never in CRM,,,,,https://www.saffronbistro.example,"1,179 reviews · Meridian Cloud per website on 2026-07-25 · never contacted"
5552941568,232,52,Tallgrass Bistro,(555) 294-1568,Sunfield,252 East Cortez Street,Seafood,$$$$,SME,4.35,1171,Meridian Cloud,website,2026-07-28,never in CRM,,,,,https://www.tallgrassbistro.example,"1,171 reviews · Meridian Cloud per website on 2026-07-28 · never contacted"
5555935191,233,52,Anchor House,(555) 593-5191,Sunfield,7555 E Lindmere Rd,Thai,$$$,SME,4.0,1164,Cadence,website,2026-07-13,never in CRM,,,,,https://www.anchorhouse.example,"1,164 reviews · Cadence per website on 2026-07-13 · never contacted"
5555876259,234,52,Pike Oyster Bar,(555) 587-6259,Fox Hollow,2311 S Cortez St,Steakhouse,$$,SME,4.2,1121,Cadence,website,2026-07-27,never in CRM,,,,,https://www.pikeoysterbar.example,"1,121 reviews · Cadence per website on 2026-07-27 · never contacted"
5551272020,235,52,Wren Tavern,(555) 127-2020,Marisol,4124 E Prospect Ave,Mexican,$$$,SME,4.2,1088,Vellum,website,2026-07-05,never in CRM,,,,,https://www.wrentavern.example,"1,088 reviews · Vellum per website on 2026-07-05 · never contacted"
5551201242,236,52,Silverfin Wine Bar,(555) 120-1242,Rivera District,3260 E Tarrow Ave,Contemporary,$$$,SME,4.33,1011,Vellum,website,2026-07-07,never in CRM,,,,,https://www.silverfinwinebar.example,"1,011 reviews · Vellum per website on 2026-07-07 · never contacted"
5553314451,237,52,KETTLE GRILL,(555) 331-4451,Alder Heights,5667 S Lindmere Blvd,Italian,$,SME,3.73,413,Meridian Cloud,ai call,2026-06-20,never in CRM,,,,,https://www.kettlegrill.example,413 reviews · Meridian Cloud per ai call on 2026-06-20 · never contacted
5556883396,238,52,Nine Bridges Chophouse,(555) 688-3396,Cedar Cross,7672 E Quinton Blvd,Vietnamese,$$,SME,3.7,382,Cadence,ai call,2026-06-13,never in CRM,,,,,https://www.ninebridgeschophouse.example,382 reviews · Cadence per ai call on 2026-06-13 · never contacted
5556570823,239,51,Silverfin Chophouse Restaurant,(555) 657-0823,Kingsway,4783 North Prospect Boulevard,Mexican,$$$$,mid-cap,4.37,888,Cadence,crm field,2026-04-14,open deal,111.0,1.0,,,https://www.silverfinchophouse.example,888 reviews · mid-cap operator · Cadence per crm field on 2026-04-14 · deal idle 111 days
5559255921,240,51,Oxbow Table,(555) 925-5921,Marisol,7024 W Rivermead Blvd,Seafood,$$$,SME,4.1,881,Vellum,ai call,2026-07-12,open deal,175.0,1.0,,,https://www.oxbowtable.example,881 reviews · Vellum per ai call on 2026-07-12 · deal idle 175 days
5551485078,241,51,Loam Bistro,(555) 148-5078,Windrow,7235 West Prospect Boulevard,Contemporary,$$,large,4.32,671,Cadence,crm notes,2026-04-07,open deal,118.0,1.0,,,https://www.loambistro.example,671 reviews · large operator · Cadence per crm notes on 2026-04-07 · deal idle 118 days
5559528676,242,50,Tin Roof Wine Bar,(555) 952-8676,Alder Heights,5532 E Serra Ave,Greek,$$$,SME,4.75,2004,Orbit,crm field,2026-08-03,open deal,0.0,1.0,,,https://www.tinroofwinebar.example,"2,004 reviews · Orbit per crm field on 2026-08-03 · a rep is working it now · rated 4.75"
5552876202,243,50,Sparrow Chophouse,(555) 287-6202,Sablewood,917 N Bayard Rd,Ethiopian,$$$,mid-cap,3.65,1884,Cadence,crm field,2026-07-24,open deal,10.0,1.0,,,https://www.sparrowchophouse.example,"1,884 reviews · mid-cap operator · Cadence per crm field on 2026-07-24 · a rep is working it now"
5558183588,244,50,Heron Tavern,(555) 818-3588,Harbor Point,1939 N Vance Ave,Polish,$$$$,mid-cap,3.7,1688,Cadence,website,2026-07-17,open deal,108.0,1.0,,,https://www.herontavern.example,"1,688 reviews · mid-cap operator · Cadence per website on 2026-07-17 · deal idle 108 days"
5553545186,245,50,The Anchor Chophouse,(555) 354-5186,Sablewood,6397 East Quinton Avenue,Korean,$$$$,SME,3.35,1627,Cadence,crm notes,2026-02-11,open deal,173.0,1.0,,,https://www.anchorchophouse.example,"1,627 reviews · Cadence per crm notes on 2026-02-11 · deal idle 173 days"
5557670784,246,50,Sorrel Cantina,(555) 767-0784,Windrow,715 N Cortez Blvd,Greek,$$$$,mid-cap,3.67,1532,Cadence,crm field,2026-07-17,open deal,17.0,1.0,,,https://www.sorrelcantina.example,"1,532 reviews · mid-cap operator · Cadence per crm field on 2026-07-17 · a rep is working it now"
5556490270,247,50,Cinder Room,(555) 649-0270,Old Mill,3291 S Rivermead Rd,Ethiopian,$$,mid-cap,4.13,402,Meridian Cloud,ai call,2026-06-15,open deal,35.0,2.0,,,https://www.cinderroom.example,402 reviews · mid-cap operator · Meridian Cloud per ai call on 2026-06-15 · deal idle 35 days
5552287614,248,49,Nightjar Smokehouse,(555) 228-7614,Greenhithe,3146 S Prospect Blvd,Japanese,$$$,SME,3.65,1462,Vellum,website,2026-07-02,never in CRM,,,,,https://www.nightjarsmokehouse.example,"1,462 reviews · Vellum per website on 2026-07-02 · never contacted"
5551500056,249,49,Thicket Room,(555) 150-0056,Lantern Hill,3297 S Fennimore Rd,Seafood,$$$,SME,3.9,1426,Northstar,website,2026-07-09,never in CRM,,,,,https://www.thicketroom.example,"1,426 reviews · Northstar per website on 2026-07-09 · never contacted"
5556448081,250,49,Salt & Vine Taqueria,(555) 644-8081,Lantern Hill,2729 E Prospect Blvd,Ethiopian,$,SME,3.4,1422,Orbit,crm field,2026-05-18,open deal,77.0,1.0,,,https://www.saltvinetaqueria.example,"1,422 reviews · Orbit per crm field on 2026-05-18 · deal idle 77 days"
5551287262,251,49,Dovetail Oyster Bar,(555) 128-7262,Calder Park,2211 W Fennimore Rd,French,$$,SME,3.87,1384,Cadence,website,2026-07-28,never in CRM,,,,,https://www.dovetailoysterbar.example,"1,384 reviews · Cadence per website on 2026-07-28 · never contacted"
5553885996,252,49,Sixpence Kitchen,(555) 388-5996,Sablewood,114 N Serra Blvd,Spanish,$,SME,3.75,1362,Vellum,website,2026-07-16,never in CRM,,,,,https://www.sixpencekitchen.example,"1,362 reviews · Vellum per website on 2026-07-16 · never contacted"
5556406608,253,49,Redbird Brasserie,(555) 640-6608,Palisade Park,6025 W Serra St,Spanish,$$,SME,3.8,1348,Meridian Cloud,website,2026-07-23,never in CRM,,,,,https://www.redbirdbrasserie.example,"1,348 reviews · Meridian Cloud per website on 2026-07-23 · never contacted"
5557747078,254,49,Ember Bistro,(555) 774-7078,Old Mill,880 N Mallow St,Barbecue,$$,SME,3.3,1344,Vellum,crm field,2026-04-13,open deal,112.0,1.0,,,https://www.emberbistro.example,"1,344 reviews · Vellum per crm field on 2026-04-13 · deal idle 112 days"
5556012321,255,49,Roan Steakhouse,(555) 601-2321,Fox Hollow,5952 West Lindmere Rd,Italian,$$,SME,4.72,1261,Vellum,crm notes,2026-03-17,open deal,139.0,1.0,,,https://www.roansteakhouse.example,"1,261 reviews · Vellum per crm notes on 2026-03-17 · deal idle 139 days · rated 4.72"
5553002960,256,49,Palisade Wine Bar,(555) 300-2960,Ferrymead,415 N Mallow Blvd,French,$$,SME,3.8,1246,Northstar,website,2026-07-11,never in CRM,,,,,https://www.palisadewinebar.example,"1,246 reviews · Northstar per website on 2026-07-11 · never contacted"
5552397098,257,49,Motherland Trattoria,(555) 239-7098,Sunfield,7452 S Vance Ave,Spanish,$,SME,4.5,1177,Cadence,crm notes,2026-04-14,open deal,111.0,1.0,,,https://www.motherlandtrattoria.example,"1,177 reviews · Cadence per crm notes on 2026-04-14 · deal idle 111 days · rated 4.5"
5555117298,258,49,Sixpence Bistro,(555) 511-7298,Palisade Park,5009 W Mallow Ave,Polish,$$,SME,3.7,1126,Meridian Cloud,website,2026-07-07,never in CRM,,,,,https://www.sixpencebistro.example,"1,126 reviews · Meridian Cloud per website on 2026-07-07 · never contacted"
5557491465,259,49,Loam Dining Room,(555) 749-1465,Lantern Hill,2357 N Wexley St,Barbecue,$$,SME,3.6,1090,Bluecrest,human call,2026-06-16,open deal,9.0,1.0,,,https://www.loamdiningroom.example,"1,090 reviews · Bluecrest per human call on 2026-06-16 · a rep is working it now"
5559167459,260,49,Nettle Steakhouse,(555) 916-7459,Kingsway,7320 W Vance Ave,Thai,$$,SME,3.6,1082,Northstar,website,2026-07-16,open deal,49.0,1.0,Maria Kowalski,,https://www.nettlesteakhouse.example,"1,082 reviews · Northstar per website on 2026-07-16 · deal idle 49 days · Maria Kowalski (None) on file"
5551169089,261,49,Little Bear Steakhouse,(555) 116-9089,Sablewood,"5291 W Bayard St, Verano Bay",Japanese,$,SME,3.7,1071,Northstar,website,2026-07-10,never in CRM,,,,,https://www.littlebearsteakhouse.example,"1,071 reviews · Northstar per website on 2026-07-10 · never contacted"
5554259497,262,49,Cardinal Brasserie,(555) 425-9497,Templeton,4068 N Ashfield St,Vietnamese,$$$,SME,3.6,1061,Cadence,crm field,2026-04-16,open deal,109.0,1.0,,,https://www.cardinalbrasserie.example,"1,061 reviews · Cadence per crm field on 2026-04-16 · deal idle 109 days"
5554712652,263,49,Magpie House,(555) 471-2652,Alder Heights,2007 West Tarrow Road,Korean,$$$$,SME,3.87,1001,Cadence,website,2026-07-12,never in CRM,,,,,https://www.magpiehouse.example,"1,001 reviews · Cadence per website on 2026-07-12 · never contacted"
5557016626,264,48,Dovetail Table,(555) 701-6626,Cedar Cross,3812 North Serra Boulevard,Seafood,$,SME,4.5,992,Tessera,website,2026-07-26,never in CRM,,,,,https://www.dovetailtable.example,992 reviews · Tessera per website on 2026-07-26 · never contacted · rated 4.5
5558699421,265,48,MAGPIE TAVERN,(555) 869-9421,Sablewood,"1614 W Rivermead Ave, Verano Bay",Peruvian,$$$,SME,4.8,974,Cadence,website,2026-07-26,never in CRM,,,,,https://www.magpietavern.example,974 reviews · Cadence per website on 2026-07-26 · never contacted · rated 4.8
5552565282,266,48,Halcyon Chophouse - Corvo Heights,(555) 256-5282,Marisol,3283 South Vance Blvd,Ethiopian,$,SME,4.7,960,Vellum,website,2026-07-15,never in CRM,,,,,https://www.halcyonchophouse.example,960 reviews · Vellum per website on 2026-07-15 · never contacted · rated 4.7
5554297781,267,48,Little Bear Wine Bar Verano Bay,(555) 429-7781,Calder Park,"7273 W Prospect Blvd, Verano Bay",Greek,$$,SME,3.85,945,Northstar,ai call,2026-08-01,open deal,60.0,1.0,,,https://www.littlebearwinebar.example,945 reviews · Northstar per ai call on 2026-08-01 · deal idle 60 days
5556105450,268,48,Sable Grill,(555) 610-5450,Fox Hollow,908 S Fennimore Rd,Polish,$,SME,3.8,932,Vellum,ai call,2026-07-04,open deal,49.0,1.0,,,,932 reviews · Vellum per ai call on 2026-07-04 · deal idle 49 days
5558816926,269,48,Kinship Chophouse,(555) 881-6926,Old Mill,4941 W Ashfield St,Contemporary,$,SME,4.6,920,Northstar,crm field,2026-04-23,open deal,102.0,1.0,,,https://www.kinshipchophouse.example,920 reviews · Northstar per crm field on 2026-04-23 · deal idle 102 days · rated 4.6
5555787357,270,48,Prairie Dining Room - Ashgrove,(555) 578-7357,Bayview Flats,380 E Fennimore Street,Mexican,$$,SME,4.6,901,Vellum,website,2026-07-05,never in CRM,,,,,https://www.prairiediningroom.example,901 reviews · Vellum per website on 2026-07-05 · never contacted · rated 4.6
5552148526,271,48,Wildwood Wine Bar,(555) 214-8526,Kingsway,197 S Quinton Rd,Polish,$,SME,4.6,836,Northstar,website,2026-07-12,never in CRM,,,,,https://www.wildwoodwinebar.example,836 reviews · Northstar per website on 2026-07-12 · never contacted · rated 4.6
5552249356,272,48,Verde Y Mar Grill,(555) 224-9356,Calder Park,6381 N Vance Ave,Polish,$$$$,SME,3.75,813,Cadence,crm field,2026-03-13,written off,143.0,1.0,,,https://www.verdeymargrill.example,813 reviews · Cadence per crm field on 2026-03-13 · written off under the old POS rules
5559258974,273,48,Wren Alehouse,(555) 925-8974,Windrow,6489 W Fennimore Rd,Korean,$$,SME,4.55,790,Cadence,website,2026-07-10,never in CRM,,,,,https://www.wrenalehouse.example,790 reviews · Cadence per website on 2026-07-10 · never contacted · rated 4.55
5554611580,274,48,TALLGRASS KITCHEN,(555) 461-1580,Windrow,4723 N Cortez St,Barbecue,$,large,3.9,561,Cadence,crm notes,2026-05-17,open deal,78.0,1.0,,,https://www.tallgrasskitchen.example,561 reviews · large operator · Cadence per crm notes on 2026-05-17 · deal idle 78 days
5552013698,275,48,Northbank Kitchen - Corvo Heights,(555) 201-3698,Old Mill,300 North Calder Street,Italian,$$,SME,4.5,558,Cadence,crm field,2026-04-27,open deal,98.0,1.0,,,https://www.northbankkitchen.example,558 reviews · Cadence per crm field on 2026-04-27 · deal idle 98 days · rated 4.5
5555894188,276,48,Harrow Osteria,(555) 589-4188,Harbor Point,1184 W Halloway Ave,Mexican,$$$,SME,4.8,557,Bluecrest,crm field,2026-04-18,open deal,107.0,2.0,,,https://www.harrowosteria.example,557 reviews · Bluecrest per crm field on 2026-04-18 · deal idle 107 days · rated 4.8
5551107057,277,48,Quill Chophouse,(555) 110-7057,Harbor Point,1218 E Tarrow Ave,French,$$$,SME,4.6,553,Cadence,website,2026-07-05,never in CRM,,,,,https://www.quillchophouse.example,553 reviews · Cadence per website on 2026-07-05 · never contacted · rated 4.6
5551419563,278,48,Persimmon Alehouse,(555) 141-9563,Ashgrove,757 W Ashfield Rd,Peruvian,$$,SME,4.8,543,Vellum,website,2026-07-12,never in CRM,,,,,https://www.persimmonalehouse.example,543 reviews · Vellum per website on 2026-07-12 · never contacted · rated 4.8
5557727876,279,48,Prairie Grill,(555) 772-7876,Windrow,7216 W Rivermead Ave,Italian,$$,mid-cap,3.35,509,Cadence,crm field,2026-03-24,open deal,132.0,1.0,,,https://www.prairiegrill.example,509 reviews · mid-cap operator · Cadence per crm field on 2026-03-24 · deal idle 132 days
5553396156,280,48,Inkwell Trattoria,(555) 339-6156,Ferrymead,5193 N Bayard Rd,Barbecue,$$$,SME,3.7,124,Cadence,ai call,2026-06-13,never in CRM,,,,,,124 reviews · Cadence per ai call on 2026-06-13 · never contacted
5554114412,281,48,Persimmon House,(555) 411-4412,Greenhithe,7339 N Ashfield Ave,Japanese,$$$,SME,4.7,81,Orbit,crm field,2026-05-31,open deal,64.0,1.0,Luis Vasquez,,,81 reviews · Orbit per crm field on 2026-05-31 · deal idle 64 days · Luis Vasquez (None) on file · rated 4.7
5553657813,282,47,Kingfisher Smokehouse,(555) 365-7813,Harbor Point,2533 S Rivermead Ave,Thai,$$$,SME,4.3,1440,Cadence,crm notes,2026-06-07,open deal,57.0,1.0,,,https://www.kingfishersmokehouse.example,"1,440 reviews · Cadence per crm notes on 2026-06-07 · deal idle 57 days"
5559522596,283,47,Plumb Steakhouse,(555) 952-2596,Sablewood,6180 S Mallow Ave,Mediterranean,$$,SME,4.4,1303,Vellum,crm notes,2026-05-19,open deal,76.0,1.0,,,https://www.plumbsteakhouse.example,"1,303 reviews · Vellum per crm notes on 2026-05-19 · deal idle 76 days"
5553484387,284,47,Sparrow Bistro,(555) 348-4387,Windrow,2206 E Serra Ave,Japanese,$,SME,4.13,1138,Vellum,crm notes,2026-04-27,open deal,98.0,1.0,,,,"1,138 reviews · Vellum per crm notes on 2026-04-27 · deal idle 98 days"
5551097087,285,47,Blue Heron Osteria,(555) 109-7087,Windrow,4962 E Vance Ave,Ethiopian,$$,SME,4.4,1086,Cadence,crm notes,2026-03-13,open deal,143.0,1.0,,,https://www.blueheronosteria.example,"1,086 reviews · Cadence per crm notes on 2026-03-13 · deal idle 143 days"
5556238933,286,47,The Dovetail Smokehouse,(555) 623-8933,Calder Park,4562 West Bayard Road,Contemporary,$$,SME,3.95,415,Cadence,website,2026-07-25,never in CRM,,,Nadia Torres,,https://www.dovetailsmokehouse.example,415 reviews · Cadence per website on 2026-07-25 · never contacted · Nadia Torres (None) on file
5556233101,287,47,Quarry Bistro,(555) 623-3101,Windrow,2382 N Vance Rd,Ethiopian,$$$$,mid-cap,4.7,308,Cadence,crm field,2026-03-05,open deal,151.0,1.0,,,https://www.quarrybistro.example,308 reviews · mid-cap operator · Cadence per crm field on 2026-03-05 · deal idle 151 days · rated 4.7
5558471677,288,47,Oxbow Smokehouse,(555) 847-1677,Alder Heights,474 E Ashfield St,Ethiopian,$$$$,large,4.7,290,Meridian Cloud,crm notes,2026-06-30,open deal,34.0,1.0,,,https://www.oxbowsmokehouse.example,290 reviews · large operator · Meridian Cloud per crm notes on 2026-06-30 · deal idle 34 days · rated 4.7
5559792803,289,46,Kinship Wine Bar,(555) 979-2803,Fox Hollow,4362 N Prospect Blvd,Ethiopian,$$$,SME,4.1,991,Meridian Cloud,crm notes,2026-04-11,written off,114.0,1.0,,,,991 reviews · Meridian Cloud per crm notes on 2026-04-11 · written off under the old POS rules
5557903296,290,46,Quarry Tavern,(555) 790-3296,Windrow,2402 E Tarrow Blvd,Italian,$$$,SME,4.1,946,Vellum,website,2026-07-19,never in CRM,,,,,https://www.quarrytavern.example,946 reviews · Vellum per website on 2026-07-19 · never contacted
5556957888,291,46,The Marigold Grill,(555) 695-7888,Sablewood,3812 S Calder Avenue,Greek,$$,SME,4.3,907,Cadence,crm field,2026-05-21,open deal,74.0,1.0,,,https://www.marigoldgrill.example,907 reviews · Cadence per crm field on 2026-05-21 · deal idle 74 days
5559738022,292,46,Kinship House,(555) 973-8022,Miradero,6924 E Tarrow Ave,Steakhouse,$$$,SME,4.3,901,Meridian Cloud,crm field,2026-05-02,open deal,93.0,1.0,,,https://www.kinshiphouse.example,901 reviews · Meridian Cloud per crm field on 2026-05-02 · deal idle 93 days
5553707304,293,46,Yarrow Supper Club,(555) 370-7304,Cedar Cross,6467 W Wexley St,Korean,$$$,SME,4.3,798,Cadence,website,2026-07-15,never in CRM,,,,,https://www.yarrowsupperclub.example,798 reviews · Cadence per website on 2026-07-15 · never contacted
5556462220,294,46,Zephyr Steakhouse - Marisol,(555) 646-2220,Palisade Park,1181 South Bayard Rd,Steakhouse,$$$$,SME,4.4,732,Cadence,website,2026-07-15,never in CRM,,,,,https://www.zephyrsteakhouse.example,732 reviews · Cadence per website on 2026-07-15 · never contacted
5553283360,295,46,Sparrow Cantina,(555) 328-3360,Rivera District,5586 N Lindmere Blvd,Italian,$$$$,SME,4.2,676,Vellum,website,2026-07-12,never in CRM,,,,,https://www.sparrowcantina.example,676 reviews · Vellum per website on 2026-07-12 · never contacted
5559042749,296,46,Warbler Supper Club,(555) 904-2749,Miradero,806 North Halloway Blvd,Steakhouse,$$$,large,4.35,653,Cadence,website,2026-07-19,open deal,112.0,1.0,,,https://www.warblersupperclub.example,653 reviews · large operator · Cadence per website on 2026-07-19 · deal idle 112 days
5558492176,297,46,Little Bear Osteria,(555) 849-2176,Rivera District,3640 S Halloway Blvd,Spanish,$$$$,SME,4.1,535,Cadence,website,2026-07-19,never in CRM,,,,,https://www.littlebearosteria.example,535 reviews · Cadence per website on 2026-07-19 · never contacted
5551997142,298,46,Sable Room,(555) 199-7142,Stillwater,1027 W Fennimore St,Mediterranean,$,large,4.2,72,Meridian Cloud,crm field,2026-05-10,open deal,85.0,1.0,,,https://www.sableroom.example,72 reviews · large operator · Meridian Cloud per crm field on 2026-05-10 · deal idle 85 days
5551044446,299,45,Nine Bridges Wine Bar,(555) 104-4446,Stillwater,4104 N Lindmere Ave,Vietnamese,$$,SME,4.1,319,Vellum,ai call,2026-06-11,open deal,105.0,1.0,,,https://www.ninebridgeswinebar.example,319 reviews · Vellum per ai call on 2026-06-11 · deal idle 105 days
5556997998,300,45,Bramble Wine Bar,(555) 699-7998,Rivera District,827 S Halloway St,Vietnamese,$$$,SME,4.3,312,Northstar,ai call,2026-06-10,open deal,0.0,1.0,James Lopez,General Manager,https://www.bramblewinebar.example,312 reviews · Northstar per ai call on 2026-06-10 · a rep is working it now · James Lopez (General Manager) on file
5555179340,301,44,Pike Smokehouse,(555) 517-9340,Sablewood,7005 W Fennimore Rd,Spanish,$$$,SME,3.8,1436,Vellum,crm notes,2026-04-01,open deal,124.0,2.0,,,https://www.pikesmokehouse.example,"1,436 reviews · Vellum per crm notes on 2026-04-01 · deal idle 124 days"
5554763841,302,44,Redbird Oyster Bar,(555) 476-3841,Windrow,3222 N Fennimore Ave,Steakhouse,$$$,SME,3.3,1432,Northstar,crm notes,2026-02-25,open deal,159.0,1.0,,,https://www.redbirdoysterbar.example,"1,432 reviews · Northstar per crm notes on 2026-02-25 · deal idle 159 days"
5551397671,303,44,Harrow Oyster Bar,(555) 139-7671,Cedar Cross,3950 E Tarrow Rd,Peruvian,$$,SME,3.9,1353,Meridian Cloud,crm notes,2026-06-19,open deal,45.0,1.0,,,https://www.harrowoysterbar.example,"1,353 reviews · Meridian Cloud per crm notes on 2026-06-19 · deal idle 45 days"
5556534977,304,44,Verde Table,(555) 653-4977,Cedar Cross,2938 E Halloway Rd,Spanish,$$$,SME,3.6,1080,Meridian Cloud,crm notes,2026-03-19,open deal,137.0,1.0,,,https://www.verdetable.example,"1,080 reviews · Meridian Cloud per crm notes on 2026-03-19 · deal idle 137 days"
5553672287,305,44,Dovetail Cantina,(555) 367-2287,Palisade Park,6257 S Halloway Rd,French,$$,SME,3.9,1036,Cadence,crm notes,2026-03-29,open deal,127.0,2.0,,,https://www.dovetailcantina.example,"1,036 reviews · Cadence per crm notes on 2026-03-29 · deal idle 127 days"
5552891016,306,43,Persimmon Brasserie,(555) 289-1016,Cedar Cross,3871 E Calder St,Italian,$$$$,SME,3.73,974,Vellum,website,2026-07-17,never in CRM,,,,,https://www.persimmonbrasserie.example,974 reviews · Vellum per website on 2026-07-17 · never contacted
5553044123,307,43,Driftwood Oyster Bar,(555) 304-4123,Sablewood,340 N Ashfield Blvd,Italian,$$$,SME,3.9,957,Northstar,website,2026-07-13,never in CRM,,,,,https://www.driftwoodoysterbar.example,957 reviews · Northstar per website on 2026-07-13 · never contacted
5557878358,308,43,Fallowfield Oyster Bar,(555) 787-8358,Windrow,6524 W Lindmere St,Barbecue,$$,SME,3.85,879,Vellum,website,2026-07-04,never in CRM,,,,,https://www.fallowfieldoysterbar.example,879 reviews · Vellum per website on 2026-07-04 · never contacted
5558477646,309,43,Sparrow Osteria,(555) 847-7646,Windrow,7264 W Tarrow Ave,Korean,$$$$,SME,3.93,877,Cadence,website,2026-07-15,never in CRM,,,,,https://www.sparrowosteria.example,877 reviews · Cadence per website on 2026-07-15 · never contacted
5551802130,310,43,Redbird Alehouse,(555) 180-2130,Kingsway,4936 E Bayard Blvd,Peruvian,$$$,SME,4.5,802,Cadence,crm notes,2026-05-16,open deal,79.0,1.0,,,https://www.redbirdalehouse.example,802 reviews · Cadence per crm notes on 2026-05-16 · deal idle 79 days · rated 4.5
5559151393,311,43,Plumb Taqueria - Fox Hollow,(555) 915-1393,Cedar Cross,7445 S Calder Road,Italian,$$$$,mid-cap,3.52,780,Vellum,crm notes,2026-06-03,open deal,61.0,1.0,,,https://www.plumbtaqueria.example,780 reviews · mid-cap operator · Vellum per crm notes on 2026-06-03 · deal idle 61 days
5553358592,312,43,Warbler Room,(555) 335-8592,Bramble Row,410 N Fennimore Blvd,Indian,$$,SME,3.6,777,Cadence,website,2026-07-26,never in CRM,,,,,https://www.warblerroom.example,777 reviews · Cadence per website on 2026-07-26 · never contacted
5554826735,313,43,Foxglove Supper Club,(555) 482-6735,Kingsway,3656 N Lindmere St,Thai,$,SME,3.6,769,Meridian Cloud,website,2026-06-30,never in CRM,,,,,https://www.foxglovesupperclub.example,769 reviews · Meridian Cloud per website on 2026-06-30 · never contacted
5556029528,314,43,Basil & Bone Grill,(555) 602-9528,Sunfield,767 E Bayard Ave,Barbecue,$,SME,3.58,766,Northstar,website,2026-06-30,never in CRM,,,,,https://www.basilbonegrill.example,766 reviews · Northstar per website on 2026-06-30 · never contacted
5551113944,315,43,Heron Kitchen,(555) 111-3944,Alder Heights,7424 N Tarrow Ave,Italian,$$$,SME,3.5,683,Cadence,website,2026-07-04,never in CRM,,,,,https://www.heronkitchen.example,683 reviews · Cadence per website on 2026-07-04 · never contacted
5554673418,316,43,Marigold Chophouse,(555) 467-3418,Palisade Park,6371 N Vance St,Vietnamese,$$,SME,3.57,662,Orbit,website,2026-07-26,never in CRM,,,,,https://www.marigoldchophouse.example,662 reviews · Orbit per website on 2026-07-26 · never contacted
5558037066,317,43,Fallowfield Brasserie,(555) 803-7066,Lantern Hill,5616 North Calder Boulevard,Italian,$$$,SME,3.93,650,Cadence,crm field,2026-04-06,open deal,119.0,1.0,,,https://www.fallowfieldbrasserie.example,650 reviews · Cadence per crm field on 2026-04-06 · deal idle 119 days
5556592723,318,43,Vesper Bistro,(555) 659-2723,Kingsway,1076 N Ashfield Blvd,Indian,$$$,SME,3.7,633,Meridian Cloud,crm field,2026-05-26,open deal,69.0,1.0,,,,633 reviews · Meridian Cloud per crm field on 2026-05-26 · deal idle 69 days
5552947449,319,43,Cobalt Grill,(555) 294-7449,Palisade Park,331 E Tarrow Street,French,$$$$,SME,3.5,605,Cadence,website,2026-07-11,never in CRM,,,,,https://www.cobaltgrill.example,605 reviews · Cadence per website on 2026-07-11 · never contacted
5551153918,320,43,Cardinal Table - Sablewood,(555) 115-3918,Marisol,7200 North Tarrow Boulevard,Vietnamese,$$,SME,3.97,582,Vellum,website,2026-07-04,never in CRM,,,,,https://www.cardinaltable.example,582 reviews · Vellum per website on 2026-07-04 · never contacted
5553267872,321,43,Copper Supper Club,(555) 326-7872,Harbor Point,7032 South Mallow Blvd,French,$$$$,SME,3.65,574,Orbit,website,2026-07-08,never in CRM,,,,,https://www.coppersupperclub.example,574 reviews · Orbit per website on 2026-07-08 · never contacted
5555951333,322,43,Nine Bridges Grill,(555) 595-1333,Bramble Row,4966 S Halloway Rd,Italian,$$$,large,4.8,559,Vellum,crm notes,2026-07-11,open deal,23.0,1.0,,,https://www.ninebridgesgrill.example,559 reviews · large operator · Vellum per crm notes on 2026-07-11 · a rep is working it now · rated 4.8
5555014901,323,43,KINGFISHER STEAKHOUSE,(555) 501-4901,Quarry End,1721 W Serra St,Seafood,$$$,SME,4.55,76,Cadence,crm field,2026-05-08,written off,87.0,1.0,,,https://www.kingfishersteakhouse.example,76 reviews · Cadence per crm field on 2026-05-08 · written off under the old POS rules · rated 4.55
5555626325,324,43,Rambler Smokehouse,(555) 562-6325,Ashgrove,3499 W Mallow Ave,French,$$$,SME,3.95,43,Cadence,human call,2026-07-29,open deal,23.0,1.0,Tony Haddad,Co-Owner,,43 reviews · Cadence per human call on 2026-07-29 · a rep is working it now · Tony Haddad (Co-Owner) on file
5554229272,325,43,Tin Roof Alehouse,(555) 422-9272,Fox Hollow,1754 East Quinton Street,Spanish,$,SME,3.5,30,Orbit,human call,2026-06-22,open deal,83.0,1.0,,,,30 reviews · Orbit per human call on 2026-06-22 · deal idle 83 days
5553674877,326,42,Rookery Trattoria,(555) 367-4877,Quarry End,3122 E Fennimore Rd,Steakhouse,$$,SME,4.55,308,Meridian Cloud,website,2026-07-23,never in CRM,,,,,https://www.rookerytrattoria.example,308 reviews · Meridian Cloud per website on 2026-07-23 · never contacted · rated 4.55
5554503343,327,42,Magpie Smokehouse,(555) 450-3343,Sablewood,4849 E Serra Blvd,Italian,$,mid-cap,4.7,264,Vellum,crm notes,2026-06-01,open deal,63.0,1.0,,,https://www.magpiesmokehouse.example,264 reviews · mid-cap operator · Vellum per crm notes on 2026-06-01 · deal idle 63 days · rated 4.7
5559964449,328,42,Rosewater Grill,(555) 996-4449,Windrow,4052 W Mallow Ave,Peruvian,$$,SME,4.6,239,Cadence,website,2026-07-26,never in CRM,,,,,https://www.rosewatergrill.example,239 reviews · Cadence per website on 2026-07-26 · never contacted · rated 4.6
5554417718,329,42,Sorrel Kitchen,(555) 441-7718,Bramble Row,745 W Quinton Rd,Greek,$$,mid-cap,3.6,230,Vellum,crm field,2026-03-11,open deal,145.0,1.0,,,https://www.sorrelkitchen.example,230 reviews · mid-cap operator · Vellum per crm field on 2026-03-11 · deal idle 145 days
5553129655,330,42,Golden Hour Dining Room,(555) 312-9655,Bramble Row,288 S Serra Rd,Japanese,$,SME,4.7,205,Orbit,website,2026-07-28,never in CRM,,,,,https://www.goldenhourdiningroom.example,205 reviews · Orbit per website on 2026-07-28 · never contacted · rated 4.7
5559991448,331,41,Orchard Brasserie - Alder Heights,(555) 999-1448,Greenhithe,"1171 S Mallow St, Verano Bay",Mexican,$$$,large,4.0,965,Meridian Cloud,crm notes,2026-07-16,open deal,18.0,1.0,,,https://www.orchardbrasserie.example,965 reviews · large operator · Meridian Cloud per crm notes on 2026-07-16 · a rep is working it now
5557648181,332,41,Sparrow Smokehouse,(555) 764-8181,Ashgrove,7887 N Cortez Blvd,Steakhouse,$$$,SME,4.15,849,Cadence,crm notes,2026-02-13,open deal,171.0,1.0,,,https://www.sparrowsmokehouse.example,849 reviews · Cadence per crm notes on 2026-02-13 · deal idle 171 days
5554393858,333,41,Redbird Grill,(555) 439-3858,Stillwater,"4125 N Rivermead Ave, Verano Bay",Polish,$,SME,4.0,577,Cadence,crm notes,2026-04-04,open deal,121.0,1.0,,,https://www.redbirdgrill.example,577 reviews · Cadence per crm notes on 2026-04-04 · deal idle 121 days
5556155214,334,41,Marigold Taqueria,(555) 615-5214,Stillwater,4525 E Mallow Ave,Thai,$$$$,SME,4.3,535,Cadence,crm notes,2026-02-05,open deal,179.0,1.0,,,https://www.marigoldtaqueria.example,535 reviews · Cadence per crm notes on 2026-02-05 · deal idle 179 days
5559919223,335,41,Blue Heron Kitchen,(555) 991-9223,Calder Park,1835 S Fennimore Rd,Peruvian,$$,SME,4.0,512,Vellum,crm notes,2026-03-03,open deal,153.0,1.0,,,https://www.blueheronkitchen.example,512 reviews · Vellum per crm notes on 2026-03-03 · deal idle 153 days
5557159235,336,40,Rookery Table,(555) 715-9235,Stillwater,6098 E Mallow St,Peruvian,$$,SME,4.35,471,Northstar,website,2026-07-25,never in CRM,,,,,https://www.rookerytable.example,471 reviews · Northstar per website on 2026-07-25 · never contacted
5552804502,337,40,Pike Taqueria - Palisade Park,(555) 280-4502,Stillwater,5410 South Mallow Boulevard,Mexican,$$,mid-cap,4.15,466,Meridian Cloud,crm notes,2026-04-08,open deal,117.0,1.0,,,https://www.piketaqueria.example,466 reviews · mid-cap operator · Meridian Cloud per crm notes on 2026-04-08 · deal idle 117 days
5558795176,338,40,Sparrow Steakhouse,(555) 879-5176,Stillwater,5549 E Tarrow St,Polish,$$$,mid-cap,4.0,463,Cadence,crm notes,2026-05-18,open deal,77.0,1.0,,,https://www.sparrowsteakhouse.example,463 reviews · mid-cap operator · Cadence per crm notes on 2026-05-18 · deal idle 77 days
5553047306,339,40,The Casa Verde Cantina,(555) 304-7306,Ashgrove,"600 N Prospect Rd, Verano Bay",Contemporary,$,SME,4.25,401,Cadence,crm field,2026-02-17,open deal,167.0,1.0,,,https://www.casaverdecantina.example,401 reviews · Cadence per crm field on 2026-02-17 · deal idle 167 days
5556324586,340,40,Plumb Wine Bar,(555) 632-4586,Windrow,5225 S Mallow Street,French,$$$,SME,4.47,321,Quillpay,website,2026-07-22,never in CRM,,,,,https://www.plumbwinebar.example,321 reviews · Quillpay per website on 2026-07-22 · never contacted
5552031076,341,40,Kingfisher Trattoria,(555) 203-1076,Windrow,130 S Halloway Rd,Contemporary,$$,SME,4.2,286,Vellum,website,2026-07-22,never in CRM,,,,,https://www.kingfishertrattoria.example,286 reviews · Vellum per website on 2026-07-22 · never contacted
5555746286,342,40,Sorrel Trattoria,(555) 574-6286,Harbor Point,6218 S Quinton Blvd,Indian,$$,SME,4.35,277,Cadence,website,2026-07-13,never in CRM,,,,,https://www.sorreltrattoria.example,277 reviews · Cadence per website on 2026-07-13 · never contacted
5551368598,343,40,Marigold Brasserie,(555) 136-8598,Alder Heights,7431 N Calder Ave,Korean,$$,SME,4.4,270,Vellum,website,2026-07-05,never in CRM,,,,,https://www.marigoldbrasserie.example,270 reviews · Vellum per website on 2026-07-05 · never contacted
5557297537,344,40,Quill Bistro Restaurant,(555) 729-7537,Calder Park,1817 W Bayard Boulevard,Japanese,$$$,SME,4.38,245,Cadence,website,2026-07-28,never in CRM,,,,,https://www.quillbistro.example,245 reviews · Cadence per website on 2026-07-28 · never contacted
5551456397,345,40,Oxbow Trattoria,(555) 145-6397,Ashgrove,6388 N Lindmere Blvd,Thai,$$,SME,4.0,230,Cadence,crm field,2026-06-12,open deal,52.0,1.0,,,https://www.oxbowtrattoria.example,230 reviews · Cadence per crm field on 2026-06-12 · deal idle 52 days
5554670016,346,40,Verde Alehouse,(555) 467-0016,Bayview Flats,5653 N Tarrow Blvd,Spanish,$$,SME,4.13,226,Meridian Cloud,website,2026-07-26,never in CRM,,,,,https://www.verdealehouse.example,226 reviews · Meridian Cloud per website on 2026-07-26 · never contacted
5556278551,347,40,Loam Wine Bar,(555) 627-8551,Ferrymead,2551 W Prospect Blvd,Indian,$$,SME,4.1,224,Orbit,website,2026-07-27,never in CRM,,,,,https://www.loamwinebar.example,224 reviews · Orbit per website on 2026-07-27 · never contacted
5552972393,348,39,Larkspur Tavern,(555) 297-2393,Miradero,1326 E Halloway Ave,Greek,$$$$,SME,3.8,1354,Vellum,crm field,2026-08-03,open deal,0.0,1.0,,,https://www.larkspurtavern.example,"1,354 reviews · Vellum per crm field on 2026-08-03 · a rep is working it now"
5553083968,349,39,Silverfin Brasserie,(555) 308-3968,Windrow,4503 E Bayard Ave,Mexican,$,SME,3.8,1251,Tessera,crm field,2026-07-25,open deal,9.0,2.0,,,https://www.silverfinbrasserie.example,"1,251 reviews · Tessera per crm field on 2026-07-25 · a rep is working it now"
5557607807,350,38,The Nettle Alehouse,(555) 760-7807,Bramble Row,7222 W Serra Blvd,Korean,$,SME,4.17,1810,Northstar,website,2026-07-14,open deal,25.0,1.0,,,https://www.nettlealehouse.example,"1,810 reviews · Northstar per website on 2026-07-14 · a rep is working it now"
5556913389,351,38,Anchor Table,(555) 691-3389,Sablewood,2297 W Halloway Ave,Contemporary,$,SME,4.8,730,Orbit,crm field,2026-08-03,open deal,0.0,1.0,,,https://www.anchortable.example,730 reviews · Orbit per crm field on 2026-08-03 · a rep is working it now · rated 4.8
5555109089,352,38,Driftwood Room,(555) 510-9089,Corvo Heights,6802 S Quinton Ave,Ethiopian,$$$$,SME,3.8,700,Vellum,crm notes,2026-03-02,open deal,154.0,1.0,,,https://www.driftwoodroom.example,700 reviews · Vellum per crm notes on 2026-03-02 · deal idle 154 days
5554076967,353,38,Bramble Room,(555) 407-6967,Fox Hollow,2022 S Fennimore Ave,Mediterranean,$$$,SME,3.45,560,Orbit,crm notes,2026-05-10,open deal,85.0,1.0,,,https://www.brambleroom.example,560 reviews · Orbit per crm notes on 2026-05-10 · deal idle 85 days
5559722429,354,38,Nettle Osteria - Alder Heights,(555) 972-2429,Greenhithe,1431 West Ashfield Street,Peruvian,$,large,3.55,99,Meridian Cloud,crm notes,2026-06-04,open deal,60.0,1.0,,,https://www.nettleosteria.example,99 reviews · large operator · Meridian Cloud per crm notes on 2026-06-04 · deal idle 60 days
5558702160,355,38,Fernwood House - Marisol,(555) 870-2160,Cedar Cross,5311 East Mallow Street,Vietnamese,$$,SME,4.75,46,Vellum,website,2026-07-24,never in CRM,,,,,https://www.fernwoodhouse.example,46 reviews · Vellum per website on 2026-07-24 · never contacted · rated 4.75
5555225870,356,38,Saffron Smokehouse - Templeton,(555) 522-5870,Ferrymead,4717 South Calder Avenue,French,$$$,SME,4.7,44,Tessera,website,2026-07-14,never in CRM,,,,,https://www.saffronsmokehouse.example,44 reviews · Tessera per website on 2026-07-14 · never contacted · rated 4.7
5551251480,357,38,Marrow Tavern,(555) 125-1480,Ferrymead,1554 S Rivermead Blvd,Seafood,$$$,mid-cap,4.5,32,Northstar,crm notes,2026-06-26,open deal,38.0,1.0,,,https://www.marrowtavern.example,32 reviews · mid-cap operator · Northstar per crm notes on 2026-06-26 · deal idle 38 days · rated 4.5
5554091665,358,37,Persimmon Tavern,(555) 409-1665,Quarry End,3015 E Lindmere St,Polish,$$$,mid-cap,4.9,465,Cadence,website,2026-07-19,open deal,106.0,1.0,,,https://www.persimmontavern.example,465 reviews · mid-cap operator · Cadence per website on 2026-07-19 · deal idle 106 days · rated 4.9
5555126514,359,37,Roan Taqueria,(555) 512-6514,Miradero,6457 S Calder Rd,Ethiopian,$$$$,SME,3.9,455,Northstar,website,2026-07-09,never in CRM,,,,,https://www.roantaqueria.example,455 reviews · Northstar per website on 2026-07-09 · never contacted
5555316381,360,37,Driftwood Taqueria - Old Mill,(555) 531-6381,Windrow,"2451 N Prospect St, Verano Bay",Vietnamese,$$,SME,3.33,420,Meridian Cloud,website,2026-07-25,never in CRM,,,,,https://www.driftwoodtaqueria.example,420 reviews · Meridian Cloud per website on 2026-07-25 · never contacted
5552582067,361,37,Fallowfield Trattoria,(555) 258-2067,Kingsway,2831 E Prospect Ave,Thai,$$$,SME,4.7,394,Tessera,crm notes,2026-04-21,open deal,104.0,1.0,,,https://www.fallowfieldtrattoria.example,394 reviews · Tessera per crm notes on 2026-04-21 · deal idle 104 days · rated 4.7
5553493646,362,37,Blue Heron Supper Club,(555) 349-3646,Ferrymead,7119 W Halloway St,Mediterranean,$$$$,SME,4.5,364,Northstar,crm notes,2026-02-04,open deal,180.0,1.0,,,https://www.blueheronsupperclub.example,364 reviews · Northstar per crm notes on 2026-02-04 · deal idle 180 days · rated 4.5
5552488731,363,37,Ember Osteria,(555) 248-8731,Bayview Flats,6278 N Lindmere Rd,Greek,$$$,SME,3.85,337,Vellum,website,2026-07-04,never in CRM,,,,,https://www.emberosteria.example,337 reviews · Vellum per website on 2026-07-04 · never contacted
5558947075,364,37,Plumb Dining Room,(555) 894-7075,Cedar Cross,1468 N Quinton Blvd,Mediterranean,$$$,large,3.6,313,Meridian Cloud,website,2026-07-16,open deal,161.0,1.0,,,https://www.plumbdiningroom.example,313 reviews · large operator · Meridian Cloud per website on 2026-07-16 · deal idle 161 days
5557803395,365,37,Dovetail Steakhouse,(555) 780-3395,Ferrymead,1151 N Vance Blvd,Barbecue,$$,SME,3.7,229,Cadence,website,2026-07-22,never in CRM,,,,,https://www.dovetailsteakhouse.example,229 reviews · Cadence per website on 2026-07-22 · never contacted
5551420806,366,36,Dovetail Chophouse,(555) 142-0806,Ferrymead,6301 W Wexley Blvd,Seafood,$$,SME,4.2,807,Cadence,crm field,2026-08-03,open deal,0.0,1.0,,,https://www.dovetailchophouse.example,807 reviews · Cadence per crm field on 2026-08-03 · a rep is working it now
5559156548,367,36,Mercado Tavern,(555) 915-6548,Windrow,5229 S Mallow St,Peruvian,$$,SME,4.0,717,Vellum,website,2026-07-07,open deal,86.0,1.0,,,https://www.mercadotavern.example,717 reviews · Vellum per website on 2026-07-07 · deal idle 86 days
5558362332,368,36,Dovetail House,(555) 836-2332,Bayview Flats,2871 E Vance Ave,Thai,$,mid-cap,4.3,524,Cadence,crm notes,2026-08-03,open deal,0.0,1.0,,,https://www.dovetailhouse.example,524 reviews · mid-cap operator · Cadence per crm notes on 2026-08-03 · a rep is working it now
5559920115,369,36,Zephyr Taqueria,(555) 992-0115,Sablewood,3736 E Tarrow Blvd,Mediterranean,$$,SME,4.07,187,Northstar,website,2026-07-26,never in CRM,,,,,https://www.zephyrtaqueria.example,187 reviews · Northstar per website on 2026-07-26 · never contacted
5553815052,370,36,Blue Heron House,(555) 381-5052,Cedar Cross,3639 E Tarrow Rd,Spanish,$$,SME,4.0,169,Vellum,website,2026-07-26,never in CRM,,,,,https://www.blueheronhouse.example,169 reviews · Vellum per website on 2026-07-26 · never contacted
5552234047,371,36,Rambler Cantina,(555) 223-4047,Lantern Hill,7913 E Halloway St,Steakhouse,$$,SME,4.2,145,Vellum,website,2026-07-13,never in CRM,,,,,https://www.ramblercantina.example,145 reviews · Vellum per website on 2026-07-13 · never contacted
5551152219,372,36,KINGFISHER TAVERN,(555) 115-2219,Ferrymead,5371 West Vance Avenue,Steakhouse,$$$$,SME,4.0,137,Bluecrest,website,2026-07-11,never in CRM,,,,,https://www.kingfishertavern.example,137 reviews · Bluecrest per website on 2026-07-11 · never contacted
5559849881,373,36,Wildwood Brasserie,(555) 984-9881,Templeton,7293 W Prospect St,Greek,$$,mid-cap,4.4,118,Northstar,crm notes,2026-05-25,open deal,70.0,1.0,,,https://www.wildwoodbrasserie.example,118 reviews · mid-cap operator · Northstar per crm notes on 2026-05-25 · deal idle 70 days
5556643643,374,36,Understory Tavern,(555) 664-3643,Fox Hollow,1528 E Lindmere Ave,Greek,$$,SME,4.3,117,Cadence,crm field,2026-03-19,open deal,137.0,1.0,,,,117 reviews · Cadence per crm field on 2026-03-19 · deal idle 137 days
5559502113,375,36,Prairie Wine Bar,(555) 950-2113,Alder Heights,3861 S Rivermead Rd,Thai,$$$$,mid-cap,4.4,37,Meridian Cloud,crm notes,2026-05-03,open deal,92.0,1.0,,,https://www.prairiewinebar.example,37 reviews · mid-cap operator · Meridian Cloud per crm notes on 2026-05-03 · deal idle 92 days
5557048580,376,35,Nine Bridges Table,(555) 704-8580,Windrow,3268 E Vance Ave,Greek,$$$,SME,4.0,493,Cadence,crm notes,2026-05-02,open deal,93.0,1.0,,,https://www.ninebridgestable.example,493 reviews · Cadence per crm notes on 2026-05-02 · deal idle 93 days
5553420328,377,35,The Sixpence Chophouse,(555) 342-0328,Greenhithe,6734 E Fennimore Boulevard,Seafood,$$,mid-cap,4.3,477,Meridian Cloud,crm field,2026-07-16,open deal,18.0,1.0,,,https://www.sixpencechophouse.example,477 reviews · mid-cap operator · Meridian Cloud per crm field on 2026-07-16 · a rep is working it now
5554292603,378,35,Marigold Osteria,(555) 429-2603,Harbor Point,7441 N Lindmere Rd,French,$$,SME,4.2,348,Cadence,crm notes,2026-03-19,open deal,137.0,1.0,,,,348 reviews · Cadence per crm notes on 2026-03-19 · deal idle 137 days
5557238052,379,35,Amber Cantina,(555) 723-8052,Sablewood,3512 North Calder Blvd,Japanese,$$,SME,4.4,207,Vellum,crm notes,2026-03-24,open deal,132.0,1.0,,,,207 reviews · Vellum per crm notes on 2026-03-24 · deal idle 132 days
5554039796,380,34,Copper Steakhouse,(555) 403-9796,Sunfield,2833 E Ashfield Ave,Steakhouse,$$,SME,4.7,1132,Cadence,website,2026-07-09,open deal,1.0,1.0,,,https://www.coppersteakhouse.example,"1,132 reviews · Cadence per website on 2026-07-09 · a rep is working it now · rated 4.7"
5553644090,381,33,Tin Roof Smokehouse,(555) 364-4090,Lantern Hill,3262 N Mallow St,Ethiopian,$,SME,3.5,974,Meridian Cloud,website,2026-07-05,open deal,78.0,1.0,,,https://www.tinroofsmokehouse.example,974 reviews · Meridian Cloud per website on 2026-07-05 · deal idle 78 days
5551958041,382,33,Alder Dining Room,(555) 195-8041,Bayview Flats,1667 E Fennimore Ave,Italian,$$,SME,4.7,742,Orbit,crm notes,2026-07-16,open deal,18.0,1.0,,,,742 reviews · Orbit per crm notes on 2026-07-16 · a rep is working it now · rated 4.7
5552051354,383,33,Redbird Taqueria,(555) 205-1354,Harbor Point,7735 N Bayard Ave,French,$,SME,4.7,595,Cadence,crm notes,2026-07-17,open deal,17.0,1.0,,,https://www.redbirdtaqueria.example,595 reviews · Cadence per crm notes on 2026-07-17 · a rep is working it now · rated 4.7
5554934022,384,33,Sorrel Bistro,(555) 493-4022,Old Mill,5147 S Bayard Ave,Polish,$$$,mid-cap,3.67,196,Northstar,crm notes,2026-04-18,open deal,107.0,1.0,,,https://www.sorrelbistro.example,196 reviews · mid-cap operator · Northstar per crm notes on 2026-04-18 · deal idle 107 days
5559618056,385,33,Tallgrass Grill Restaurant,(555) 961-8056,Fox Hollow,2796 N Mallow Street,Contemporary,$$$,mid-cap,3.9,186,Vellum,crm notes,2026-06-26,open deal,38.0,1.0,,,https://www.tallgrassgrill.example,186 reviews · mid-cap operator · Vellum per crm notes on 2026-06-26 · deal idle 38 days
5559783045,386,33,Sparrow Dining Room,(555) 978-3045,Sunfield,3960 E Prospect Ave,Thai,$$$$,SME,3.37,174,Cadence,crm field,2026-05-16,open deal,79.0,1.0,,,,174 reviews · Cadence per crm field on 2026-05-16 · deal idle 79 days
5556472704,387,33,Sorrel Oyster Bar Restaurant,(555) 647-2704,Corvo Heights,1545 South Fennimore Boulevard,Peruvian,$,SME,3.8,144,Vellum,crm field,2026-05-23,open deal,72.0,1.0,,,https://www.sorreloysterbar.example,144 reviews · Vellum per crm field on 2026-05-23 · deal idle 72 days
5559403998,388,33,Sparrow Alehouse,(555) 940-3998,Corvo Heights,"7320 E Calder St, Verano Bay",Barbecue,$$$$,SME,3.75,100,Northstar,website,2026-07-23,never in CRM,,,,,https://www.sparrowalehouse.example,100 reviews · Northstar per website on 2026-07-23 · never contacted
5553867827,389,33,Yarrow Smokehouse,(555) 386-7827,Palisade Park,7976 E Vance St,Polish,$$,mid-cap,3.65,43,Meridian Cloud,crm notes,2026-06-10,open deal,54.0,1.0,,,https://www.yarrowsmokehouse.example,43 reviews · mid-cap operator · Meridian Cloud per crm notes on 2026-06-10 · deal idle 54 days
5555438219,390,32,Cinder Steakhouse,(555) 543-8219,Quarry End,"3139 E Cortez St, Verano Bay",Indian,$$$$,SME,3.7,420,Cadence,crm notes,2026-06-17,open deal,47.0,1.0,,,,420 reviews · Cadence per crm notes on 2026-06-17 · deal idle 47 days
5551264622,391,32,Thistle Steakhouse,(555) 126-4622,Windrow,1982 E Halloway Rd,Vietnamese,$,SME,4.7,310,Tessera,website,2026-07-15,open deal,43.0,1.0,,,https://www.thistlesteakhouse.example,310 reviews · Tessera per website on 2026-07-15 · deal idle 43 days · rated 4.7
5557478058,392,32,Nightjar Alehouse,(555) 747-8058,Ferrymead,3484 W Wexley Blvd,Italian,$,SME,4.7,241,Bluecrest,crm field,2026-07-30,open deal,4.0,1.0,,,https://www.nightjaralehouse.example,241 reviews · Bluecrest per crm field on 2026-07-30 · a rep is working it now · rated 4.7
5554583854,393,32,Kinship Oyster Bar,(555) 458-3854,Greenhithe,1708 S Cortez Blvd,Barbecue,$$$$,large,3.9,240,Cadence,crm notes,2026-07-16,open deal,18.0,1.0,,,https://www.kinshipoysterbar.example,240 reviews · large operator · Cadence per crm notes on 2026-07-16 · a rep is working it now
5552541760,394,31,Inkwell Wine Bar,(555) 254-1760,Palisade Park,4261 W Fennimore St,Japanese,$$$,SME,4.25,908,Cadence,crm notes,2026-07-17,open deal,17.0,1.0,,,https://www.inkwellwinebar.example,908 reviews · Cadence per crm notes on 2026-07-17 · a rep is working it now
5555831742,395,31,Halcyon Brasserie - Windrow,(555) 583-1742,Templeton,2180 S Quinton Rd,Ethiopian,$$,SME,4.3,671,Meridian Cloud,crm notes,2026-08-03,open deal,0.0,1.0,,,https://www.halcyonbrasserie.example,671 reviews · Meridian Cloud per crm notes on 2026-08-03 · a rep is working it now
5555321346,396,31,Understory Oyster Bar,(555) 532-1346,Harbor Point,6771 W Quinton Ave,Mexican,$$$$,mid-cap,4.3,48,Cadence,website,2026-07-01,open deal,50.0,1.0,,,https://www.understoryoysterbar.example,48 reviews · mid-cap operator · Cadence per website on 2026-07-01 · deal idle 50 days
5556072494,397,31,Amber Bistro,(555) 607-2494,Rivera District,1446 N Mallow Rd,Barbecue,$$$,SME,4.4,35,Northstar,crm notes,2026-04-14,open deal,111.0,1.0,,,https://www.amberbistro.example,35 reviews · Northstar per crm notes on 2026-04-14 · deal idle 111 days
5556053087,398,30,Zephyr House,(555) 605-3087,Old Mill,1825 E Mallow St,Mexican,$$,SME,4.4,340,Cadence,website,2026-07-26,open deal,116.0,1.0,,,https://www.zephyrhouse.example,340 reviews · Cadence per website on 2026-07-26 · deal idle 116 days
5552165580,399,28,The Quill Supper Club,(555) 216-5580,Miradero,4113 North Lindmere Boulevard,Vietnamese,$$,SME,3.53,900,Orbit,crm notes,2026-07-17,open deal,17.0,2.0,,,,900 reviews · Orbit per crm notes on 2026-07-17 · a rep is working it now
5553390537,400,28,Northbank Table,(555) 339-0537,Greenhithe,109 N Lindmere Blvd,Japanese,$,SME,3.6,781,Cadence,crm notes,2026-08-03,open deal,0.0,1.0,,,https://www.northbanktable.example,781 reviews · Cadence per crm notes on 2026-08-03 · a rep is working it now
5555453647,401,28,Lantern Smokehouse,(555) 545-3647,Lantern Hill,3145 W Calder Ave,Italian,$$$$,mid-cap,3.33,180,Meridian Cloud,website,2026-07-11,open deal,159.0,1.0,,,https://www.lanternsmokehouse.example,180 reviews · mid-cap operator · Meridian Cloud per website on 2026-07-11 · deal idle 159 days
5551345738,402,28,The Ironwood Grill,(555) 134-5738,Templeton,6009 West Tarrow Boulevard,Vietnamese,$$,SME,3.7,82,Vellum,crm notes,2026-06-01,open deal,63.0,2.0,,,,82 reviews · Vellum per crm notes on 2026-06-01 · deal idle 63 days
5554270628,403,27,Andino Brothers Taqueria,(555) 427-0628,Lantern Hill,908 E Halloway Ave,Korean,$$$$,SME,3.6,373,Cadence,website,2026-07-13,open deal,116.0,1.0,,,https://www.andinobrotherstaqueria.example,373 reviews · Cadence per website on 2026-07-13 · deal idle 116 days
5558316871,404,27,Heron Osteria,(555) 831-6871,Marisol,5152 N Cortez St,Italian,$$$$,SME,3.5,360,Quillpay,crm field,2026-07-23,open deal,11.0,2.0,,,https://www.heronosteria.example,360 reviews · Quillpay per crm field on 2026-07-23 · a rep is working it now
